2025/06/23 14:57:18 Aviso: não foi possível ler o arquivo para injeção 'assets/js/custom.js': open assets/js/custom.js: no such file or directory
2025/06/23 14:57:18 Aviso: não foi possível ler o arquivo para injeção 'assets/css/custom.css': open assets/css/custom.css: no such file or directory
2025/06/23 14:57:18 🚀 Servidor iniciado em http://localhost:8080
2025/06/23 14:57:18    Servindo diretório: ./root/Laboratorio/brhttp/www
2025/06/23 14:57:18    Live Reload: Ativado
2025/06/23 14:57:18 Erro ao caminhar pelo diretório ./root/Laboratorio/brhttp/www: lstat ./root/Laboratorio/brhttp/www: no such file or directory
2025/06/23 14:57:28 [GET] / [::1]:41048 172.341µs
2025/06/23 14:57:52 [GET] / [::1]:41048 302.407µs
2025/06/23 14:58:08 Aviso: não foi possível ler o arquivo para injeção 'assets/js/custom.js': open assets/js/custom.js: no such file or directory
2025/06/23 14:58:08 Aviso: não foi possível ler o arquivo para injeção 'assets/css/custom.css': open assets/css/custom.css: no such file or directory
2025/06/23 14:58:08 🚀 Servidor iniciado em http://localhost:8080
2025/06/23 14:58:08    Servindo diretório: ./root/Laboratorio/brhttp/www/
2025/06/23 14:58:08    Live Reload: Ativado
2025/06/23 14:58:08 Erro ao caminhar pelo diretório ./root/Laboratorio/brhttp/www/: lstat ./root/Laboratorio/brhttp/www/: no such file or directory
2025/06/23 14:58:10 [GET] / [::1]:55964 165.161µs
2025/06/23 14:58:11 [GET] / [::1]:55964 108.216µs
2025/06/23 14:58:11 [GET] / [::1]:55964 326.652µs
2025/06/23 14:58:15 [GET] / [::1]:55964 11.216394ms
2025/06/23 14:58:16 [GET] / [::1]:55964 236.997µs
2025/06/23 14:58:32 Aviso: não foi possível ler o arquivo para injeção 'assets/js/custom.js': open assets/js/custom.js: no such file or directory
2025/06/23 14:58:32 Aviso: não foi possível ler o arquivo para injeção 'assets/css/custom.css': open assets/css/custom.css: no such file or directory
2025/06/23 14:58:32 🚀 Servidor iniciado em http://localhost:8080
2025/06/23 14:58:32    Servindo diretório: ./root/Laboratorio/brhttp/www/
2025/06/23 14:58:32    Live Reload: Ativado
2025/06/23 14:58:32 Erro ao caminhar pelo diretório ./root/Laboratorio/brhttp/www/: lstat ./root/Laboratorio/brhttp/www/: no such file or directory
2025/06/23 14:58:33 [GET] / [::1]:60154 323.258µs
2025/06/23 14:58:33 [GET] / [::1]:60154 155.781µs
2025/06/23 14:58:44 Aviso: não foi possível ler o arquivo para injeção 'assets/js/custom.js': open assets/js/custom.js: no such file or directory
2025/06/23 14:58:44 Aviso: não foi possível ler o arquivo para injeção 'assets/css/custom.css': open assets/css/custom.css: no such file or directory
2025/06/23 14:58:44 🚀 Servidor iniciado em http://localhost:8080
2025/06/23 14:58:44    Servindo diretório: ./root/Laboratorio/brhttp/www/
2025/06/23 14:58:44    Live Reload: Ativado
2025/06/23 14:58:44 Erro ao caminhar pelo diretório ./root/Laboratorio/brhttp/www/: lstat ./root/Laboratorio/brhttp/www/: no such file or directory
2025/06/23 14:58:46 [GET] / [::1]:46280 319.448µs
2025/06/23 14:58:46 [GET] / [::1]:46280 192.627µs
2025/06/23 14:58:46 [GET] / [::1]:46280 140.273µs
2025/06/23 14:58:55 Aviso: não foi possível ler o arquivo para injeção 'assets/js/custom.js': open assets/js/custom.js: no such file or directory
2025/06/23 14:58:55 Aviso: não foi possível ler o arquivo para injeção 'assets/css/custom.css': open assets/css/custom.css: no such file or directory
2025/06/23 14:58:55 🚀 Servidor iniciado em http://localhost:8080
2025/06/23 14:58:55    Servindo diretório: ./root/Laboratorio/brhttp/www/
2025/06/23 14:58:55    Live Reload: Ativado
2025/06/23 14:58:55 Erro ao caminhar pelo diretório ./root/Laboratorio/brhttp/www/: lstat ./root/Laboratorio/brhttp/www/: no such file or directory
2025/06/23 14:58:59 [GET] / [::1]:59214 256.063µs
2025/06/23 14:59:00 [GET] / [::1]:59214 221.94µs
2025/06/23 14:59:24 Aviso: não foi possível ler o arquivo para injeção 'assets/js/custom.js': open assets/js/custom.js: no such file or directory
2025/06/23 14:59:24 Aviso: não foi possível ler o arquivo para injeção 'assets/css/custom.css': open assets/css/custom.css: no such file or directory
2025/06/23 14:59:24 🚀 Servidor iniciado em http://localhost:8080
2025/06/23 14:59:24    Servindo diretório: ./root/Laboratorio/brhttp/www/
2025/06/23 14:59:24    Live Reload: Ativado
2025/06/23 14:59:24 Erro ao caminhar pelo diretório ./root/Laboratorio/brhttp/www/: lstat ./root/Laboratorio/brhttp/www/: no such file or directory
2025/06/23 14:59:27 [GET] / [::1]:39632 133.042µs
2025/06/23 14:59:29 [GET] / [::1]:39632 145.993µs
2025/06/23 14:59:36 [GET] /index.html [::1]:39632 346.329µs
2025/06/23 14:59:36 [GET] / [::1]:39632 1.021519ms
2025/06/23 15:02:16 Aviso: não foi possível ler o arquivo para injeção 'assets/js/custom.js': open assets/js/custom.js: no such file or directory
2025/06/23 15:02:16 Aviso: não foi possível ler o arquivo para injeção 'assets/css/custom.css': open assets/css/custom.css: no such file or directory
2025/06/23 15:02:16 🚀 Servidor iniciado em http://localhost:8080
2025/06/23 15:02:16    Servindo diretório: ./root/Laboratorio/brhttp/www/
2025/06/23 15:02:16    Live Reload: Ativado
2025/06/23 15:02:46 Aviso: não foi possível ler o arquivo para injeção 'assets/js/custom.js': open assets/js/custom.js: no such file or directory
2025/06/23 15:02:46 Aviso: não foi possível ler o arquivo para injeção 'assets/css/custom.css': open assets/css/custom.css: no such file or directory
2025/06/23 15:02:46 🚀 Servidor iniciado em http://localhost:8080
2025/06/23 15:02:46    Servindo diretório: www
2025/06/23 15:02:46    Live Reload: Ativado
2025/06/23 15:02:50 Aviso: não foi possível ler o arquivo para injeção 'assets/js/custom.js': open assets/js/custom.js: no such file or directory
2025/06/23 15:02:50 Aviso: não foi possível ler o arquivo para injeção 'assets/css/custom.css': open assets/css/custom.css: no such file or directory
2025/06/23 15:02:50 🚀 Servidor iniciado em http://localhost:8080
2025/06/23 15:02:50    Servindo diretório: www
2025/06/23 15:02:50    Live Reload: Ativado
2025/06/23 15:02:54 [GET] / [::1]:51646 253.201µs
2025/06/23 15:02:54 [GET] / [::1]:51646 203.056µs
2025/06/23 15:02:54 [GET] / [::1]:51646 275.118µs
2025/06/23 15:02:54 [GET] / [::1]:51646 1.12364ms
2025/06/23 15:02:54 [GET] / [::1]:51646 727.379µs
2025/06/23 15:02:54 [GET] / [::1]:51646 434.038µs
2025/06/23 15:02:54 [GET] / [::1]:51646 287.622µs
2025/06/23 15:02:54 [GET] / [::1]:51646 191.363µs
2025/06/23 15:02:54 [GET] / [::1]:51646 919.027µs
2025/06/23 15:02:54 [GET] / [::1]:51646 182.398µs
2025/06/23 15:02:55 [GET] / [::1]:51646 144.662µs
2025/06/23 15:02:55 [GET] / [::1]:51646 669.936µs
2025/06/23 15:02:55 [GET] / [::1]:51646 135.98µs
2025/06/23 15:02:55 [GET] / [::1]:51646 147.729µs
2025/06/23 15:02:55 [GET] / [::1]:51646 418.829µs
2025/06/23 15:02:55 [GET] / [::1]:51646 105.577µs
2025/06/23 15:02:55 [GET] / [::1]:51646 144.245µs
2025/06/23 15:02:55 [GET] / [::1]:51646 364.802µs
2025/06/23 15:02:55 [GET] / [::1]:51646 124.249µs
2025/06/23 15:02:55 [GET] / [::1]:51646 113.139µs
2025/06/23 15:03:00 [GET] / [::1]:51646 704.123µs
2025/06/23 15:03:00 [GET] / [::1]:51646 107.981µs
2025/06/23 15:03:00 [GET] / [::1]:51646 119.999µs
2025/06/23 15:03:00 [GET] / [::1]:51646 866.401µs
2025/06/23 15:03:00 [GET] / [::1]:51646 112.628µs
2025/06/23 15:03:00 [GET] / [::1]:51646 107.657µs
2025/06/23 15:03:00 [GET] / [::1]:51646 484.1µs
2025/06/23 15:03:00 [GET] / [::1]:51646 97.204µs
2025/06/23 15:03:00 [GET] / [::1]:51646 111.737µs
2025/06/23 15:03:00 [GET] / [::1]:51646 392.754µs
2025/06/23 15:03:04 [GET] / [::1]:51646 168.808µs
2025/06/23 15:03:04 [GET] / [::1]:51646 173.327µs
2025/06/23 15:03:04 [GET] / [::1]:51646 264.487µs
2025/06/23 15:03:04 [GET] / [::1]:51646 139.503µs
2025/06/23 15:03:04 [GET] / [::1]:51646 143.453µs
2025/06/23 15:03:04 [GET] / [::1]:51646 327.161µs
2025/06/23 15:03:04 [GET] / [::1]:51646 898.108µs
2025/06/23 15:03:04 [GET] / [::1]:51646 119.53µs
2025/06/23 15:03:04 [GET] / [::1]:51646 107.287µs
2025/06/23 15:03:04 [GET] / [::1]:51646 278.515µs
2025/06/23 15:03:04 [GET] / [::1]:51646 130.276µs
2025/06/23 15:03:04 [GET] / [::1]:51646 146.534µs
2025/06/23 15:03:04 [GET] / [::1]:51646 122.356µs
2025/06/23 15:03:04 [GET] / [::1]:51646 3.81651ms
2025/06/23 15:03:04 [GET] / [::1]:51646 120.839µs
2025/06/23 15:03:04 [GET] / [::1]:51646 107.511µs
2025/06/23 15:03:04 [GET] / [::1]:51646 369.151µs
2025/06/23 15:03:04 [GET] / [::1]:51646 135.129µs
2025/06/23 15:03:04 [GET] / [::1]:51646 112.112µs
2025/06/23 15:03:04 [GET] / [::1]:51646 262.964µs
2025/06/23 15:03:13 Aviso: não foi possível ler o arquivo para injeção 'assets/js/custom.js': open assets/js/custom.js: no such file or directory
2025/06/23 15:03:13 Aviso: não foi possível ler o arquivo para injeção 'assets/css/custom.css': open assets/css/custom.css: no such file or directory
2025/06/23 15:03:13 🚀 Servidor iniciado em http://localhost:8080
2025/06/23 15:03:13    Servindo diretório: www
2025/06/23 15:03:13    Live Reload: Ativado
2025/06/23 15:03:14 [GET] / [::1]:45060 196.563µs
2025/06/23 15:03:14 [GET] / [::1]:45060 100.402µs
2025/06/23 15:03:14 [GET] / [::1]:45060 327.227µs
2025/06/23 15:03:14 [GET] / [::1]:45060 8.99307ms
2025/06/23 15:03:14 [GET] / [::1]:45060 121.84µs
2025/06/23 15:03:14 [GET] / [::1]:45060 117.955µs
2025/06/23 15:03:14 [GET] / [::1]:45060 529.967µs
2025/06/23 15:03:14 [GET] / [::1]:45060 101.894µs
2025/06/23 15:03:14 [GET] / [::1]:45060 109.914µs
2025/06/23 15:03:14 [GET] / [::1]:45060 6.180924ms
2025/06/23 15:03:19 [GET] / [::1]:45060 133.53µs
2025/06/23 15:03:19 [GET] / [::1]:45060 130.196µs
2025/06/23 15:03:19 [GET] / [::1]:45060 294.682µs
2025/06/23 15:03:19 [GET] / [::1]:45060 122.613µs
2025/06/23 15:03:19 [GET] / [::1]:45060 107.374µs
2025/06/23 15:03:19 [GET] / [::1]:45060 140.769µs
2025/06/23 15:03:19 [GET] / [::1]:45060 844.856µs
2025/06/23 15:03:19 [GET] / [::1]:45060 128.292µs
2025/06/23 15:03:19 [GET] / [::1]:45060 121.113µs
2025/06/23 15:03:19 [GET] / [::1]:45060 250.561µs
2025/06/23 15:03:20 [GET] / [::1]:45060 119.199µs
2025/06/23 15:03:20 [GET] / [::1]:45060 110.954µs
2025/06/23 15:03:20 [GET] / [::1]:45060 120.656µs
2025/06/23 15:03:20 [GET] / [::1]:45060 3.332207ms
2025/06/23 15:03:20 [GET] / [::1]:45060 149.003µs
2025/06/23 15:03:20 [GET] / [::1]:45060 136.338µs
2025/06/23 15:03:20 [GET] / [::1]:45060 344.427µs
2025/06/23 15:03:20 [GET] / [::1]:45060 127.65µs
2025/06/23 15:03:20 [GET] / [::1]:45060 104.111µs
2025/06/23 15:03:20 [GET] / [::1]:45060 131.098µs
2025/06/23 15:03:27 Aviso: não foi possível ler o arquivo para injeção 'assets/js/custom.js': open assets/js/custom.js: no such file or directory
2025/06/23 15:03:27 Aviso: não foi possível ler o arquivo para injeção 'assets/css/custom.css': open assets/css/custom.css: no such file or directory
2025/06/23 15:03:27 🚀 Servidor iniciado em http://localhost:8080
2025/06/23 15:03:27    Servindo diretório: www
2025/06/23 15:03:27    Live Reload: Ativado
2025/06/23 15:03:28 [GET] / [::1]:41524 107.769µs
2025/06/23 15:03:28 [GET] / [::1]:41524 100.109µs
2025/06/23 15:03:29 [GET] / [::1]:41524 323.522µs
2025/06/23 15:03:29 [GET] / [::1]:41524 5.883796ms
2025/06/23 15:03:29 [GET] / [::1]:41524 118.24µs
2025/06/23 15:03:29 [GET] / [::1]:41524 216.789µs
2025/06/23 15:03:29 [GET] / [::1]:41524 366.955µs
2025/06/23 15:03:29 [GET] / [::1]:41524 123.312µs
2025/06/23 15:03:29 [GET] / [::1]:41524 105.88µs
2025/06/23 15:03:29 [GET] / [::1]:41524 140.537µs
2025/06/23 15:03:29 [GET] / [::1]:41524 714.342µs
2025/06/23 15:03:29 [GET] / [::1]:41524 129.722µs
2025/06/23 15:03:29 [GET] / [::1]:41524 115.781µs
2025/06/23 15:03:29 [GET] / [::1]:41524 326.016µs
2025/06/23 15:03:29 [GET] / [::1]:41524 126.493µs
2025/06/23 15:03:29 [GET] / [::1]:41524 97.042µs
2025/06/23 15:03:29 [GET] / [::1]:41524 132.344µs
2025/06/23 15:03:29 [GET] / [::1]:41524 1.069459ms
2025/06/23 15:03:29 [GET] / [::1]:41524 164.088µs
2025/06/23 15:03:29 [GET] / [::1]:41524 134.948µs
2025/06/23 15:03:30 [GET] / [::1]:41524 516.539µs
2025/06/23 15:03:30 [GET] / [::1]:41524 126.286µs
2025/06/23 15:03:30 [GET] / [::1]:41524 96.523µs
2025/06/23 15:03:30 [GET] / [::1]:41524 109.662µs
2025/06/23 15:03:30 [GET] / [::1]:41524 926.81µs
2025/06/23 15:03:30 [GET] / [::1]:41524 137.39µs
2025/06/23 15:03:30 [GET] / [::1]:41524 119.933µs
2025/06/23 15:03:30 [GET] / [::1]:41524 344.384µs
2025/06/23 15:03:30 [GET] / [::1]:41524 132.696µs
2025/06/23 15:03:30 [GET] / [::1]:41524 306.164µs
2025/06/23 15:03:33 Aviso: não foi possível ler o arquivo para injeção 'assets/js/custom.js': open assets/js/custom.js: no such file or directory
2025/06/23 15:03:33 Aviso: não foi possível ler o arquivo para injeção 'assets/css/custom.css': open assets/css/custom.css: no such file or directory
2025/06/23 15:03:33 🚀 Servidor iniciado em http://localhost:8080
2025/06/23 15:03:33    Servindo diretório: www
2025/06/23 15:03:33    Live Reload: Ativado
2025/06/23 15:03:35 [GET] / [::1]:48480 124.42µs
2025/06/23 15:03:35 [GET] / [::1]:48480 151.46µs
2025/06/23 15:03:35 [GET] / [::1]:48480 132.989µs
2025/06/23 15:03:35 [GET] / [::1]:48480 8.268407ms
2025/06/23 15:03:35 [GET] / [::1]:48480 1.41951ms
2025/06/23 15:03:35 [GET] / [::1]:48480 377.893µs
2025/06/23 15:03:35 [GET] / [::1]:48480 421.728µs
2025/06/23 15:03:35 [GET] / [::1]:48480 799.239µs
2025/06/23 15:03:35 [GET] / [::1]:48480 116.164µs
2025/06/23 15:03:35 [GET] / [::1]:48480 110.491µs
2025/06/23 15:03:35 [GET] / [::1]:48480 358.879µs
2025/06/23 15:03:35 [GET] / [::1]:48480 133.314µs
2025/06/23 15:03:35 [GET] / [::1]:48480 114.987µs
2025/06/23 15:03:35 [GET] / [::1]:48480 142.457µs
2025/06/23 15:03:35 [GET] / [::1]:48480 385.159µs
2025/06/23 15:03:35 [GET] / [::1]:48480 119.551µs
2025/06/23 15:03:35 [GET] / [::1]:48480 142.918µs
2025/06/23 15:03:35 [GET] / [::1]:48480 145.689µs
2025/06/23 15:03:35 [GET] / [::1]:48480 1.006909ms
2025/06/23 15:03:35 [GET] / [::1]:48480 119.641µs
2025/06/23 15:03:40 [GET] / [::1]:48480 130.73µs
2025/06/23 15:03:40 [GET] / [::1]:48480 518.545µs
2025/06/23 15:03:40 [GET] / [::1]:48480 127.925µs
2025/06/23 15:03:40 [GET] / [::1]:48480 175.123µs
2025/06/23 15:03:40 [GET] / [::1]:48480 514.94µs
2025/06/23 15:03:40 [GET] / [::1]:48480 188.302µs
2025/06/23 15:03:40 [GET] / [::1]:48480 641.231µs
2025/06/23 15:03:40 [GET] / [::1]:48480 345.243µs
2025/06/23 15:03:40 [GET] / [::1]:48480 100.878µs
2025/06/23 15:03:40 [GET] / [::1]:48480 131.094µs
2025/06/23 15:03:45 [GET] / [::1]:48480 4.214996ms
2025/06/23 15:03:45 [GET] / [::1]:48480 122.408µs
2025/06/23 15:03:45 [GET] / [::1]:48480 105.081µs
2025/06/23 15:03:45 [GET] / [::1]:48480 112.944µs
2025/06/23 15:03:45 [GET] / [::1]:48480 847.029µs
2025/06/23 15:03:45 [GET] / [::1]:48480 115.991µs
2025/06/23 15:03:45 [GET] / [::1]:48480 95.443µs
2025/06/23 15:03:45 [GET] / [::1]:48480 218.271µs
2025/06/23 15:03:45 [GET] / [::1]:48480 150.413µs
2025/06/23 15:03:45 [GET] / [::1]:48480 110.961µs
2025/06/23 15:03:46 [GET] / [::1]:48480 307.685µs
2025/06/23 15:03:46 [GET] / [::1]:48480 189.304µs
2025/06/23 15:03:46 [GET] / [::1]:48480 130.679µs
2025/06/23 15:03:46 [GET] / [::1]:48480 265.466µs
2025/06/23 15:03:46 [GET] / [::1]:48480 114.946µs
2025/06/23 15:03:46 [GET] / [::1]:48480 102.836µs
2025/06/23 15:03:46 [GET] / [::1]:48480 449.348µs
2025/06/23 15:03:46 [GET] / [::1]:48480 1.076298ms
2025/06/23 15:03:46 [GET] / [::1]:48480 141.877µs
2025/06/23 15:03:46 [GET] / [::1]:48480 120.935µs
2025/06/23 15:03:49 [GET] / [::1]:48480 1.000074ms
2025/06/23 15:03:49 [GET] / [::1]:48480 139.339µs
2025/06/23 15:03:49 [GET] / [::1]:48480 120.484µs
2025/06/23 15:03:49 [GET] / [::1]:48480 515.336µs
2025/06/23 15:03:49 [GET] / [::1]:48480 134.562µs
2025/06/23 15:03:49 [GET] / [::1]:48480 140.002µs
2025/06/23 15:03:49 [GET] / [::1]:48480 270.849µs
2025/06/23 15:03:49 [GET] / [::1]:48480 106.806µs
2025/06/23 15:03:49 [GET] / [::1]:48480 140.719µs
2025/06/23 15:03:49 [GET] / [::1]:48480 109.156µs
2025/06/23 15:03:50 [GET] / [::1]:48480 915.626µs
2025/06/23 15:03:50 [GET] / [::1]:48480 117.212µs
2025/06/23 15:03:50 [GET] / [::1]:48480 143.932µs
2025/06/23 15:03:50 [GET] / [::1]:48480 273.397µs
2025/06/23 15:03:50 [GET] / [::1]:48480 115.951µs
2025/06/23 15:03:50 [GET] / [::1]:48480 125.586µs
2025/06/23 15:03:50 [GET] / [::1]:48480 140.864µs
2025/06/23 15:03:50 [GET] / [::1]:48480 1.162417ms
2025/06/23 15:03:50 [GET] / [::1]:48480 144.015µs
2025/06/23 15:03:50 [GET] / [::1]:48480 120.069µs
2025/06/23 15:03:55 [GET] / [::1]:48480 479.923µs
2025/06/23 15:03:55 [GET] / [::1]:48480 137.721µs
2025/06/23 15:03:55 [GET] / [::1]:48480 133.174µs
2025/06/23 15:03:55 [GET] / [::1]:48480 419.787µs
2025/06/23 15:03:55 [GET] / [::1]:48480 99.88µs
2025/06/23 15:03:55 [GET] / [::1]:48480 106.408µs
2025/06/23 15:03:55 [GET] / [::1]:48480 309.797µs
2025/06/23 15:03:55 [GET] / [::1]:48480 123.345µs
2025/06/23 15:03:55 [GET] / [::1]:48480 142.785µs
2025/06/23 15:03:55 [GET] / [::1]:48480 488.112µs
2025/06/23 15:03:56 [GET] / [::1]:48480 110.86µs
2025/06/23 15:03:56 [GET] / [::1]:48480 116.776µs
2025/06/23 15:03:56 [GET] / [::1]:48480 510.269µs
2025/06/23 15:03:56 [GET] / [::1]:48480 115.696µs
2025/06/23 15:03:56 [GET] / [::1]:48480 121.857µs
2025/06/23 15:03:56 [GET] / [::1]:48480 188.715µs
2025/06/23 15:03:56 [GET] / [::1]:48480 960.552µs
2025/06/23 15:03:56 [GET] / [::1]:48480 137.664µs
2025/06/23 15:03:56 [GET] / [::1]:48480 226.898µs
2025/06/23 15:03:56 [GET] / [::1]:48480 117.732µs
2025/06/23 15:03:59 [GET] / [::1]:48480 152.612µs
2025/06/23 15:03:59 [GET] / [::1]:48480 609.264µs
2025/06/23 15:03:59 [GET] / [::1]:48480 124.611µs
2025/06/23 15:03:59 [GET] / [::1]:48480 138.194µs
2025/06/23 15:03:59 [GET] / [::1]:48480 307.717µs
2025/06/23 15:03:59 [GET] / [::1]:48480 108.516µs
2025/06/23 15:03:59 [GET] / [::1]:48480 102.388µs
2025/06/23 15:03:59 [GET] / [::1]:48480 94.316µs
2025/06/23 15:03:59 [GET] / [::1]:48480 988.341µs
2025/06/23 15:03:59 [GET] / [::1]:48480 145.422µs
2025/06/23 15:04:00 [GET] / [::1]:48480 139.516µs
2025/06/23 15:04:00 [GET] / [::1]:48480 291.487µs
2025/06/23 15:04:00 [GET] / [::1]:48480 104.935µs
2025/06/23 15:04:00 [GET] / [::1]:48480 134.389µs
2025/06/23 15:04:00 [GET] / [::1]:48480 220.279µs
2025/06/23 15:04:00 [GET] / [::1]:48480 964.69µs
2025/06/23 15:04:00 [GET] / [::1]:48480 118.221µs
2025/06/23 15:04:00 [GET] / [::1]:48480 126.08µs
2025/06/23 15:04:00 [GET] / [::1]:48480 373.223µs
2025/06/23 15:04:00 [GET] / [::1]:48480 124.103µs
2025/06/23 15:05:21 [GET] / [::1]:46040 122.344µs
2025/06/23 15:05:21 [GET] / [::1]:46040 470.589µs
2025/06/23 15:05:21 [GET] / [::1]:46040 125.268µs
2025/06/23 15:05:21 [GET] / [::1]:46040 114.073µs
2025/06/23 15:05:21 [GET] / [::1]:46040 308.406µs
2025/06/23 15:05:21 [GET] / [::1]:46040 109.101µs
2025/06/23 15:05:21 [GET] / [::1]:46040 110.561µs
2025/06/23 15:05:21 [GET] / [::1]:46040 291.603µs
2025/06/23 15:05:21 [GET] / [::1]:46040 165.137µs
2025/06/23 15:05:21 [GET] / [::1]:46040 128.347µs
2025/06/23 15:08:01 Aviso: não foi possível ler o arquivo para injeção 'assets/js/custom.js': open assets/js/custom.js: no such file or directory
2025/06/23 15:08:01 Aviso: não foi possível ler o arquivo para injeção 'assets/css/custom.css': open assets/css/custom.css: no such file or directory
2025/06/23 15:08:01 🚀 Servidor iniciado em http://localhost:8080
2025/06/23 15:08:01    Servindo diretório: www
2025/06/23 15:08:01    Live Reload: Ativado
2025/06/23 15:08:02 [GET] / [::1]:48058 140.32µs
2025/06/23 15:08:02 [GET] // [::1]:48058 417.606µs
2025/06/23 15:08:02 [GET] / [::1]:48058 98.614µs
2025/06/23 15:08:02 [GET] / [::1]:48058 597.829µs
2025/06/23 15:08:02 [GET] / [::1]:48058 114.847µs
2025/06/23 15:08:02 [GET] / [::1]:48058 143.662µs
2025/06/23 15:08:02 [GET] / [::1]:48058 332.749µs
2025/06/23 15:08:02 [GET] / [::1]:48058 137.12µs
2025/06/23 15:08:02 [GET] / [::1]:48058 110.162µs
2025/06/23 15:08:02 [GET] / [::1]:48058 328.289µs
2025/06/23 15:08:02 [GET] / [::1]:48058 124.917µs
2025/06/23 15:08:03 [GET] // [::1]:48058 331.785µs
2025/06/23 15:08:03 [GET] / [::1]:48058 438.173µs
2025/06/23 15:08:03 [GET] // [::1]:48058 124.732µs
2025/06/23 15:08:03 [GET] / [::1]:48058 124.865µs
2025/06/23 15:08:03 [GET] // [::1]:48058 133.609µs
2025/06/23 15:08:03 [GET] / [::1]:48058 3.850809ms
2025/06/23 15:08:03 [GET] // [::1]:48058 108.159µs
2025/06/23 15:08:03 [GET] / [::1]:48058 124.194µs
2025/06/23 15:08:03 [GET] // [::1]:48058 284.858µs
2025/06/23 15:08:03 [GET] / [::1]:48058 157.589µs
2025/06/23 15:08:03 [GET] // [::1]:48058 97.615µs
2025/06/23 15:08:03 [GET] / [::1]:48058 287.463µs
2025/06/23 15:08:03 [GET] // [::1]:48058 94.368µs
2025/06/23 15:08:03 [GET] / [::1]:48058 114.918µs
2025/06/23 15:08:03 [GET] // [::1]:48058 268.978µs
2025/06/23 15:08:03 [GET] / [::1]:48058 1.229664ms
2025/06/23 15:08:03 [GET] // [::1]:48058 110.748µs
2025/06/23 15:08:03 [GET] / [::1]:48058 295.967µs
2025/06/23 15:08:03 [GET] // [::1]:48058 358.403µs
2025/06/23 15:08:03 [GET] / [::1]:48058 304.185µs
2025/06/23 15:08:15 [GET] / [::1]:48058 110.187µs
2025/06/23 15:08:15 [GET] / [::1]:48058 1.239818ms
2025/06/23 15:08:15 [GET] / [::1]:48058 125.027µs
2025/06/23 15:08:15 [GET] / [::1]:48058 139.012µs
2025/06/23 15:08:15 [GET] / [::1]:48058 227.148µs
2025/06/23 15:08:15 [GET] / [::1]:48058 643.604µs
2025/06/23 15:08:15 [GET] / [::1]:48058 124.789µs
2025/06/23 15:08:15 [GET] / [::1]:48058 128.95µs
2025/06/23 15:08:15 [GET] / [::1]:48058 278.028µs
2025/06/23 15:08:15 [GET] / [::1]:48058 113.774µs
2025/06/23 15:08:16 [GET] // [::1]:48058 96.048µs
2025/06/23 15:08:16 [GET] / [::1]:48058 307.983µs
2025/06/23 15:08:16 [GET] // [::1]:48058 98.246µs
2025/06/23 15:08:16 [GET] / [::1]:48058 116.838µs
2025/06/23 15:08:16 [GET] // [::1]:48058 242.896µs
2025/06/23 15:08:16 [GET] / [::1]:48058 175.509µs
2025/06/23 15:08:16 [GET] // [::1]:48058 126.522µs
2025/06/23 15:08:16 [GET] / [::1]:48058 310.208µs
2025/06/23 15:08:16 [GET] // [::1]:48058 188.035µs
2025/06/23 15:08:16 [GET] / [::1]:48058 126.241µs
2025/06/23 15:08:16 [GET] // [::1]:48058 431.864µs
2025/06/23 15:08:16 [GET] / [::1]:48058 147.386µs
2025/06/23 15:08:16 [GET] // [::1]:48058 91.896µs
2025/06/23 15:08:16 [GET] / [::1]:48058 110.509µs
2025/06/23 15:08:16 [GET] // [::1]:48058 500.093µs
2025/06/23 15:08:16 [GET] / [::1]:48058 105.62µs
2025/06/23 15:08:16 [GET] // [::1]:48058 103.021µs
2025/06/23 15:08:16 [GET] / [::1]:48058 136.821µs
2025/06/23 15:08:16 [GET] // [::1]:48058 87.242µs
2025/06/23 15:08:16 [GET] / [::1]:48058 103.41µs
2025/06/23 15:08:21 [GET] / [::1]:48058 128.432µs
2025/06/23 15:08:21 [GET] // [::1]:48058 920.922µs
2025/06/23 15:08:21 [GET] / [::1]:48058 123.209µs
2025/06/23 15:08:21 [GET] // [::1]:48058 99.697µs
2025/06/23 15:08:21 [GET] / [::1]:48058 345.909µs
2025/06/23 15:08:21 [GET] // [::1]:48058 98.191µs
2025/06/23 15:08:21 [GET] / [::1]:48058 110.089µs
2025/06/23 15:08:21 [GET] // [::1]:48058 100.372µs
2025/06/23 15:08:21 [GET] / [::1]:48058 768.145µs
2025/06/23 15:08:21 [GET] // [::1]:48058 94.907µs
2025/06/23 15:08:21 [GET] / [::1]:48058 162.775µs
2025/06/23 15:08:21 [GET] // [::1]:48058 231.012µs
2025/06/23 15:08:21 [GET] / [::1]:48058 239.764µs
2025/06/23 15:08:21 [GET] // [::1]:48058 232.806µs
2025/06/23 15:08:21 [GET] / [::1]:48058 110.508µs
2025/06/23 15:08:21 [GET] // [::1]:48058 116.934µs
2025/06/23 15:08:21 [GET] / [::1]:48058 466.195µs
2025/06/23 15:08:21 [GET] // [::1]:48058 99.505µs
2025/06/23 15:08:21 [GET] / [::1]:48058 117.87µs
2025/06/23 15:08:21 [GET] // [::1]:48058 247.194µs
2025/06/23 15:08:37 [GET] / [::1]:42786 190.7µs
2025/06/23 15:08:37 [GET] // [::1]:42786 188.073µs
2025/06/23 15:08:37 [GET] / [::1]:42786 566.934µs
2025/06/23 15:08:37 [GET] / [::1]:42786 170.338µs
2025/06/23 15:08:37 [GET] / [::1]:42786 421.925µs
2025/06/23 15:08:37 [GET] / [::1]:42786 190.746µs
2025/06/23 15:08:37 [GET] / [::1]:42786 229.501µs
2025/06/23 15:08:37 [GET] / [::1]:42786 722.207µs
2025/06/23 15:08:37 [GET] / [::1]:42786 151.692µs
2025/06/23 15:08:37 [GET] / [::1]:42786 129.446µs
2025/06/23 15:08:37 [GET] / [::1]:42786 672.144µs
2025/06/23 15:08:38 [GET] / [::1]:42786 113.348µs
2025/06/23 15:08:38 [GET] / [::1]:42786 112.885µs
2025/06/23 15:08:38 [GET] / [::1]:42786 485.942µs
2025/06/23 15:08:38 [GET] / [::1]:42786 125.592µs
2025/06/23 15:08:38 [GET] / [::1]:42786 119.599µs
2025/06/23 15:08:38 [GET] / [::1]:42786 241.555µs
2025/06/23 15:08:38 [GET] / [::1]:42786 102.507µs
2025/06/23 15:08:38 [GET] / [::1]:42786 120.795µs
2025/06/23 15:08:38 [GET] / [::1]:42786 608.409µs
2025/06/23 15:08:38 [GET] / [::1]:42786 118.247µs
2025/06/23 15:08:39 [GET] // [::1]:42786 99.392µs
2025/06/23 15:08:39 [GET] / [::1]:42786 293.414µs
2025/06/23 15:08:39 [GET] // [::1]:42786 116.738µs
2025/06/23 15:08:39 [GET] / [::1]:42786 121.804µs
2025/06/23 15:08:39 [GET] // [::1]:42786 307.27µs
2025/06/23 15:08:39 [GET] / [::1]:42786 129.25µs
2025/06/23 15:08:39 [GET] // [::1]:42786 95.097µs
2025/06/23 15:08:39 [GET] / [::1]:42786 2.128194ms
2025/06/23 15:08:39 [GET] // [::1]:42786 1.121854ms
2025/06/23 15:08:39 [GET] / [::1]:42786 120.234µs
2025/06/23 15:08:39 [GET] // [::1]:42786 464.729µs
2025/06/23 15:08:39 [GET] / [::1]:42786 130.826µs
2025/06/23 15:08:39 [GET] // [::1]:42786 97.013µs
2025/06/23 15:08:39 [GET] / [::1]:42786 223.715µs
2025/06/23 15:08:39 [GET] // [::1]:42786 89.264µs
2025/06/23 15:08:39 [GET] / [::1]:42786 104.419µs
2025/06/23 15:08:39 [GET] // [::1]:42786 446.235µs
2025/06/23 15:08:39 [GET] / [::1]:42786 121.317µs
2025/06/23 15:08:39 [GET] // [::1]:42786 115.784µs
2025/06/23 15:08:39 [GET] / [::1]:42786 239.39µs
2025/06/23 15:09:03 [GET] / [::1]:43580 138.797µs
2025/06/23 15:09:03 [GET] // [::1]:43580 111.036µs
2025/06/23 15:09:03 [GET] / [::1]:43580 4.439934ms
2025/06/23 15:09:03 [GET] / [::1]:43580 177.034µs
2025/06/23 15:09:03 [GET] / [::1]:43580 125.942µs
2025/06/23 15:09:03 [GET] / [::1]:43580 511.221µs
2025/06/23 15:09:03 [GET] / [::1]:43580 145.697µs
2025/06/23 15:09:03 [GET] / [::1]:43580 142.96µs
2025/06/23 15:09:03 [GET] / [::1]:43580 273.789µs
2025/06/23 15:09:03 [GET] / [::1]:43580 106.813µs
2025/06/23 15:09:03 [GET] / [::1]:43580 126.532µs
2025/06/23 15:09:04 [GET] // [::1]:43580 270.332µs
2025/06/23 15:09:04 [GET] / [::1]:43580 120.837µs
2025/06/23 15:09:04 [GET] // [::1]:43580 220.998µs
2025/06/23 15:09:04 [GET] / [::1]:43580 142.94µs
2025/06/23 15:09:04 [GET] // [::1]:43580 713.825µs
2025/06/23 15:09:04 [GET] / [::1]:43580 129.808µs
2025/06/23 15:09:04 [GET] // [::1]:43580 130.11µs
2025/06/23 15:09:04 [GET] / [::1]:43580 377.811µs
2025/06/23 15:09:04 [GET] // [::1]:43580 102.688µs
2025/06/23 15:09:04 [GET] / [::1]:43580 123.969µs
2025/06/23 15:09:04 [GET] // [::1]:43580 333.332µs
2025/06/23 15:09:04 [GET] / [::1]:43580 127.674µs
2025/06/23 15:09:04 [GET] // [::1]:43580 107.788µs
2025/06/23 15:09:04 [GET] / [::1]:43580 420.145µs
2025/06/23 15:09:04 [GET] // [::1]:43580 131.099µs
2025/06/23 15:09:04 [GET] / [::1]:43580 123.596µs
2025/06/23 15:09:04 [GET] // [::1]:43580 429.687µs
2025/06/23 15:09:04 [GET] / [::1]:43580 106.441µs
2025/06/23 15:09:04 [GET] // [::1]:43580 94.694µs
2025/06/23 15:09:04 [GET] / [::1]:43580 1.331892ms
2025/06/23 15:09:08 Aviso: não foi possível ler o arquivo para injeção 'assets/js/custom.js': open assets/js/custom.js: no such file or directory
2025/06/23 15:09:08 Aviso: não foi possível ler o arquivo para injeção 'assets/css/custom.css': open assets/css/custom.css: no such file or directory
2025/06/23 15:09:08 🚀 Servidor iniciado em http://localhost:8080
2025/06/23 15:09:08    Servindo diretório: root/Laboratorio/brhttp/root/Laboratorio/brhttp/www
2025/06/23 15:09:08    Live Reload: Ativado
2025/06/23 15:09:21 Aviso: não foi possível ler o arquivo para injeção 'assets/js/custom.js': open assets/js/custom.js: no such file or directory
2025/06/23 15:09:21 Aviso: não foi possível ler o arquivo para injeção 'assets/css/custom.css': open assets/css/custom.css: no such file or directory
2025/06/23 15:09:21 🚀 Servidor iniciado em http://localhost:8080
2025/06/23 15:09:21    Servindo diretório: /root/Laboratorio/brhttp/root/Laboratorio/brhttp/www
2025/06/23 15:09:21    Live Reload: Ativado
2025/06/23 15:09:37 Aviso: não foi possível ler o arquivo para injeção 'assets/js/custom.js': open assets/js/custom.js: no such file or directory
2025/06/23 15:09:37 Aviso: não foi possível ler o arquivo para injeção 'assets/css/custom.css': open assets/css/custom.css: no such file or directory
2025/06/23 15:09:37 🚀 Servidor iniciado em http://localhost:8080
2025/06/23 15:09:37    Servindo diretório: www
2025/06/23 15:09:37    Live Reload: Ativado
2025/06/23 15:09:40 [GET] / [::1]:40010 141.322µs
2025/06/23 15:09:40 [GET] / [::1]:40010 112.227µs
2025/06/23 15:09:40 [GET] / [::1]:40010 330.837µs
2025/06/23 15:09:40 [GET] / [::1]:40010 496.984µs
2025/06/23 15:09:40 [GET] / [::1]:40010 135.916µs
2025/06/23 15:09:40 [GET] / [::1]:40010 151.032µs
2025/06/23 15:09:40 [GET] / [::1]:40010 315.695µs
2025/06/23 15:09:40 [GET] / [::1]:40010 118.266µs
2025/06/23 15:09:40 [GET] / [::1]:40010 112.929µs
2025/06/23 15:09:40 [GET] / [::1]:40010 451.419µs
2025/06/23 15:09:41 [GET] // [::1]:40010 124.668µs
2025/06/23 15:09:41 [GET] / [::1]:40010 133.77µs
2025/06/23 15:09:41 [GET] // [::1]:40010 810.825µs
2025/06/23 15:09:41 [GET] / [::1]:40010 125.441µs
2025/06/23 15:09:41 [GET] // [::1]:40010 143.432µs
2025/06/23 15:09:41 [GET] / [::1]:40010 1.064188ms
2025/06/23 15:09:41 [GET] // [::1]:40010 176.017µs
2025/06/23 15:09:41 [GET] / [::1]:40010 152.573µs
2025/06/23 15:09:41 [GET] // [::1]:40010 715.684µs
2025/06/23 15:09:41 [GET] / [::1]:40010 111.325µs
2025/06/23 15:09:41 [GET] // [::1]:40010 83.869µs
2025/06/23 15:09:41 [GET] / [::1]:40010 267.862µs
2025/06/23 15:09:41 [GET] // [::1]:40010 81.736µs
2025/06/23 15:09:41 [GET] / [::1]:40010 96.641µs
2025/06/23 15:09:41 [GET] // [::1]:40010 423.738µs
2025/06/23 15:09:41 [GET] / [::1]:40010 139.474µs
2025/06/23 15:09:41 [GET] // [::1]:40010 116.554µs
2025/06/23 15:09:41 [GET] / [::1]:40010 259.61µs
2025/06/23 15:09:41 [GET] // [::1]:40010 81.738µs
2025/06/23 15:09:41 [GET] / [::1]:40010 129.413µs
2025/06/23 15:09:44 [GET] / [::1]:40010 353.505µs
2025/06/23 15:09:44 [GET] / [::1]:40010 153.544µs
2025/06/23 15:09:44 [GET] / [::1]:40010 127.204µs
2025/06/23 15:09:44 [GET] / [::1]:40010 224.428µs
2025/06/23 15:09:44 [GET] / [::1]:40010 146.684µs
2025/06/23 15:09:44 [GET] / [::1]:40010 232.137µs
2025/06/23 15:09:44 [GET] / [::1]:40010 252.138µs
2025/06/23 15:09:44 [GET] / [::1]:40010 110.329µs
2025/06/23 15:09:44 [GET] / [::1]:40010 109.657µs
2025/06/23 15:09:44 [GET] / [::1]:40010 300.594µs
2025/06/23 15:09:45 [GET] // [::1]:40010 159.805µs
2025/06/23 15:09:45 [GET] / [::1]:40010 158.886µs
2025/06/23 15:09:45 [GET] // [::1]:40010 276.749µs
2025/06/23 15:09:45 [GET] / [::1]:40010 125.12µs
2025/06/23 15:09:45 [GET] // [::1]:40010 92.238µs
2025/06/23 15:09:45 [GET] / [::1]:40010 267.352µs
2025/06/23 15:09:45 [GET] // [::1]:40010 112.643µs
2025/06/23 15:09:45 [GET] / [::1]:40010 155.563µs
2025/06/23 15:09:45 [GET] // [::1]:40010 260.903µs
2025/06/23 15:09:45 [GET] / [::1]:40010 162.652µs
2025/06/23 15:09:45 [GET] // [::1]:40010 91.48µs
2025/06/23 15:09:45 [GET] / [::1]:40010 181.129µs
2025/06/23 15:09:45 [GET] // [::1]:40010 84.805µs
2025/06/23 15:09:45 [GET] / [::1]:40010 102.636µs
2025/06/23 15:09:45 [GET] // [::1]:40010 286.809µs
2025/06/23 15:09:45 [GET] / [::1]:40010 118.536µs
2025/06/23 15:09:45 [GET] // [::1]:40010 80.51µs
2025/06/23 15:09:45 [GET] / [::1]:40010 235.294µs
2025/06/23 15:09:45 [GET] // [::1]:40010 81.642µs
2025/06/23 15:09:45 [GET] / [::1]:40010 119.586µs
2025/06/23 15:09:50 [GET] / [::1]:40010 3.328408ms
2025/06/23 15:09:50 [GET] // [::1]:40010 109.436µs
2025/06/23 15:09:50 [GET] / [::1]:40010 230.485µs
2025/06/23 15:09:50 [GET] // [::1]:40010 108.004µs
2025/06/23 15:09:50 [GET] / [::1]:40010 167.694µs
2025/06/23 15:09:50 [GET] // [::1]:40010 525.056µs
2025/06/23 15:09:50 [GET] / [::1]:40010 123.115µs
2025/06/23 15:09:50 [GET] // [::1]:40010 131.158µs
2025/06/23 15:09:50 [GET] / [::1]:40010 365.405µs
2025/06/23 15:09:50 [GET] // [::1]:40010 106.278µs
2025/06/23 15:09:50 [GET] / [::1]:40010 151.228µs
2025/06/23 15:09:50 [GET] // [::1]:40010 279.291µs
2025/06/23 15:09:50 [GET] / [::1]:40010 106.322µs
2025/06/23 15:09:50 [GET] // [::1]:40010 85.701µs
2025/06/23 15:09:50 [GET] / [::1]:40010 297.866µs
2025/06/23 15:09:50 [GET] // [::1]:40010 98.357µs
2025/06/23 15:09:50 [GET] / [::1]:40010 113.661µs
2025/06/23 15:09:50 [GET] // [::1]:40010 196.991µs
2025/06/23 15:09:50 [GET] / [::1]:40010 101.049µs
2025/06/23 15:09:50 [GET] // [::1]:40010 80.382µs
2025/06/23 15:09:56 [GET] / [::1]:35030 305.636µs
2025/06/23 15:09:56 [GET] // [::1]:35030 99.318µs
2025/06/23 15:09:56 [GET] / [::1]:35030 124.878µs
2025/06/23 15:09:56 [GET] / [::1]:35030 330.308µs
2025/06/23 15:09:56 [GET] / [::1]:35030 123.39µs
2025/06/23 15:09:56 [GET] / [::1]:35030 128.094µs
2025/06/23 15:09:56 [GET] / [::1]:35030 281.265µs
2025/06/23 15:09:56 [GET] / [::1]:35030 121.594µs
2025/06/23 15:09:56 [GET] / [::1]:35030 129.562µs
2025/06/23 15:09:56 [GET] / [::1]:35030 267.507µs
2025/06/23 15:09:56 [GET] / [::1]:35030 108.994µs
2025/06/23 15:09:57 [GET] // [::1]:35030 103.418µs
2025/06/23 15:09:57 [GET] / [::1]:35030 1.177553ms
2025/06/23 15:09:57 [GET] // [::1]:35030 499.84µs
2025/06/23 15:09:57 [GET] / [::1]:35030 146.014µs
2025/06/23 15:09:57 [GET] // [::1]:35030 920.832µs
2025/06/23 15:09:57 [GET] / [::1]:35030 109.085µs
2025/06/23 15:09:57 [GET] // [::1]:35030 101.539µs
2025/06/23 15:09:57 [GET] / [::1]:35030 323.244µs
2025/06/23 15:09:57 [GET] // [::1]:35030 155.625µs
2025/06/23 15:09:57 [GET] / [::1]:35030 132.769µs
2025/06/23 15:09:57 [GET] // [::1]:35030 284.205µs
2025/06/23 15:09:57 [GET] / [::1]:35030 108.43µs
2025/06/23 15:09:57 [GET] // [::1]:35030 86.457µs
2025/06/23 15:09:57 [GET] / [::1]:35030 191.718µs
2025/06/23 15:09:57 [GET] // [::1]:35030 78.585µs
2025/06/23 15:09:57 [GET] / [::1]:35030 97.877µs
2025/06/23 15:09:57 [GET] // [::1]:35030 237.252µs
2025/06/23 15:09:57 [GET] / [::1]:35030 122.386µs
2025/06/23 15:09:57 [GET] // [::1]:35030 114.103µs
2025/06/23 15:09:57 [GET] / [::1]:35030 381.596µs
2025/06/23 16:51:55 🚀 Servidor iniciado em http://localhost:5571
2025/06/23 16:51:55    Servindo diretório: www
2025/06/23 16:51:55    Live Reload: Ativado
2025/06/23 16:51:55    Logs sendo gravados em: server.log
2025/06/23 16:52:08 Mudança detectada em www/index.html, enviando reload
2025/06/23 16:52:10 [GET] /js/script.js 192.168.10.12:57830 3.52791ms
2025/06/23 16:52:10 [GET] /css/style.css 192.168.10.12:57828 3.586784ms
2025/06/23 16:52:13 [GET] / [::1]:46116 167.458µs
2025/06/23 16:52:13 [GET] /css/style.css [::1]:46116 123.217µs
2025/06/23 16:52:13 [GET] /img/logo.png [::1]:46120 42.173µs
2025/06/23 16:52:13 [GET] /img/premium-card.png [::1]:46136 30.125µs
2025/06/23 16:52:13 [GET] /js/script.js [::1]:46136 68.735µs
2025/06/23 16:52:13 [GET] /img/premium-account.png [::1]:46116 19.382µs
2025/06/23 16:52:13 [GET] /img/app-screen.png [::1]:46120 19.215µs
2025/06/23 16:52:13 [GET] /img/favicon.png [::1]:46120 32.416µs
2025/06/23 16:52:20 http: error reading directory: file does not exist
2025/06/23 16:52:20 [GET] / [::1]:46120 213.629µs
2025/06/23 16:52:20 [GET] /favicon.ico [::1]:46120 36.507µs
2025/06/23 16:52:26 Mudança detectada em www/index.html, enviando reload
2025/06/23 16:52:47 [GET] / [::1]:59506 153.256µs
2025/06/23 16:52:47 [GET] /css/style.css [::1]:59506 98.87µs
2025/06/23 16:52:47 [GET] /img/logo.png [::1]:59514 43.283µs
2025/06/23 16:52:47 [GET] /img/premium-card.png [::1]:59528 51.23µs
2025/06/23 16:52:47 [GET] /img/premium-account.png [::1]:59514 22.986µs
2025/06/23 16:52:47 [GET] /img/app-screen.png [::1]:59506 13.6µs
2025/06/23 16:52:47 [GET] /js/script.js [::1]:59528 81.238µs
2025/06/23 16:52:51 Mudança detectada em www/css/style.css, enviando css-update
2025/06/23 16:52:51 [GET] / [::1]:59528 1.140951ms
2025/06/23 16:52:51 [GET] /css/style.css [::1]:59528 110.226µs
2025/06/23 16:52:51 [GET] /img/logo.png [::1]:59528 51.557µs
2025/06/23 16:52:51 [GET] /img/premium-card.png [::1]:59506 26.433µs
2025/06/23 16:52:51 [GET] /img/premium-account.png [::1]:59514 37.283µs
2025/06/23 16:52:51 [GET] /img/app-screen.png [::1]:59554 76.435µs
2025/06/23 16:52:51 [GET] /js/script.js [::1]:59556 132.617µs
2025/06/23 16:52:53 Mudança detectada em www/css/style.css, enviando css-update
2025/06/23 16:52:53 [GET] / [::1]:59556 847.893µs
2025/06/23 16:52:53 [GET] /img/app-screen.png [::1]:59506 32.089µs
2025/06/23 16:52:53 [GET] /js/script.js [::1]:59560 70.236µs
2025/06/23 16:52:53 [GET] /css/style.css [::1]:59556 71.945µs
2025/06/23 16:52:53 [GET] /img/premium-account.png [::1]:59528 15.587µs
2025/06/23 16:52:53 [GET] /img/premium-card.png [::1]:59514 12.788µs
2025/06/23 16:52:53 [GET] /img/logo.png [::1]:59554 12.748µs
2025/06/23 16:55:07 [GET] /js/script.js 192.168.10.12:57830 109.431µs
2025/06/23 16:55:07 [GET] /css/style.css 192.168.10.12:57828 102.771µs
2025/06/23 17:00:40 [GET] / [::1]:54368 171.663µs
2025/06/23 17:00:40 [GET] /css/style.css [::1]:54368 104.225µs
2025/06/23 17:00:40 [GET] /img/premium-card.png [::1]:54390 33.119µs
2025/06/23 17:00:40 [GET] /img/logo.png [::1]:54374 26.88µs
2025/06/23 17:00:40 [GET] /img/premium-account.png [::1]:54392 36.629µs
2025/06/23 17:00:40 [GET] /img/app-screen.png [::1]:54398 74.842µs
2025/06/23 17:00:40 [GET] /js/script.js [::1]:54408 112.888µs
2025/06/23 17:00:40 [GET] / [::1]:54368 409.65µs
2025/06/23 17:00:40 [GET] /css/style.css [::1]:54368 236.273µs
2025/06/23 17:00:40 [GET] /img/logo.png [::1]:54408 36.411µs
2025/06/23 17:00:40 [GET] /img/premium-card.png [::1]:54392 56.797µs
2025/06/23 17:00:40 [GET] /img/premium-account.png [::1]:54398 36.318µs
2025/06/23 17:00:40 [GET] /img/app-screen.png [::1]:54374 28.28µs
2025/06/23 17:00:40 [GET] /js/script.js [::1]:54390 118.54µs
2025/06/23 17:00:52 Mudança detectada em www/css/style.css, enviando css-update
2025/06/23 17:00:52 [GET] / [::1]:54390 273.243µs
2025/06/23 17:00:52 [GET] /css/style.css [::1]:54390 57.597µs
2025/06/23 17:00:52 [GET] /img/logo.png [::1]:54374 32.442µs
2025/06/23 17:00:52 [GET] /img/premium-card.png [::1]:54368 48.637µs
2025/06/23 17:00:52 [GET] /img/premium-account.png [::1]:54398 38.349µs
2025/06/23 17:00:52 [GET] /img/app-screen.png [::1]:54392 41.261µs
2025/06/23 17:00:52 [GET] /js/script.js [::1]:54408 86.99µs
2025/06/23 17:00:54 Mudança detectada em www/css/style.css, enviando css-update
2025/06/23 17:00:54 [GET] / [::1]:54408 317.31µs
2025/06/23 17:00:54 [GET] /css/style.css [::1]:54408 703.93µs
2025/06/23 17:00:54 [GET] /img/logo.png [::1]:54392 36.374µs
2025/06/23 17:00:54 [GET] /img/premium-card.png [::1]:54398 29.78µs
2025/06/23 17:00:54 [GET] /img/premium-account.png [::1]:54368 44.317µs
2025/06/23 17:00:54 [GET] /img/app-screen.png [::1]:54374 29.86µs
2025/06/23 17:00:54 [GET] /js/script.js [::1]:54390 89.042µs
2025/06/23 17:01:18 Mudança detectada em www/css/style.css, enviando css-update
2025/06/23 17:01:18 [GET] / [::1]:54390 231.149µs
2025/06/23 17:01:18 [GET] /img/premium-card.png [::1]:54368 26.671µs
2025/06/23 17:01:18 [GET] /css/style.css [::1]:54390 41.783µs
2025/06/23 17:01:18 [GET] /img/logo.png [::1]:54374 31.426µs
2025/06/23 17:01:18 [GET] /js/script.js [::1]:54368 129.745µs
2025/06/23 17:01:18 [GET] /img/premium-account.png [::1]:54368 34.049µs
2025/06/23 17:01:18 [GET] /img/app-screen.png [::1]:54368 40.556µs
2025/06/23 17:01:18 Mudança detectada em www/css/style.css, enviando css-update
2025/06/23 17:01:18 [GET] / [::1]:54368 337.069µs
2025/06/23 17:01:19 [GET] /css/style.css [::1]:54368 144.899µs
2025/06/23 17:01:19 [GET] /img/premium-card.png [::1]:54390 27.994µs
2025/06/23 17:01:19 [GET] /img/logo.png [::1]:54374 22.072µs
2025/06/23 17:01:19 [GET] /js/script.js [::1]:54390 70.85µs
2025/06/23 17:01:19 [GET] /img/premium-account.png [::1]:54398 20.6µs
2025/06/23 17:01:19 [GET] /img/app-screen.png [::1]:54374 22.086µs
2025/06/23 18:13:21 [GET] / [::1]:47750 362.525µs
2025/06/23 18:13:21 [GET] /css/style.css [::1]:47750 149.254µs
2025/06/23 18:13:21 [GET] /img/premium-card.png [::1]:47768 36.158µs
2025/06/23 18:13:21 [GET] /img/logo.png [::1]:47762 27.017µs
2025/06/23 18:13:21 [GET] /img/premium-account.png [::1]:47762 34.475µs
2025/06/23 18:13:21 [GET] /img/app-screen.png [::1]:47768 39.448µs
2025/06/23 18:13:21 [GET] /js/script.js [::1]:47750 95.556µs
2025/06/23 20:20:10 [GET] / 192.168.10.12:36214 188.506µs
2025/06/23 20:20:10 [GET] /css/style.css 192.168.10.12:36214 147.44µs
2025/06/23 20:20:10 [GET] /img/logo.png 192.168.10.12:36228 19.277µs
2025/06/23 20:20:10 [GET] /img/premium-card.png 192.168.10.12:36242 13.136µs
2025/06/23 20:20:10 [GET] /js/script.js 192.168.10.12:36242 70.006µs
2025/06/23 20:20:10 [GET] /img/premium-account.png 192.168.10.12:36228 31.55µs
2025/06/23 20:20:10 [GET] /img/app-screen.png 192.168.10.12:36214 77.786µs
2025/06/23 20:20:12 [GET] /img/favicon.png 192.168.10.12:36214 28.002µs
2025/06/23 20:36:51 [GET] /css/style.css 192.168.10.12:57640 133.189µs
2025/06/23 20:36:51 [GET] /js/script.js 192.168.10.12:57642 63.303µs
2025/06/24 03:02:14 🚀 Servidor iniciado em http://localhost:5571
2025/06/24 03:02:14    Servindo diretório: www
2025/06/24 03:02:14    Live Reload: Ativado
2025/06/24 03:02:14    Logs sendo gravados em: server.log
2025/06/24 03:03:09 🚀 Servidor iniciado em http://localhost:5571
2025/06/24 03:03:09    Servindo diretório: www
2025/06/24 03:03:09    Live Reload: Ativado
2025/06/24 03:03:09    Logs sendo gravados em: server.log
2025/06/24 03:03:13 [GET] / 192.168.10.12:50828 11.089764ms
2025/06/24 03:03:13 [GET] /img/premium-card.png 192.168.10.12:50846 83.19µs
2025/06/24 03:03:13 [GET] /img/logo.png 192.168.10.12:50842 26.715µs
2025/06/24 03:03:13 [GET] /css/style.css 192.168.10.12:50828 768.761µs
2025/06/24 03:03:13 [GET] /img/premium-account.png 192.168.10.12:50846 29.809µs
2025/06/24 03:03:13 [GET] /img/app-screen.png 192.168.10.12:50842 14.249µs
2025/06/24 03:03:13 [GET] /js/script.js 192.168.10.12:50828 411.1µs
2025/06/24 03:03:14 [GET] /img/favicon.png 192.168.10.12:50828 28.791µs
2025/06/24 03:03:25 [GET] / 192.168.10.12:50828 362.163µs
2025/06/24 03:03:25 [GET] /css/style.css 192.168.10.12:50828 271.629µs
2025/06/24 03:03:25 [GET] /img/logo.png 192.168.10.12:50842 47.262µs
2025/06/24 03:03:25 [GET] /img/premium-card.png 192.168.10.12:50846 34.806µs
2025/06/24 03:03:25 [GET] /img/premium-account.png 192.168.10.12:37578 83.847µs
2025/06/24 03:03:25 [GET] /img/app-screen.png 192.168.10.12:37590 90.911µs
2025/06/24 03:03:25 [GET] /js/script.js 192.168.10.12:37602 132.822µs
2025/06/24 03:03:29 [GET] / 192.168.10.12:37634 389.897µs
2025/06/24 03:03:29 [GET] /css/style.css 192.168.10.12:37634 126.575µs
2025/06/24 03:03:29 [GET] /img/premium-card.png 192.168.10.12:37662 52.249µs
2025/06/24 03:03:29 [GET] /img/logo.png 192.168.10.12:37650 26.913µs
2025/06/24 03:03:29 [GET] /img/premium-account.png 192.168.10.12:37650 34.87µs
2025/06/24 03:03:29 [GET] /img/app-screen.png 192.168.10.12:37662 33.582µs
2025/06/24 03:03:29 [GET] /js/script.js 192.168.10.12:37634 85.954µs
2025/06/24 03:22:00 Mudança detectada em www/v1], enviando reload
2025/06/24 03:22:01 Mudança detectada em www/style.css, enviando css-update
2025/06/24 03:22:04 [GET] / 192.168.10.12:46716 154.826µs
2025/06/24 03:22:04 [GET] /style.css 192.168.10.12:46716 152.165µs
2025/06/24 03:22:04 [GET] /script.js 192.168.10.12:46716 159.563µs
2025/06/24 03:22:05 [GET] /favicon.ico 192.168.10.12:46716 32.814µs
2025/06/24 03:22:27 Mudança detectada em www/index.html, enviando reload
2025/06/24 03:22:27 [GET] / 192.168.10.12:46716 131.439µs
2025/06/24 03:22:27 [GET] /style.css 192.168.10.12:46716 114.486µs
2025/06/24 03:22:27 [GET] /script.js 192.168.10.12:38340 138.058µs
2025/06/24 03:22:39 [GET] /s 192.168.10.12:38340 37.27µs
2025/06/24 03:22:57 [GET] /s 192.168.10.12:38340 63.415µs
2025/06/24 03:25:49 Mudança detectada em www/index.html, enviando reload
2025/06/24 03:25:49 [GET] / 192.168.10.12:38340 166.507µs
2025/06/24 03:25:49 [GET] /style.css 192.168.10.12:38340 100.604µs
2025/06/24 03:25:49 [GET] /script.js 192.168.10.12:46716 61.413µs
2025/06/24 03:26:05 [GET] /s 192.168.10.12:46716 29.1µs
2025/06/24 03:28:34 Mudança detectada em www/style.css, enviando css-update
2025/06/24 03:28:34 [GET] / 192.168.10.12:46716 159.942µs
2025/06/24 03:28:34 [GET] /script.js 192.168.10.12:38340 140.594µs
2025/06/24 03:28:34 [GET] /style.css 192.168.10.12:46716 80.885µs
2025/06/24 03:28:52 Mudança detectada em www/style.css, enviando css-update
2025/06/24 03:28:52 [GET] / 192.168.10.12:46716 186.847µs
2025/06/24 03:28:52 [GET] /style.css 192.168.10.12:46716 144.727µs
2025/06/24 03:28:52 [GET] /script.js 192.168.10.12:38340 165.367µs
2025/06/24 03:29:00 Mudança detectada em www/script.js, enviando js-update
2025/06/24 03:29:00 [GET] / 192.168.10.12:38340 148.948µs
2025/06/24 03:29:00 [GET] /style.css 192.168.10.12:38340 117.361µs
2025/06/24 03:29:00 [GET] /script.js 192.168.10.12:46716 103.808µs
2025/06/24 03:29:05 [GET] / 192.168.10.12:46716 142.278µs
2025/06/24 03:29:05 [GET] /style.css 192.168.10.12:46716 150.46µs
2025/06/24 03:29:05 [GET] /script.js 192.168.10.12:38340 125.418µs
2025/06/24 03:29:07 [GET] /s 192.168.10.12:38340 26.423µs
2025/06/24 03:29:09 [GET] /s 192.168.10.12:38340 35.151µs
2025/06/24 03:29:09 [GET] /s 192.168.10.12:38340 26.111µs
2025/06/24 03:29:10 [GET] /s 192.168.10.12:38340 27.156µs
2025/06/24 03:29:11 [GET] /s 192.168.10.12:38340 31.549µs
2025/06/24 03:29:12 [GET] /s 192.168.10.12:38340 24.453µs
2025/06/24 03:29:13 [GET] /s 192.168.10.12:38340 26.792µs
2025/06/24 03:29:15 [GET] /s 192.168.10.12:38340 34.005µs
2025/06/24 03:29:15 [GET] /s 192.168.10.12:38340 31.88µs
2025/06/24 03:29:16 [GET] /s 192.168.10.12:38340 25.302µs
2025/06/24 03:29:18 [GET] /s 192.168.10.12:38340 45.806µs
2025/06/24 03:29:19 [GET] /s 192.168.10.12:38340 45.522µs
2025/06/24 03:29:19 [GET] /s 192.168.10.12:38340 47.07µs
2025/06/24 03:29:44 [GET] / 192.168.10.12:38340 160.473µs
2025/06/24 03:29:44 [GET] /style.css 192.168.10.12:38340 130.302µs
2025/06/24 03:29:44 [GET] /script.js 192.168.10.12:38340 110.079µs
2025/06/24 03:31:07 [GET] / 192.168.10.12:38340 283.141µs
2025/06/24 03:31:07 [GET] /style.css 192.168.10.12:38340 119.329µs
2025/06/24 03:31:07 [GET] /script.js 192.168.10.12:46716 109.565µs
2025/06/24 03:32:43 Mudança detectada em www/index.html, enviando reload
2025/06/24 03:32:43 [GET] / 192.168.10.12:46716 160.071µs
2025/06/24 03:32:43 [GET] /script.js 192.168.10.12:38340 123.735µs
2025/06/24 03:32:43 [GET] /style.css 192.168.10.12:46716 81.027µs
2025/06/24 03:32:44 [GET] /s 192.168.10.12:46716 28.111µs
2025/06/24 03:32:53 Mudança detectada em www/style.css, enviando css-update
2025/06/24 03:32:53 [GET] / 192.168.10.12:46716 179.669µs
2025/06/24 03:32:53 [GET] /style.css 192.168.10.12:46716 100.447µs
2025/06/24 03:32:53 [GET] /script.js 192.168.10.12:38340 143.216µs
2025/06/24 03:32:53 [GET] /s 192.168.10.12:38340 29.2µs
2025/06/24 03:33:00 Mudança detectada em www/script.js, enviando js-update
2025/06/24 03:33:00 [GET] / 192.168.10.12:38340 143.622µs
2025/06/24 03:33:00 [GET] /script.js 192.168.10.12:46716 127.165µs
2025/06/24 03:33:00 [GET] /style.css 192.168.10.12:38340 67.126µs
2025/06/24 03:33:00 [GET] /s 192.168.10.12:38340 32.802µs
2025/06/24 03:33:02 [GET] / 192.168.10.12:38340 147.126µs
2025/06/24 03:33:02 [GET] /style.css 192.168.10.12:38340 102.72µs
2025/06/24 03:33:02 [GET] /script.js 192.168.10.12:46716 102.613µs
2025/06/24 03:33:02 [GET] /s 192.168.10.12:46716 32.341µs
2025/06/24 03:36:05 [GET] / 192.168.10.12:46716 135.088µs
2025/06/24 03:36:05 [GET] /style.css 192.168.10.12:46716 111.287µs
2025/06/24 03:36:05 [GET] /script.js 192.168.10.12:38340 112.548µs
2025/06/24 03:36:14 [GET] / 192.168.10.12:57318 140.835µs
2025/06/24 03:36:14 [GET] /style.css 192.168.10.12:57318 106.008µs
2025/06/24 03:36:14 [GET] /script.js 192.168.10.12:57330 118.782µs
2025/06/24 03:37:26 [GET] / 192.168.10.12:57892 187.835µs
2025/06/24 03:37:26 [GET] /style.css 192.168.10.12:57892 163.782µs
2025/06/24 03:37:26 [GET] /script.js 192.168.10.12:57906 143.503µs
2025/06/24 03:37:28 [GET] /style.css 192.168.10.12:57906 136.473µs
2025/06/24 03:41:20 Mudança detectada em www/index.html, enviando reload
2025/06/24 03:41:20 [GET] / 192.168.10.12:49972 202.331µs
2025/06/24 03:41:20 [GET] / 192.168.10.12:49988 197.933µs
2025/06/24 03:41:20 [GET] /style.css 192.168.10.12:49988 150.547µs
2025/06/24 03:41:20 [GET] /script.js 192.168.10.12:49972 65.216µs
2025/06/24 03:41:20 [GET] /style.css 192.168.10.12:49972 121.322µs
2025/06/24 03:41:20 [GET] /script.js 192.168.10.12:49988 163.59µs
2025/06/24 03:41:25 [GET] / 192.168.10.12:49988 311.031µs
2025/06/24 03:41:25 [GET] /style.css 192.168.10.12:49988 158.248µs
2025/06/24 03:41:25 [GET] /script.js 192.168.10.12:49988 157.379µs
2025/06/24 03:42:07 [GET] / 192.168.10.12:49988 137.93µs
2025/06/24 03:42:07 [GET] /style.css 192.168.10.12:49988 127.603µs
2025/06/24 03:42:07 [GET] /script.js 192.168.10.12:49988 128.482µs
2025/06/24 03:43:29 Mudança detectada em www/script.js, enviando js-update
2025/06/24 03:43:29 [GET] / 192.168.10.12:49988 168.999µs
2025/06/24 03:43:29 [GET] /style.css 192.168.10.12:49988 123.899µs
2025/06/24 03:43:29 [GET] /script.js 192.168.10.12:49988 102.815µs
2025/06/24 03:43:30 [GET] / 192.168.10.12:49988 282.491µs
2025/06/24 03:43:30 [GET] /style.css 192.168.10.12:49988 171.102µs
2025/06/24 03:43:30 [GET] /script.js 192.168.10.12:49988 179.78µs
2025/06/24 03:43:32 [GET] / 192.168.10.12:49988 284.884µs
2025/06/24 03:43:32 [GET] /style.css 192.168.10.12:49988 213.738µs
2025/06/24 03:43:32 [GET] /script.js 192.168.10.12:49988 211.866µs
2025/06/24 03:43:45 [GET] / 192.168.10.12:49988 166.198µs
2025/06/24 03:43:45 [GET] /style.css 192.168.10.12:49988 143.584µs
2025/06/24 03:43:45 [GET] /script.js 192.168.10.12:49972 139.904µs
2025/06/24 03:43:56 Mudança detectada em www/script.js, enviando js-update
2025/06/24 03:43:56 [GET] / 192.168.10.12:49972 180.708µs
2025/06/24 03:43:56 [GET] /style.css 192.168.10.12:49972 170.586µs
2025/06/24 03:43:56 [GET] /script.js 192.168.10.12:49988 207.905µs
2025/06/24 03:44:23 [GET] / 192.168.10.12:49988 300.84µs
2025/06/24 03:44:23 [GET] /style.css 192.168.10.12:49988 281.083µs
2025/06/24 03:44:23 [GET] /script.js 192.168.10.12:49972 197.343µs
2025/06/24 03:44:27 [GET] / 192.168.10.12:49972 300.477µs
2025/06/24 03:44:27 [GET] /style.css 192.168.10.12:49972 212.537µs
2025/06/24 03:44:27 [GET] /script.js 192.168.10.12:49988 176.576µs
2025/06/24 03:44:27 [GET] / 192.168.10.12:49988 276.523µs
2025/06/24 03:44:27 [GET] /style.css 192.168.10.12:49988 222.138µs
2025/06/24 03:44:27 [GET] /script.js 192.168.10.12:49972 239.525µs
2025/06/24 03:45:42 Mudança detectada em www/index.html, enviando reload
2025/06/24 03:45:42 [GET] / 192.168.10.12:49972 155.701µs
2025/06/24 03:45:42 [GET] /style.css 192.168.10.12:49972 126.642µs
2025/06/24 03:45:42 [GET] /script.js 192.168.10.12:49988 104.526µs
2025/06/24 03:45:43 [GET] / 192.168.10.12:49988 144.131µs
2025/06/24 03:45:43 [GET] /style.css 192.168.10.12:49988 101.526µs
2025/06/24 03:45:43 [GET] /script.js 192.168.10.12:49972 122.484µs
2025/06/24 03:46:22 Mudança detectada em www/style.css, enviando css-update
2025/06/24 03:46:22 [GET] / 192.168.10.12:49972 146.256µs
2025/06/24 03:46:22 [GET] /style.css 192.168.10.12:49972 134.06µs
2025/06/24 03:46:22 [GET] /script.js 192.168.10.12:49988 120.333µs
2025/06/24 03:46:23 [GET] / 192.168.10.12:49988 251.501µs
2025/06/24 03:46:23 [GET] /style.css 192.168.10.12:49988 210.771µs
2025/06/24 03:46:23 [GET] /script.js 192.168.10.12:49972 200.201µs
2025/06/24 03:46:25 [GET] / 192.168.10.12:49972 309.959µs
2025/06/24 03:46:25 [GET] /style.css 192.168.10.12:49972 207.211µs
2025/06/24 03:46:25 [GET] /script.js 192.168.10.12:49988 220.159µs
2025/06/24 03:46:43 [GET] / 192.168.10.12:49988 310.481µs
2025/06/24 03:46:43 [GET] /style.css 192.168.10.12:49988 196.577µs
2025/06/24 03:46:43 [GET] /script.js 192.168.10.12:49972 195.172µs
2025/06/24 03:46:51 [GET] / 192.168.10.12:49972 147.324µs
2025/06/24 03:46:51 [GET] /style.css 192.168.10.12:49972 114.451µs
2025/06/24 03:46:51 [GET] /script.js 192.168.10.12:49988 132.206µs
2025/06/24 03:47:51 [GET] / 192.168.10.12:49988 920.388µs
2025/06/24 03:47:51 [GET] /style.css 192.168.10.12:49988 278.575µs
2025/06/24 03:47:51 [GET] /script.js 192.168.10.12:49972 141.421µs
2025/06/24 03:47:51 [GET] / 192.168.10.12:49972 147.673µs
2025/06/24 03:47:51 [GET] /style.css 192.168.10.12:49972 108.124µs
2025/06/24 03:47:51 [GET] /script.js 192.168.10.12:49988 109.893µs
2025/06/24 03:47:51 [GET] / 192.168.10.12:49988 174.038µs
2025/06/24 03:47:51 [GET] /style.css 192.168.10.12:49988 177.438µs
2025/06/24 03:47:51 [GET] /script.js 192.168.10.12:49972 111.53µs
2025/06/24 03:49:27 Mudança detectada em www/script.js, enviando js-update
2025/06/24 03:49:27 [GET] / 192.168.10.12:49972 139.766µs
2025/06/24 03:49:27 [GET] /style.css 192.168.10.12:49972 112.931µs
2025/06/24 03:49:27 [GET] /script.js 192.168.10.12:49988 114.032µs
2025/06/24 03:49:28 [GET] / 192.168.10.12:49988 156.797µs
2025/06/24 03:49:28 [GET] /style.css 192.168.10.12:49988 110.115µs
2025/06/24 03:49:28 [GET] /script.js 192.168.10.12:49972 119.138µs
2025/06/24 03:49:45 [GET] / 192.168.10.12:49972 267.949µs
2025/06/24 03:49:45 [GET] /style.css 192.168.10.12:49972 206.603µs
2025/06/24 03:49:45 [GET] /script.js 192.168.10.12:49988 273.882µs
2025/06/24 03:50:57 Mudança detectada em www/script.js, enviando js-update
2025/06/24 03:50:57 [GET] / 192.168.10.12:49988 176.581µs
2025/06/24 03:50:57 [GET] /style.css 192.168.10.12:49988 116.513µs
2025/06/24 03:50:57 [GET] /script.js 192.168.10.12:49972 84.892µs
2025/06/24 03:50:58 [GET] / 192.168.10.12:49972 141.258µs
2025/06/24 03:50:58 [GET] /style.css 192.168.10.12:49972 100.434µs
2025/06/24 03:50:58 [GET] /script.js 192.168.10.12:49988 111.52µs
2025/06/24 03:51:14 [GET] / 192.168.10.12:49988 450.233µs
2025/06/24 03:51:14 [GET] /style.css 192.168.10.12:49988 114.879µs
2025/06/24 03:51:14 [GET] /script.js 192.168.10.12:49972 124.326µs
2025/06/24 03:51:17 Mudança detectada em www/script.js, enviando js-update
2025/06/24 03:51:17 [GET] / 192.168.10.12:49972 160.439µs
2025/06/24 03:51:17 [GET] /style.css 192.168.10.12:49972 105.998µs
2025/06/24 03:51:17 [GET] /script.js 192.168.10.12:49988 70.992µs
2025/06/24 03:51:24 [GET] /style.css 192.168.10.12:49988 104.414µs
2025/06/24 03:54:37 Mudança detectada em www/script.js, enviando js-update
2025/06/24 03:54:37 [GET] / 192.168.10.12:49988 141.929µs
2025/06/24 03:54:37 [GET] /style.css 192.168.10.12:49988 131.295µs
2025/06/24 03:54:37 [GET] /script.js 192.168.10.12:49988 135.629µs
2025/06/24 03:57:36 Mudança detectada em www/script.js, enviando js-update
2025/06/24 03:57:36 [GET] / 192.168.10.12:49988 161.421µs
2025/06/24 03:57:36 [GET] /style.css 192.168.10.12:49988 128.096µs
2025/06/24 03:57:36 [GET] /script.js 192.168.10.12:48414 128.609µs
2025/06/24 03:57:37 [GET] / 192.168.10.12:48414 160.138µs
2025/06/24 03:57:37 [GET] /style.css 192.168.10.12:48414 129.821µs
2025/06/24 03:57:37 [GET] /script.js 192.168.10.12:48414 124.91µs
2025/06/24 04:02:25 Mudança detectada em www/index.html, enviando reload
2025/06/24 04:02:25 [GET] / 192.168.10.12:48414 160.931µs
2025/06/24 04:02:25 [GET] /style.css 192.168.10.12:48414 134.588µs
2025/06/24 04:02:25 [GET] /script.js 192.168.10.12:49988 132.203µs
2025/06/24 04:03:27 Mudança detectada em www/style.css, enviando css-update
2025/06/24 04:03:27 [GET] / 192.168.10.12:49988 159.357µs
2025/06/24 04:03:27 [GET] /style.css 192.168.10.12:49988 124.744µs
2025/06/24 04:03:27 [GET] /script.js 192.168.10.12:48414 138.239µs
2025/06/24 04:03:29 [GET] / 192.168.10.12:48414 294.468µs
2025/06/24 04:03:29 [GET] /style.css 192.168.10.12:48414 205.172µs
2025/06/24 04:03:29 [GET] /script.js 192.168.10.12:48414 211.292µs
2025/06/24 04:04:50 Mudança detectada em www/script.js, enviando js-update
2025/06/24 04:04:50 [GET] / 192.168.10.12:48414 162.394µs
2025/06/24 04:04:50 [GET] /style.css 192.168.10.12:48414 125.173µs
2025/06/24 04:04:50 [GET] /script.js 192.168.10.12:49988 159.03µs
2025/06/24 04:11:39 Mudança detectada em www/script.js, enviando js-update
2025/06/24 04:11:39 [GET] / 192.168.10.12:37718 154.664µs
2025/06/24 04:11:39 [GET] /style.css 192.168.10.12:37718 153.856µs
2025/06/24 04:11:39 [GET] /script.js 192.168.10.12:37730 144.212µs
2025/06/24 04:11:41 [GET] / 192.168.10.12:37730 229.709µs
2025/06/24 04:11:41 [GET] /style.css 192.168.10.12:37730 204.136µs
2025/06/24 04:11:41 [GET] /script.js 192.168.10.12:37730 173.368µs
2025/06/24 04:15:58 Mudança detectada em www/index.html, enviando reload
2025/06/24 04:15:58 [GET] / 192.168.10.12:37730 228.44µs
2025/06/24 04:15:58 [GET] /style.css 192.168.10.12:37730 138.124µs
2025/06/24 04:15:58 [GET] /script.js 192.168.10.12:37718 129.655µs
2025/06/24 04:16:05 Mudança detectada em www/index.html, enviando reload
2025/06/24 04:16:05 [GET] / 192.168.10.12:37718 177.801µs
2025/06/24 04:16:05 [GET] /style.css 192.168.10.12:37718 138.628µs
2025/06/24 04:16:05 [GET] /script.js 192.168.10.12:37730 145.145µs
2025/06/24 04:16:09 Mudança detectada em www/index.html, enviando reload
2025/06/24 04:16:09 [GET] / 192.168.10.12:37730 151.672µs
2025/06/24 04:16:09 [GET] /style.css 192.168.10.12:37730 126.028µs
2025/06/24 04:16:09 [GET] /script.js 192.168.10.12:37718 142.26µs
2025/06/24 04:17:10 Mudança detectada em www/index.html, enviando reload
2025/06/24 04:17:10 [GET] / 192.168.10.12:37718 164.884µs
2025/06/24 04:17:10 [GET] /style.css 192.168.10.12:37718 109.522µs
2025/06/24 04:17:10 [GET] /script.js 192.168.10.12:37730 129.562µs
2025/06/24 04:17:19 Mudança detectada em www/index.html, enviando reload
2025/06/24 04:17:19 [GET] / 192.168.10.12:37730 207.189µs
2025/06/24 04:17:19 [GET] /style.css 192.168.10.12:37730 164.802µs
2025/06/24 04:17:19 [GET] /script.js 192.168.10.12:37718 144.563µs
2025/06/24 04:17:32 Mudança detectada em www/index.html, enviando reload
2025/06/24 04:17:32 [GET] / 192.168.10.12:37718 232.79µs
2025/06/24 04:17:32 [GET] /style.css 192.168.10.12:37718 152.445µs
2025/06/24 04:17:32 [GET] /script.js 192.168.10.12:37718 208.958µs
2025/06/24 04:17:36 Mudança detectada em www/index.html, enviando reload
2025/06/24 04:17:36 [GET] / 192.168.10.12:37718 337.628µs
2025/06/24 04:17:36 [GET] /style.css 192.168.10.12:37718 134.916µs
2025/06/24 04:17:36 [GET] /script.js 192.168.10.12:37730 132.393µs
2025/06/24 04:17:46 Mudança detectada em www/index.html, enviando reload
2025/06/24 04:17:46 [GET] / 192.168.10.12:37730 178.847µs
2025/06/24 04:17:46 [GET] /style.css 192.168.10.12:37730 130.832µs
2025/06/24 04:17:46 [GET] /script.js 192.168.10.12:37730 122.142µs
2025/06/24 04:17:53 [GET] / 192.168.10.12:53012 160.538µs
2025/06/24 04:17:53 [GET] /script.js 192.168.10.12:53018 188.876µs
2025/06/24 04:17:53 [GET] /style.css 192.168.10.12:53012 77.219µs
2025/06/24 04:17:54 [GET] /favicon.ico 192.168.10.12:53012 28.715µs
2025/06/24 04:19:12 [GET] / 192.168.10.12:37730 141.469µs
2025/06/24 04:19:12 [GET] /style.css 192.168.10.12:37730 121.968µs
2025/06/24 04:19:12 [GET] /script.js 192.168.10.12:37718 114.116µs
2025/06/24 04:19:17 [GET] / 192.168.10.12:37718 158.721µs
2025/06/24 04:19:17 [GET] /style.css 192.168.10.12:37718 115.657µs
2025/06/24 04:19:17 [GET] /script.js 192.168.10.12:37718 107.058µs
2025/06/24 04:19:53 Mudança detectada em www/index.html, enviando reload
2025/06/24 04:19:53 [GET] / 192.168.10.12:53012 90.191µs
2025/06/24 04:19:53 [GET] / 192.168.10.12:37718 42.253µs
2025/06/24 04:20:12 Mudança detectada em www/style.css, enviando css-update
2025/06/24 04:20:12 [GET] / 192.168.10.12:53012 106.135µs
2025/06/24 04:20:12 [GET] / 192.168.10.12:37718 69.703µs
2025/06/24 04:20:18 Mudança detectada em www/index.html, enviando reload
2025/06/24 04:20:18 [GET] / 192.168.10.12:37718 150.855µs
2025/06/24 04:20:18 [GET] / 192.168.10.12:53012 115.772µs
2025/06/24 04:20:18 [GET] /style.css 192.168.10.12:37718 131.739µs
2025/06/24 04:20:18 [GET] /script.js 192.168.10.12:37718 134.834µs
2025/06/24 04:20:18 [GET] /style.css 192.168.10.12:53012 71.41µs
2025/06/24 04:20:18 [GET] /script.js 192.168.10.12:53018 77.79µs
2025/06/24 04:20:50 Mudança detectada em www/index.html, enviando reload
2025/06/24 04:20:50 [GET] / 192.168.10.12:53018 165.604µs
2025/06/24 04:20:50 [GET] / 192.168.10.12:37718 151.611µs
2025/06/24 04:20:50 [GET] /style.css 192.168.10.12:53018 213.384µs
2025/06/24 04:20:50 [GET] /style.css 192.168.10.12:37718 143.381µs
2025/06/24 04:20:50 [GET] /script.js 192.168.10.12:53012 102.633µs
2025/06/24 04:20:50 [GET] /script.js 192.168.10.12:37730 170.71µs
2025/06/24 04:20:52 [GET] / 192.168.10.12:37730 173.999µs
2025/06/24 04:20:52 [GET] /style.css 192.168.10.12:37730 235.703µs
2025/06/24 04:20:52 [GET] /script.js 192.168.10.12:37718 131.539µs
2025/06/24 04:21:07 Mudança detectada em www/index.html, enviando reload
2025/06/24 04:21:07 [GET] / 192.168.10.12:53012 152.589µs
2025/06/24 04:21:07 [GET] / 192.168.10.12:37718 146.431µs
2025/06/24 04:21:07 [GET] /style.css 192.168.10.12:53012 123.897µs
2025/06/24 04:21:07 [GET] /style.css 192.168.10.12:37718 131.652µs
2025/06/24 04:21:07 [GET] /script.js 192.168.10.12:53012 70.785µs
2025/06/24 04:21:07 [GET] /script.js 192.168.10.12:37730 352.542µs
2025/06/24 04:22:30 Mudança detectada em www/style.css, enviando css-update
2025/06/24 04:22:30 [GET] / 192.168.10.12:53012 168.099µs
2025/06/24 04:22:30 [GET] / 192.168.10.12:37730 174.973µs
2025/06/24 04:22:30 [GET] /style.css 192.168.10.12:53012 117.887µs
2025/06/24 04:22:30 [GET] /style.css 192.168.10.12:37730 137.388µs
2025/06/24 04:22:30 [GET] /script.js 192.168.10.12:53018 135.903µs
2025/06/24 04:22:30 [GET] /script.js 192.168.10.12:37718 69.434µs
2025/06/24 04:22:38 Mudança detectada em www/index.html, enviando reload
2025/06/24 04:22:38 [GET] / 192.168.10.12:53018 146.162µs
2025/06/24 04:22:38 [GET] / 192.168.10.12:37718 125.875µs
2025/06/24 04:22:38 [GET] /script.js 192.168.10.12:37730 145.173µs
2025/06/24 04:22:38 [GET] /style.css 192.168.10.12:37718 78.971µs
2025/06/24 04:22:38 [GET] /style.css 192.168.10.12:53018 147.056µs
2025/06/24 04:22:38 [GET] /script.js 192.168.10.12:53012 116.684µs
2025/06/24 04:22:45 Mudança detectada em www/index.html, enviando reload
2025/06/24 04:22:45 [GET] / 192.168.10.12:53012 143.19µs
2025/06/24 04:22:45 [GET] / 192.168.10.12:37718 239.778µs
2025/06/24 04:22:45 [GET] /style.css 192.168.10.12:53012 176.269µs
2025/06/24 04:22:45 [GET] /style.css 192.168.10.12:37718 115.816µs
2025/06/24 04:22:45 [GET] /script.js 192.168.10.12:53018 139.135µs
2025/06/24 04:22:45 [GET] /script.js 192.168.10.12:37730 130.429µs
2025/06/24 04:23:05 Mudança detectada em www/script.js, enviando js-update
2025/06/24 04:23:05 [GET] / 192.168.10.12:53018 171.928µs
2025/06/24 04:23:05 [GET] / 192.168.10.12:37730 162.435µs
2025/06/24 04:23:05 [GET] /style.css 192.168.10.12:53018 136.805µs
2025/06/24 04:23:05 [GET] /script.js 192.168.10.12:53012 143.141µs
2025/06/24 04:23:05 [GET] /style.css 192.168.10.12:37730 130.089µs
2025/06/24 04:23:05 [GET] /script.js 192.168.10.12:37718 125.015µs
2025/06/24 04:23:17 Mudança detectada em www/style.css, enviando css-update
2025/06/24 04:23:17 [GET] / 192.168.10.12:53012 128.581µs
2025/06/24 04:23:17 [GET] / 192.168.10.12:37718 126.244µs
2025/06/24 04:23:18 [GET] /style.css 192.168.10.12:53012 130.503µs
2025/06/24 04:23:18 [GET] /script.js 192.168.10.12:53018 139.82µs
2025/06/24 04:23:18 [GET] /style.css 192.168.10.12:37718 131.763µs
2025/06/24 04:23:18 [GET] /script.js 192.168.10.12:37730 133.355µs
2025/06/24 04:23:22 [GET] / 192.168.10.12:37730 233.765µs
2025/06/24 04:23:22 [GET] /style.css 192.168.10.12:37730 177.169µs
2025/06/24 04:23:22 [GET] /script.js 192.168.10.12:37718 510.687µs
2025/06/24 04:23:47 Mudança detectada em www/index.html, enviando reload
2025/06/24 04:23:47 [GET] / 192.168.10.12:53018 269.159µs
2025/06/24 04:23:47 [GET] / 192.168.10.12:37718 155.017µs
2025/06/24 04:23:47 [GET] /style.css 192.168.10.12:53018 113.813µs
2025/06/24 04:23:47 [GET] /style.css 192.168.10.12:37718 194.182µs
2025/06/24 04:23:47 [GET] /script.js 192.168.10.12:53018 131.602µs
2025/06/24 04:23:47 [GET] /script.js 192.168.10.12:37730 122.126µs
2025/06/24 04:24:53 Mudança detectada em www/script.js, enviando js-update
2025/06/24 04:24:53 [GET] / 192.168.10.12:53018 156.388µs
2025/06/24 04:24:53 [GET] / 192.168.10.12:37730 140.423µs
2025/06/24 04:24:53 [GET] /style.css 192.168.10.12:53018 287.323µs
2025/06/24 04:24:53 [GET] /script.js 192.168.10.12:53012 151.539µs
2025/06/24 04:24:53 [GET] /script.js 192.168.10.12:37718 129.461µs
2025/06/24 04:24:53 [GET] /style.css 192.168.10.12:37730 76.621µs
2025/06/24 04:24:55 [GET] / 192.168.10.12:37730 247.303µs
2025/06/24 04:24:55 [GET] /style.css 192.168.10.12:37730 152.422µs
2025/06/24 04:24:55 [GET] /script.js 192.168.10.12:37718 162.279µs
2025/06/24 04:26:49 Mudança detectada em www/style.css, enviando css-update
2025/06/24 04:26:49 [GET] / 192.168.10.12:53012 158.453µs
2025/06/24 04:26:49 [GET] / 192.168.10.12:37718 175.659µs
2025/06/24 04:26:49 [GET] /style.css 192.168.10.12:53012 133.543µs
2025/06/24 04:26:49 [GET] /script.js 192.168.10.12:53018 81.45µs
2025/06/24 04:26:49 [GET] /style.css 192.168.10.12:37718 132.571µs
2025/06/24 04:26:49 [GET] /script.js 192.168.10.12:37730 142.348µs
2025/06/24 04:27:15 Mudança detectada em www/script.js, enviando js-update
2025/06/24 04:27:15 [GET] / 192.168.10.12:53018 152.578µs
2025/06/24 04:27:15 [GET] / 192.168.10.12:37730 1.393089ms
2025/06/24 04:27:15 [GET] /style.css 192.168.10.12:53018 185.206µs
2025/06/24 04:27:15 [GET] /script.js 192.168.10.12:53012 124.287µs
2025/06/24 04:27:15 [GET] /script.js 192.168.10.12:37718 81.298µs
2025/06/24 04:27:15 [GET] /style.css 192.168.10.12:37730 487.001µs
2025/06/24 04:27:23 [GET] / 192.168.10.12:37730 168µs
2025/06/24 04:27:23 [GET] /style.css 192.168.10.12:37730 117.44µs
2025/06/24 04:27:23 [GET] /script.js 192.168.10.12:37718 128.128µs
2025/06/24 04:27:48 Mudança detectada em www/index.html, enviando reload
2025/06/24 04:27:48 [GET] / 192.168.10.12:53012 171.959µs
2025/06/24 04:27:48 [GET] / 192.168.10.12:37718 148.705µs
2025/06/24 04:27:48 [GET] /style.css 192.168.10.12:53012 815.966µs
2025/06/24 04:27:48 [GET] /style.css 192.168.10.12:37718 114.594µs
2025/06/24 04:27:48 [GET] /script.js 192.168.10.12:53012 68.946µs
2025/06/24 04:27:48 [GET] /script.js 192.168.10.12:37730 130.6µs
2025/06/24 04:27:50 [GET] / 192.168.10.12:37730 255.007µs
2025/06/24 04:27:50 [GET] /style.css 192.168.10.12:37730 225.047µs
2025/06/24 04:27:50 [GET] /script.js 192.168.10.12:37718 207.64µs
2025/06/24 04:27:56 Mudança detectada em www/index.html, enviando reload
2025/06/24 04:27:56 [GET] / 192.168.10.12:53012 205.582µs
2025/06/24 04:27:56 [GET] / 192.168.10.12:37718 151.982µs
2025/06/24 04:27:56 [GET] /style.css 192.168.10.12:53012 136.984µs
2025/06/24 04:27:56 [GET] /script.js 192.168.10.12:53018 123.035µs
2025/06/24 04:27:56 [GET] /style.css 192.168.10.12:37718 76.957µs
2025/06/24 04:27:56 [GET] /script.js 192.168.10.12:37730 136.024µs
2025/06/24 04:28:18 Mudança detectada em www/index.html, enviando reload
2025/06/24 04:28:18 [GET] / 192.168.10.12:53018 163.098µs
2025/06/24 04:28:18 [GET] / 192.168.10.12:37730 346.349µs
2025/06/24 04:28:18 [GET] /style.css 192.168.10.12:53018 123.416µs
2025/06/24 04:28:18 [GET] /script.js 192.168.10.12:53012 169.938µs
2025/06/24 04:28:18 [GET] /style.css 192.168.10.12:37730 128.979µs
2025/06/24 04:28:18 [GET] /script.js 192.168.10.12:37730 117.426µs
2025/06/24 04:28:26 [GET] / 192.168.10.12:37730 268.182µs
2025/06/24 04:28:26 [GET] /style.css 192.168.10.12:37730 209.009µs
2025/06/24 04:28:26 [GET] /script.js 192.168.10.12:37730 134.77µs
2025/06/24 04:29:14 Mudança detectada em www/index.html, enviando reload
2025/06/24 04:29:14 [GET] / 192.168.10.12:53012 199.36µs
2025/06/24 04:29:14 [GET] / 192.168.10.12:37730 102.188µs
2025/06/24 04:29:17 Mudança detectada em www/index.html, enviando reload
2025/06/24 04:29:17 [GET] / 192.168.10.12:53012 126.672µs
2025/06/24 04:29:17 [GET] / 192.168.10.12:37730 146.005µs
2025/06/24 04:29:17 [GET] /style.css 192.168.10.12:53012 99.25µs
2025/06/24 04:29:17 [GET] /script.js 192.168.10.12:53012 136.287µs
2025/06/24 04:29:17 [GET] /script.js 192.168.10.12:37718 125.63µs
2025/06/24 04:29:17 [GET] /style.css 192.168.10.12:37730 117.717µs
2025/06/24 04:29:18 Mudança detectada em www/script.js, enviando js-update
2025/06/24 04:29:18 [GET] / 192.168.10.12:53012 205.626µs
2025/06/24 04:29:18 [GET] / 192.168.10.12:37718 112.804µs
2025/06/24 04:29:18 [GET] /style.css 192.168.10.12:53012 125.63µs
2025/06/24 04:29:18 [GET] /script.js 192.168.10.12:53018 128.778µs
2025/06/24 04:29:18 [GET] /style.css 192.168.10.12:37718 121.094µs
2025/06/24 04:29:18 [GET] /script.js 192.168.10.12:37730 160.242µs
2025/06/24 04:29:19 [GET] / 192.168.10.12:37730 146.901µs
2025/06/24 04:29:19 [GET] /style.css 192.168.10.12:37730 116.069µs
2025/06/24 04:29:19 [GET] /script.js 192.168.10.12:37718 143.161µs
2025/06/24 04:29:25 [GET] / 192.168.10.12:37718 269.788µs
2025/06/24 04:29:25 [GET] /style.css 192.168.10.12:37718 201.467µs
2025/06/24 04:29:25 [GET] /script.js 192.168.10.12:37718 183.821µs
2025/06/24 04:31:07 [GET] / 192.168.10.12:37718 126.541µs
2025/06/24 04:31:07 [GET] /style.css 192.168.10.12:37718 116.938µs
2025/06/24 04:31:07 [GET] /script.js 192.168.10.12:37718 119.018µs
2025/06/24 04:31:09 Mudança detectada em www/script.js, enviando js-update
2025/06/24 04:31:09 [GET] / 192.168.10.12:53018 144.918µs
2025/06/24 04:31:09 [GET] / 192.168.10.12:37718 136.863µs
2025/06/24 04:31:09 [GET] /style.css 192.168.10.12:53018 128.662µs
2025/06/24 04:31:09 [GET] /style.css 192.168.10.12:37718 115.425µs
2025/06/24 04:31:09 [GET] /script.js 192.168.10.12:53012 135.703µs
2025/06/24 04:31:09 [GET] /script.js 192.168.10.12:37730 1.620821ms
2025/06/24 04:31:46 Mudança detectada em www/index.html, enviando reload
2025/06/24 04:31:46 [GET] / 192.168.10.12:53012 174.746µs
2025/06/24 04:31:46 [GET] / 192.168.10.12:37730 100.908µs
2025/06/24 04:31:46 [GET] /style.css 192.168.10.12:37730 109.345µs
2025/06/24 04:31:46 [GET] /style.css 192.168.10.12:53012 102.845µs
2025/06/24 04:31:46 [GET] /script.js 192.168.10.12:53018 163.118µs
2025/06/24 04:31:46 [GET] /script.js 192.168.10.12:37718 119.788µs
2025/06/24 04:35:26 Mudança detectada em www/index.html, enviando reload
2025/06/24 04:35:26 [GET] / 192.168.10.12:53018 170.747µs
2025/06/24 04:35:26 [GET] / 192.168.10.12:37718 161.777µs
2025/06/24 04:35:26 [GET] /style.css 192.168.10.12:37718 105.105µs
2025/06/24 04:35:26 [GET] /style.css 192.168.10.12:53018 135.536µs
2025/06/24 04:35:26 [GET] /script.js 192.168.10.12:37730 214.007µs
2025/06/24 04:35:26 [GET] /script.js 192.168.10.12:53012 290.034µs
2025/06/24 04:35:43 Mudança detectada em www/index.html, enviando reload
2025/06/24 04:35:43 [GET] / 192.168.10.12:53012 144.235µs
2025/06/24 04:35:43 [GET] / 192.168.10.12:37730 142.762µs
2025/06/24 04:35:43 [GET] /style.css 192.168.10.12:53012 69.094µs
2025/06/24 04:35:43 [GET] /script.js 192.168.10.12:37718 155.639µs
2025/06/24 04:35:43 [GET] /style.css 192.168.10.12:37730 78.954µs
2025/06/24 04:35:43 [GET] /script.js 192.168.10.12:53018 942.432µs
2025/06/24 04:35:45 Mudança detectada em www/index.html, enviando reload
2025/06/24 04:35:45 [GET] / 192.168.10.12:53018 187.18µs
2025/06/24 04:35:45 [GET] / 192.168.10.12:37730 164.609µs
2025/06/24 04:35:45 [GET] /style.css 192.168.10.12:53018 119.357µs
2025/06/24 04:35:45 [GET] /style.css 192.168.10.12:37730 134.231µs
2025/06/24 04:35:45 [GET] /script.js 192.168.10.12:53012 95.612µs
2025/06/24 04:35:45 [GET] /script.js 192.168.10.12:37718 156.27µs
2025/06/24 04:36:39 Mudança detectada em www/script.js, enviando js-update
2025/06/24 04:36:39 [GET] / 192.168.10.12:53012 159.909µs
2025/06/24 04:36:39 [GET] / 192.168.10.12:37718 187.098µs
2025/06/24 04:36:39 [GET] /style.css 192.168.10.12:53012 205.021µs
2025/06/24 04:36:39 [GET] /script.js 192.168.10.12:53018 153.547µs
2025/06/24 04:36:39 [GET] /style.css 192.168.10.12:37718 142.215µs
2025/06/24 04:36:39 [GET] /script.js 192.168.10.12:37730 98.082µs
2025/06/24 04:36:41 [GET] / 192.168.10.12:37730 525.221µs
2025/06/24 04:36:41 [GET] /style.css 192.168.10.12:37730 289.202µs
2025/06/24 04:36:41 [GET] /script.js 192.168.10.12:37730 201.652µs
2025/06/24 04:37:28 Mudança detectada em www/style.css, enviando css-update
2025/06/24 04:37:28 [GET] / 192.168.10.12:60466 155.976µs
2025/06/24 04:37:28 [GET] / 192.168.10.12:60478 149.619µs
2025/06/24 04:37:28 [GET] /style.css 192.168.10.12:60466 124.479µs
2025/06/24 04:37:28 [GET] /script.js 192.168.10.12:60466 128.703µs
2025/06/24 04:37:28 [GET] /style.css 192.168.10.12:60478 109.077µs
2025/06/24 04:37:28 [GET] /script.js 192.168.10.12:60488 161.651µs
2025/06/24 04:37:29 Mudança detectada em www/style.css, enviando css-update
2025/06/24 04:37:29 [GET] / 192.168.10.12:60466 152.8µs
2025/06/24 04:37:29 [GET] / 192.168.10.12:60488 155.627µs
2025/06/24 04:37:29 [GET] /style.css 192.168.10.12:60466 160.068µs
2025/06/24 04:37:29 [GET] /script.js 192.168.10.12:60484 117.67µs
2025/06/24 04:37:29 [GET] /style.css 192.168.10.12:60488 126.948µs
2025/06/24 04:37:29 [GET] /script.js 192.168.10.12:60478 129.849µs
2025/06/24 04:38:41 Mudança detectada em www/index.html, enviando reload
2025/06/24 04:38:41 [GET] / 192.168.10.12:60478 221.983µs
2025/06/24 04:38:41 [GET] /style.css 192.168.10.12:60478 107.638µs
2025/06/24 04:38:41 [GET] /script.js 192.168.10.12:60488 121.028µs
2025/06/24 04:39:53 Mudança detectada em www/index.html, enviando reload
2025/06/24 04:39:53 [GET] / 192.168.10.12:60488 190.501µs
2025/06/24 04:39:53 [GET] /style.css 192.168.10.12:60488 117.382µs
2025/06/24 04:39:53 [GET] /script.js 192.168.10.12:60488 161.128µs
2025/06/24 04:39:55 Mudança detectada em www/index.html, enviando reload
2025/06/24 04:39:55 [GET] / 192.168.10.12:60488 248.258µs
2025/06/24 04:39:55 [GET] /style.css 192.168.10.12:60488 200.395µs
2025/06/24 04:39:55 [GET] /script.js 192.168.10.12:60478 192.848µs
2025/06/24 04:40:07 Mudança detectada em www/style.css, enviando css-update
2025/06/24 04:40:07 [GET] / 192.168.10.12:60478 130.275µs
2025/06/24 04:40:08 [GET] /style.css 192.168.10.12:60478 340.835µs
2025/06/24 04:40:08 [GET] /script.js 192.168.10.12:60488 127.23µs
2025/06/24 04:40:08 Mudança detectada em www/style.css, enviando css-update
2025/06/24 04:40:08 [GET] / 192.168.10.12:60488 156.145µs
2025/06/24 04:40:08 [GET] /script.js 192.168.10.12:60478 82.882µs
2025/06/24 04:40:08 [GET] /style.css 192.168.10.12:60488 119.62µs
2025/06/24 04:40:27 [GET] / 192.168.10.12:60478 275.123µs
2025/06/24 04:40:27 [GET] /style.css 192.168.10.12:60478 211.98µs
2025/06/24 04:40:27 [GET] /script.js 192.168.10.12:60488 152.072µs
2025/06/24 04:40:49 Mudança detectada em www/index.html, enviando reload
2025/06/24 04:40:49 [GET] / 192.168.10.12:60488 194.001µs
2025/06/24 04:40:49 [GET] /style.css 192.168.10.12:60488 127.213µs
2025/06/24 04:40:49 [GET] /script.js 192.168.10.12:60478 129.889µs
2025/06/24 04:40:51 Mudança detectada em www/index.html, enviando reload
2025/06/24 04:40:51 [GET] / 192.168.10.12:60478 151.37µs
2025/06/24 04:40:51 [GET] /style.css 192.168.10.12:60478 133.928µs
2025/06/24 04:40:51 [GET] /script.js 192.168.10.12:60488 145.719µs
2025/06/24 04:40:53 Mudança detectada em www/index.html, enviando reload
2025/06/24 04:40:53 [GET] / 192.168.10.12:60488 141.974µs
2025/06/24 04:40:53 [GET] /style.css 192.168.10.12:60488 120.659µs
2025/06/24 04:40:53 [GET] /script.js 192.168.10.12:60478 120.172µs
2025/06/24 04:40:53 Mudança detectada em www/index.html, enviando reload
2025/06/24 04:40:53 [GET] / 192.168.10.12:60478 263.345µs
2025/06/24 04:40:54 [GET] /style.css 192.168.10.12:60478 199.732µs
2025/06/24 04:40:54 [GET] /script.js 192.168.10.12:60478 169.272µs
2025/06/24 04:40:57 Mudança detectada em www/index.html, enviando reload
2025/06/24 04:40:57 [GET] / 192.168.10.12:60478 269.941µs
2025/06/24 04:40:57 [GET] /style.css 192.168.10.12:60478 153.668µs
2025/06/24 04:40:57 [GET] /script.js 192.168.10.12:60488 124.24µs
2025/06/24 04:40:59 Mudança detectada em www/index.html, enviando reload
2025/06/24 04:40:59 [GET] / 192.168.10.12:60488 144.096µs
2025/06/24 04:40:59 [GET] /style.css 192.168.10.12:60488 138.139µs
2025/06/24 04:40:59 [GET] /script.js 192.168.10.12:60478 111.452µs
2025/06/24 04:41:00 Mudança detectada em www/index.html, enviando reload
2025/06/24 04:41:00 [GET] / 192.168.10.12:60478 267.021µs
2025/06/24 04:41:01 [GET] /style.css 192.168.10.12:60478 133.82µs
2025/06/24 04:41:01 [GET] /script.js 192.168.10.12:60488 104.457µs
2025/06/24 04:41:01 Mudança detectada em www/index.html, enviando reload
2025/06/24 04:41:01 [GET] / 192.168.10.12:60488 270.459µs
2025/06/24 04:41:01 [GET] /style.css 192.168.10.12:60488 209.707µs
2025/06/24 04:41:01 [GET] /script.js 192.168.10.12:60478 155.234µs
2025/06/24 04:41:02 Mudança detectada em www/index.html, enviando reload
2025/06/24 04:41:02 [GET] / 192.168.10.12:60478 135.136µs
2025/06/24 04:41:02 [GET] /style.css 192.168.10.12:60478 115.629µs
2025/06/24 04:41:02 [GET] /script.js 192.168.10.12:60488 124.142µs
2025/06/24 04:41:29 Mudança detectada em www/script.js, enviando js-update
2025/06/24 04:41:29 [GET] / 192.168.10.12:60488 886.934µs
2025/06/24 04:41:29 [GET] /style.css 192.168.10.12:60488 132.3µs
2025/06/24 04:41:29 [GET] /script.js 192.168.10.12:60478 341.921µs
2025/06/24 04:41:33 [GET] / 192.168.10.12:60478 240.689µs
2025/06/24 04:41:33 [GET] /style.css 192.168.10.12:60478 235.159µs
2025/06/24 04:41:33 [GET] /script.js 192.168.10.12:60488 228.45µs
2025/06/24 04:41:39 Mudança detectada em www/index.html, enviando reload
2025/06/24 04:41:39 [GET] / 192.168.10.12:60488 308.998µs
2025/06/24 04:41:39 [GET] /style.css 192.168.10.12:60488 143.175µs
2025/06/24 04:41:39 [GET] /script.js 192.168.10.12:60488 122.357µs
2025/06/24 04:42:24 Mudança detectada em www/index.html, enviando reload
2025/06/24 04:42:24 [GET] / 192.168.10.12:60488 177.608µs
2025/06/24 04:42:24 [GET] /style.css 192.168.10.12:60488 140.731µs
2025/06/24 04:42:24 [GET] /script.js 192.168.10.12:60478 76.429µs
2025/06/24 04:42:31 [GET] / 192.168.10.12:60488 267.869µs
2025/06/24 04:42:31 [GET] /style.css 192.168.10.12:60488 214.235µs
2025/06/24 04:42:31 [GET] /script.js 192.168.10.12:60478 212.953µs
2025/06/24 04:42:39 Mudança detectada em www/index.html, enviando reload
2025/06/24 04:42:39 [GET] / 192.168.10.12:60478 158.344µs
2025/06/24 04:42:39 [GET] /style.css 192.168.10.12:60478 136.993µs
2025/06/24 04:42:39 [GET] /script.js 192.168.10.12:60488 113.898µs
2025/06/24 04:44:17 Mudança detectada em www/index.html, enviando reload
2025/06/24 04:44:17 [GET] / 192.168.10.12:60488 160.584µs
2025/06/24 04:44:17 [GET] /style.css 192.168.10.12:60488 131.961µs
2025/06/24 04:44:17 [GET] /script.js 192.168.10.12:60478 121.789µs
2025/06/24 04:45:15 Mudança detectada em www/script.js, enviando js-update
2025/06/24 04:45:15 [GET] / 192.168.10.12:60478 138.684µs
2025/06/24 04:45:15 [GET] /style.css 192.168.10.12:60478 118.415µs
2025/06/24 04:45:15 [GET] /script.js 192.168.10.12:60488 245.727µs
2025/06/24 04:45:17 [GET] / 192.168.10.12:60488 193.701µs
2025/06/24 04:45:17 [GET] /style.css 192.168.10.12:60488 158.211µs
2025/06/24 04:45:17 [GET] /script.js 192.168.10.12:60478 145.985µs
2025/06/24 04:45:58 Mudança detectada em www/index.html, enviando reload
2025/06/24 04:45:58 [GET] / 192.168.10.12:60478 143.312µs
2025/06/24 04:45:58 [GET] /style.css 192.168.10.12:60478 207.495µs
2025/06/24 04:45:58 [GET] /script.js 192.168.10.12:60488 122.517µs
2025/06/24 04:46:00 [GET] / 192.168.10.12:60488 190.225µs
2025/06/24 04:46:00 [GET] /script.js 192.168.10.12:60478 107.273µs
2025/06/24 04:46:00 [GET] /style.css 192.168.10.12:60488 84.748µs
2025/06/24 04:46:04 Mudança detectada em www/index.html, enviando reload
2025/06/24 04:46:04 [GET] / 192.168.10.12:60488 65.802µs
2025/06/24 04:46:08 Mudança detectada em www/index.html, enviando reload
2025/06/24 04:46:08 [GET] / 192.168.10.12:60488 151.182µs
2025/06/24 04:46:08 [GET] /style.css 192.168.10.12:60488 120.955µs
2025/06/24 04:46:08 [GET] /script.js 192.168.10.12:60478 100.023µs
2025/06/24 04:46:12 Mudança detectada em www/index.html, enviando reload
2025/06/24 04:46:12 [GET] / 192.168.10.12:60478 137.701µs
2025/06/24 04:46:12 [GET] /style.css 192.168.10.12:60478 129.08µs
2025/06/24 04:46:12 [GET] /script.js 192.168.10.12:60488 145.695µs
2025/06/24 04:46:54 Mudança detectada em www/style.css, enviando css-update
2025/06/24 04:46:54 [GET] / 192.168.10.12:60488 246.785µs
2025/06/24 04:46:54 [GET] /style.css 192.168.10.12:60488 183.892µs
2025/06/24 04:46:54 [GET] /script.js 192.168.10.12:60488 179.728µs
2025/06/24 04:47:10 Mudança detectada em www/script.js, enviando js-update
2025/06/24 04:47:10 [GET] / 192.168.10.12:60488 151.938µs
2025/06/24 04:47:10 [GET] /style.css 192.168.10.12:60488 126.348µs
2025/06/24 04:47:10 [GET] /script.js 192.168.10.12:60478 127.497µs
2025/06/24 04:47:11 Mudança detectada em www/style.css, enviando css-update
2025/06/24 04:47:11 [GET] / 192.168.10.12:60478 240.308µs
2025/06/24 04:47:11 [GET] /style.css 192.168.10.12:60478 117.472µs
2025/06/24 04:47:11 [GET] /script.js 192.168.10.12:60488 131.955µs
2025/06/24 04:47:13 [GET] / 192.168.10.12:60488 135.859µs
2025/06/24 04:47:13 [GET] /style.css 192.168.10.12:60488 108.201µs
2025/06/24 04:47:13 [GET] /script.js 192.168.10.12:60478 117.491µs
2025/06/24 04:47:26 Mudança detectada em www/index.html, enviando reload
2025/06/24 04:47:26 [GET] / 192.168.10.12:60478 130.241µs
2025/06/24 04:47:28 Mudança detectada em www/index.html, enviando reload
2025/06/24 04:47:28 [GET] / 192.168.10.12:60478 219.415µs
2025/06/24 04:47:28 [GET] /style.css 192.168.10.12:60478 135.194µs
2025/06/24 04:47:28 [GET] /script.js 192.168.10.12:60478 133.587µs
2025/06/24 04:47:29 Mudança detectada em www/index.html, enviando reload
2025/06/24 04:47:29 [GET] / 192.168.10.12:60478 275.108µs
2025/06/24 04:47:29 [GET] /style.css 192.168.10.12:60478 315.002µs
2025/06/24 04:47:29 [GET] /script.js 192.168.10.12:60488 202.048µs
2025/06/24 04:47:38 Mudança detectada em www/index.html, enviando reload
2025/06/24 04:47:38 [GET] / 192.168.10.12:60488 258.675µs
2025/06/24 04:47:38 [GET] /style.css 192.168.10.12:60488 146.391µs
2025/06/24 04:47:38 [GET] /script.js 192.168.10.12:60478 182.108µs
2025/06/24 04:49:01 Mudança detectada em www/index.html, enviando reload
2025/06/24 04:49:01 [GET] / 192.168.10.12:60478 138.487µs
2025/06/24 04:49:01 [GET] /style.css 192.168.10.12:60478 120.916µs
2025/06/24 04:49:01 [GET] /script.js 192.168.10.12:60478 156.135µs
2025/06/24 04:50:21 Mudança detectada em www/index.html, enviando reload
2025/06/24 04:50:21 [GET] / 192.168.10.12:60478 139.933µs
2025/06/24 04:50:21 [GET] /style.css 192.168.10.12:60478 116.698µs
2025/06/24 04:50:21 [GET] /script.js 192.168.10.12:60488 91.33µs
2025/06/24 04:52:12 [GET] / 192.168.10.12:60488 149.33µs
2025/06/24 04:52:12 [GET] /style.css 192.168.10.12:60488 118.352µs
2025/06/24 04:52:12 [GET] /script.js 192.168.10.12:60478 63.769µs
2025/06/24 04:54:00 Mudança detectada em www/index.html, enviando reload
2025/06/24 04:54:00 [GET] / 192.168.10.12:60478 238.665µs
2025/06/24 04:54:00 [GET] /style.css 192.168.10.12:60478 131.39µs
2025/06/24 04:54:00 [GET] /script.js 192.168.10.12:60488 141.489µs
2025/06/24 04:54:14 Mudança detectada em www/index.html, enviando reload
2025/06/24 04:54:14 [GET] / 192.168.10.12:60488 170.102µs
2025/06/24 04:54:14 [GET] /style.css 192.168.10.12:60488 221.376µs
2025/06/24 04:54:14 [GET] /script.js 192.168.10.12:60478 110.572µs
2025/06/24 04:54:18 Mudança detectada em www/index.html, enviando reload
2025/06/24 04:54:18 [GET] / 192.168.10.12:60478 180.732µs
2025/06/24 04:54:18 [GET] /script.js 192.168.10.12:60488 461.144µs
2025/06/24 04:54:18 [GET] /style.css 192.168.10.12:60478 1.059807ms
2025/06/24 04:54:34 Mudança detectada em www/index.html, enviando reload
2025/06/24 04:54:34 [GET] / 192.168.10.12:60478 193.066µs
2025/06/24 04:54:34 [GET] /style.css 192.168.10.12:60478 99.716µs
2025/06/24 04:54:34 [GET] /script.js 192.168.10.12:60488 148.957µs
2025/06/24 12:32:05 🚀 Servidor iniciado em http://localhost:5571
2025/06/24 12:32:05    Servindo diretório: www
2025/06/24 12:32:05    Live Reload: Ativado
2025/06/24 12:32:05    Logs sendo gravados em: server.log
2025/06/24 12:32:07 [GET] / 192.168.10.12:43694 5.099205ms
2025/06/24 12:32:07 [GET] /style.css 192.168.10.12:43694 106.422µs
2025/06/24 12:32:07 [GET] /script.js 192.168.10.12:43694 111.725µs
2025/06/24 12:32:07 [GET] /favicon.ico 192.168.10.12:43694 521.488µs
2025/06/24 12:32:43 [GET] / 192.168.10.12:43694 267.811µs
2025/06/24 12:32:43 [GET] /style.css 192.168.10.12:43694 137.858µs
2025/06/24 12:32:43 [GET] /script.js 192.168.10.12:43702 148.068µs
2025/06/24 12:32:48 [GET] / 192.168.10.12:43702 442.612µs
2025/06/24 12:32:48 [GET] /style.css 192.168.10.12:43702 172.219µs
2025/06/24 12:32:48 [GET] /script.js 192.168.10.12:43694 142.431µs
2025/06/24 12:33:01 [GET] / 192.168.10.12:43694 180.421µs
2025/06/24 12:33:01 [GET] /script.js 192.168.10.12:43702 102.813µs
2025/06/24 12:33:01 [GET] /style.css 192.168.10.12:43694 74.678µs
2025/06/24 12:33:07 [GET] / 192.168.10.12:43694 135.651µs
2025/06/24 12:33:07 [GET] /style.css 192.168.10.12:43694 108.102µs
2025/06/24 12:33:07 [GET] /script.js 192.168.10.12:43702 461.26µs
2025/06/24 12:33:07 [GET] / 192.168.10.12:43702 128.488µs
2025/06/24 12:33:07 [GET] /style.css 192.168.10.12:43702 122.422µs
2025/06/24 12:33:07 [GET] /script.js 192.168.10.12:43694 82.398µs
2025/06/24 12:34:36 [GET] / 192.168.10.12:43694 171.048µs
2025/06/24 12:34:36 [GET] /style.css 192.168.10.12:43694 107.381µs
2025/06/24 12:34:36 [GET] /script.js 192.168.10.12:43694 112.009µs
2025/06/24 12:34:44 [GET] / 192.168.10.12:43694 251.697µs
2025/06/24 12:34:44 [GET] /style.css 192.168.10.12:43694 136.818µs
2025/06/24 12:34:44 [GET] /script.js 192.168.10.12:43702 140.56µs
2025/06/24 12:36:31 [GET] / 192.168.10.12:43702 132.957µs
2025/06/24 12:36:31 [GET] /script.js 192.168.10.12:43694 65.518µs
2025/06/24 12:36:31 [GET] /style.css 192.168.10.12:43702 294.142µs
2025/06/24 12:37:00 [GET] / 192.168.10.12:43694 260.036µs
2025/06/24 12:37:00 [GET] /style.css 192.168.10.12:43694 176.452µs
2025/06/24 12:37:00 [GET] /script.js 192.168.10.12:43702 202.739µs
2025/06/24 12:37:03 [GET] / 192.168.10.12:43702 136.647µs
2025/06/24 12:37:03 [GET] /style.css 192.168.10.12:43702 116.113µs
2025/06/24 12:37:03 [GET] /script.js 192.168.10.12:43694 122.161µs
2025/06/24 12:37:03 [GET] / 192.168.10.12:43694 139.49µs
2025/06/24 12:37:03 [GET] /style.css 192.168.10.12:43694 101.398µs
2025/06/24 12:37:03 [GET] /script.js 192.168.10.12:43702 123.742µs
2025/06/24 12:37:04 [GET] / 192.168.10.12:43702 128.017µs
2025/06/24 12:37:04 [GET] /style.css 192.168.10.12:43702 96.242µs
2025/06/24 12:37:04 [GET] /script.js 192.168.10.12:43694 110.813µs
2025/06/24 12:37:06 [GET] / [::1]:34472 1.406397ms
2025/06/24 12:37:06 [GET] /style.css [::1]:34472 102.539µs
2025/06/24 12:37:06 [GET] /script.js [::1]:34486 117.342µs
2025/06/24 12:37:06 [GET] /favicon.ico [::1]:34486 27.3µs
2025/06/24 12:38:46 [GET] / [::1]:34486 301.615µs
2025/06/24 12:38:46 [GET] /style.css [::1]:34486 209.377µs
2025/06/24 12:38:46 [GET] /script.js [::1]:34472 131.396µs
2025/06/24 12:38:57 Mudança detectada em www/style.css, enviando css-update
2025/06/24 12:38:57 [GET] / [::1]:34472 144.94µs
2025/06/24 12:38:57 [GET] / 192.168.10.12:43694 134.883µs
2025/06/24 12:38:57 [GET] /style.css [::1]:34472 199.304µs
2025/06/24 12:38:57 [GET] /script.js [::1]:34472 120.32µs
2025/06/24 12:38:57 [GET] /style.css 192.168.10.12:43694 116.49µs
2025/06/24 12:38:57 [GET] /script.js 192.168.10.12:43702 111.279µs
2025/06/24 12:39:37 [GET] / 192.168.10.12:43702 183.994µs
2025/06/24 12:39:37 [GET] /style.css 192.168.10.12:43702 211.191µs
2025/06/24 12:39:37 [GET] /script.js 192.168.10.12:43702 151.535µs
2025/06/24 12:40:03 http: error reading directory: file does not exist
2025/06/24 12:40:03 [GET] / 192.168.10.12:43702 87.232µs
2025/06/24 12:40:07 Mudança detectada em www/style.css, enviando css-update
2025/06/24 12:40:07 [GET] / [::1]:34472 141.148µs
2025/06/24 12:40:07 [GET] / 192.168.10.12:43702 137.708µs
2025/06/24 12:40:07 [GET] /style.css 192.168.10.12:43702 92.071µs
2025/06/24 12:40:07 [GET] /style.css [::1]:34472 795.461µs
2025/06/24 12:40:07 [GET] /script.js [::1]:34486 110.883µs
2025/06/24 12:40:07 [GET] /script.js 192.168.10.12:43702 97.793µs
2025/06/24 12:40:14 [GET] / 192.168.10.12:43702 165.043µs
2025/06/24 12:40:14 [GET] /style.css 192.168.10.12:43702 108.645µs
2025/06/24 12:40:14 [GET] /script.js 192.168.10.12:43702 153.499µs
2025/06/24 12:40:32 Mudança detectada em www/script.js, enviando js-update
2025/06/24 12:40:32 [GET] / [::1]:34486 149.365µs
2025/06/24 12:40:32 [GET] / 192.168.10.12:43702 142.494µs
2025/06/24 12:40:32 [GET] / 192.168.10.12:43702 134.958µs
2025/06/24 12:40:32 [GET] /style.css [::1]:34486 87.421µs
2025/06/24 12:40:32 [GET] /script.js [::1]:34472 129.863µs
2025/06/24 12:40:32 [GET] /style.css 192.168.10.12:43702 101.945µs
2025/06/24 12:40:32 [GET] /script.js 192.168.10.12:43694 101.039µs
2025/06/24 12:40:32 [GET] /style.css 192.168.10.12:50770 136.26µs
2025/06/24 12:40:32 [GET] /script.js 192.168.10.12:43702 74.354µs
2025/06/24 12:40:33 [GET] / 192.168.10.12:43702 158.455µs
2025/06/24 12:40:33 [GET] /style.css 192.168.10.12:43702 109.808µs
2025/06/24 12:40:33 [GET] /script.js 192.168.10.12:50770 104.866µs
2025/06/24 12:41:34 Mudança detectada em www/script.js, enviando js-update
2025/06/24 12:41:34 [GET] / [::1]:34472 179.442µs
2025/06/24 12:41:34 [GET] / 192.168.10.12:50770 168.558µs
2025/06/24 12:41:34 [GET] /style.css 192.168.10.12:50770 115.698µs
2025/06/24 12:41:34 [GET] /script.js 192.168.10.12:43702 121.958µs
2025/06/24 12:41:34 [GET] /style.css [::1]:34472 135.567µs
2025/06/24 12:41:35 [GET] /script.js [::1]:34486 437.719µs
2025/06/24 12:42:04 [GET] / 192.168.10.12:46618 164.471µs
2025/06/24 12:42:04 [GET] /style.css 192.168.10.12:46618 134.226µs
2025/06/24 12:42:04 [GET] /script.js 192.168.10.12:46622 110.87µs
2025/06/24 12:42:27 Mudança detectada em www/index.html, enviando reload
2025/06/24 12:42:27 [GET] / [::1]:34486 183.163µs
2025/06/24 12:42:27 [GET] / 192.168.10.12:43702 651.35µs
2025/06/24 12:42:27 [GET] / 192.168.10.12:46622 163.07µs
2025/06/24 12:42:27 [GET] /style.css [::1]:34486 119.555µs
2025/06/24 12:42:27 [GET] /script.js [::1]:34486 103.879µs
2025/06/24 12:42:27 [GET] /style.css 192.168.10.12:43702 112.904µs
2025/06/24 12:42:27 [GET] /style.css 192.168.10.12:46622 103.896µs
2025/06/24 12:42:27 [GET] /script.js 192.168.10.12:46618 85.316µs
2025/06/24 12:42:27 [GET] /script.js 192.168.10.12:50770 68.967µs
2025/06/24 12:42:33 [GET] / 192.168.10.12:46618 278.116µs
2025/06/24 12:42:33 [GET] /style.css 192.168.10.12:46618 204.919µs
2025/06/24 12:42:33 [GET] /script.js 192.168.10.12:46622 197.871µs
2025/06/24 12:42:43 Mudança detectada em www/script.js, enviando js-update
2025/06/24 12:42:43 [GET] / [::1]:34486 179.303µs
2025/06/24 12:42:43 [GET] / 192.168.10.12:50770 148.757µs
2025/06/24 12:42:43 [GET] / 192.168.10.12:46622 223.183µs
2025/06/24 12:42:43 [GET] /style.css [::1]:34486 129.528µs
2025/06/24 12:42:43 [GET] /style.css 192.168.10.12:50770 141.671µs
2025/06/24 12:42:43 [GET] /style.css 192.168.10.12:46622 83.915µs
2025/06/24 12:42:43 [GET] /script.js [::1]:34472 226.249µs
2025/06/24 12:42:43 [GET] /script.js 192.168.10.12:43702 218.719µs
2025/06/24 12:42:43 [GET] /script.js 192.168.10.12:46618 111.756µs
2025/06/24 12:42:44 [GET] / 192.168.10.12:46618 277.149µs
2025/06/24 12:42:45 [GET] /style.css 192.168.10.12:46618 191.674µs
2025/06/24 12:42:45 [GET] /script.js 192.168.10.12:46618 210.036µs
2025/06/24 12:46:10 Mudança detectada em www/style.css, enviando css-update
2025/06/24 12:46:10 [GET] / 192.168.10.12:43702 157.053µs
2025/06/24 12:46:10 [GET] /style.css 192.168.10.12:43702 124.318µs
2025/06/24 12:46:10 [GET] /script.js 192.168.10.12:43702 130.227µs
2025/06/24 12:46:15 [GET] / 192.168.10.12:42672 161.297µs
2025/06/24 12:46:15 [GET] /style.css 192.168.10.12:42672 111.895µs
2025/06/24 12:46:15 [GET] /script.js 192.168.10.12:42672 111.751µs
2025/06/24 12:46:18 [GET] / 192.168.10.12:42672 306.05µs
2025/06/24 12:46:18 [GET] /style.css 192.168.10.12:42672 185.015µs
2025/06/24 12:46:18 [GET] /script.js 192.168.10.12:42672 168.918µs
2025/06/24 12:46:30 🚀 Servidor iniciado em http://localhost:5571
2025/06/24 12:46:30    Servindo diretório: www
2025/06/24 12:46:30    Live Reload: Ativado
2025/06/24 12:46:30    Logs sendo gravados em: server.log
2025/06/24 12:46:32 [GET] / 192.168.10.12:36248 3.233303ms
2025/06/24 12:46:32 [GET] /style.css 192.168.10.12:36248 108.771µs
2025/06/24 12:46:32 [GET] /script.js 192.168.10.12:36262 179.385µs
2025/06/24 12:46:33 [GET] / 192.168.10.12:36262 345.696µs
2025/06/24 12:46:33 [GET] /style.css 192.168.10.12:36262 212.734µs
2025/06/24 12:46:33 [GET] /script.js 192.168.10.12:36262 178.384µs
2025/06/24 12:46:33 [GET] / 192.168.10.12:36262 307.651µs
2025/06/24 12:46:33 [GET] /style.css 192.168.10.12:36262 199.983µs
2025/06/24 12:46:33 [GET] /script.js 192.168.10.12:36248 209.718µs
2025/06/24 12:46:35 [GET] / 192.168.10.12:36248 585.661µs
2025/06/24 12:46:35 [GET] /style.css 192.168.10.12:36248 188.961µs
2025/06/24 12:46:35 [GET] /script.js 192.168.10.12:36262 135.792µs
2025/06/24 12:46:43 [GET] / 192.168.10.12:45176 213.012µs
2025/06/24 12:46:43 [GET] /script.js 192.168.10.12:45192 125.536µs
2025/06/24 12:46:43 [GET] /style.css 192.168.10.12:45176 63.489µs
2025/06/24 12:53:01 Mudança detectada em www/5, enviando reload
2025/06/24 12:53:01 [GET] / 192.168.10.12:56370 157.763µs
2025/06/24 12:53:01 [GET] /style.css 192.168.10.12:56370 131.739µs
2025/06/24 12:53:01 [GET] /script.js 192.168.10.12:56370 130.489µs
2025/06/24 12:53:18 [GET] / 192.168.10.12:56812 154.332µs
2025/06/24 12:53:18 [GET] /style.css 192.168.10.12:56812 116.302µs
2025/06/24 12:53:18 [GET] /script.js 192.168.10.12:56812 99.388µs
2025/06/24 12:53:25 Mudança detectada em www/script.js, enviando js-update
2025/06/24 12:53:25 [GET] / 192.168.10.12:56370 149.86µs
2025/06/24 12:53:25 [GET] / 192.168.10.12:56812 157.298µs
2025/06/24 12:53:25 [GET] /style.css 192.168.10.12:56370 141.561µs
2025/06/24 12:53:25 [GET] /style.css 192.168.10.12:56812 110.374µs
2025/06/24 12:53:25 [GET] /script.js 192.168.10.12:35372 88.183µs
2025/06/24 12:53:25 [GET] /script.js 192.168.10.12:56370 123.902µs
2025/06/24 12:53:27 [GET] / 192.168.10.12:35372 280.066µs
2025/06/24 12:53:27 [GET] /style.css 192.168.10.12:35372 190.993µs
2025/06/24 12:53:27 [GET] /script.js 192.168.10.12:56812 214.464µs
2025/06/24 12:55:07 Mudança detectada em www/index.html, enviando reload
2025/06/24 12:55:07 [GET] / 192.168.10.12:56370 152.552µs
2025/06/24 12:55:07 [GET] / 192.168.10.12:56812 6.123043ms
2025/06/24 12:55:07 [GET] /style.css 192.168.10.12:56812 125.124µs
2025/06/24 12:55:07 [GET] /style.css 192.168.10.12:56370 93.327µs
2025/06/24 12:55:07 [GET] /script.js 192.168.10.12:35372 288.609µs
2025/06/24 12:55:07 [GET] /script.js 192.168.10.12:54660 124.923µs
2025/06/24 12:55:10 [GET] / 192.168.10.12:54660 162.74µs
2025/06/24 12:55:10 [GET] /style.css 192.168.10.12:54660 106.461µs
2025/06/24 12:55:11 [GET] /script.js 192.168.10.12:54660 112.413µs
2025/06/24 12:55:15 [GET] / 192.168.10.12:35372 144.05µs
2025/06/24 12:55:15 [GET] /style.css 192.168.10.12:35372 146.697µs
2025/06/24 12:55:15 [GET] /script.js 192.168.10.12:56812 136.661µs
2025/06/24 12:55:28 Mudança detectada em www/style.css, enviando css-update
2025/06/24 12:55:28 [GET] / 192.168.10.12:56812 164.23µs
2025/06/24 12:55:28 [GET] /style.css 192.168.10.12:56812 129.391µs
2025/06/24 12:55:28 [GET] /script.js 192.168.10.12:35372 133.719µs
2025/06/24 12:55:29 [GET] / 192.168.10.12:35372 304.919µs
2025/06/24 12:55:29 [GET] /style.css 192.168.10.12:35372 171.6µs
2025/06/24 12:55:29 [GET] /script.js 192.168.10.12:56812 193.101µs
2025/06/24 12:55:36 [GET] / 192.168.10.12:56812 276.758µs
2025/06/24 12:55:36 [GET] /style.css 192.168.10.12:56812 230.742µs
2025/06/24 12:55:36 [GET] /script.js 192.168.10.12:56812 201.407µs
2025/06/24 12:55:50 [GET] / 192.168.10.12:56812 2.07627ms
2025/06/24 12:55:50 [GET] /style.css 192.168.10.12:56812 143.88µs
2025/06/24 12:55:50 [GET] /script.js 192.168.10.12:56812 122.651µs
2025/06/24 14:03:28 Mudança detectada em www/index.html, enviando reload
2025/06/24 14:03:28 [GET] / 192.168.10.12:35782 192.61µs
2025/06/24 14:03:28 [GET] /style.css 192.168.10.12:35782 130.471µs
2025/06/24 14:03:28 [GET] /script.js 192.168.10.12:35794 145.976µs
2025/06/24 14:03:37 Mudança detectada em www/style.css, enviando css-update
2025/06/24 14:03:37 [GET] / 192.168.10.12:35794 339.503µs
2025/06/24 14:03:37 [GET] /style.css 192.168.10.12:35794 286.09µs
2025/06/24 14:03:37 [GET] /script.js 192.168.10.12:35794 949.36µs
2025/06/24 14:03:53 [GET] / 192.168.10.12:35794 202.89µs
2025/06/24 14:03:53 [GET] /style.css 192.168.10.12:35794 148.847µs
2025/06/24 14:03:53 [GET] /script.js 192.168.10.12:35782 138.182µs
2025/06/24 14:03:59 [GET] / 192.168.10.12:42550 198.886µs
2025/06/24 14:03:59 [GET] /style.css 192.168.10.12:42550 121.464µs
2025/06/24 14:03:59 [GET] /script.js 192.168.10.12:42554 172.896µs
2025/06/24 14:04:15 [GET] / 192.168.10.12:42554 184.015µs
2025/06/24 14:04:15 [GET] /style.css 192.168.10.12:42554 181.115µs
2025/06/24 14:04:15 [GET] /script.js 192.168.10.12:42550 130.954µs
2025/06/24 14:04:52 Mudança detectada em www/index.html, enviando reload
2025/06/24 14:04:52 [GET] / 192.168.10.12:35782 152.586µs
2025/06/24 14:04:52 [GET] / 192.168.10.12:42550 628.066µs
2025/06/24 14:04:52 [GET] /style.css 192.168.10.12:35782 104.525µs
2025/06/24 14:04:52 [GET] /style.css 192.168.10.12:42550 123.411µs
2025/06/24 14:04:52 [GET] /script.js 192.168.10.12:35794 109.773µs
2025/06/24 14:04:52 [GET] /script.js 192.168.10.12:42554 409.364µs
2025/06/24 14:05:10 Mudança detectada em www/index.html, enviando reload
2025/06/24 14:05:10 [GET] / 192.168.10.12:42554 188.06µs
2025/06/24 14:05:10 [GET] / 192.168.10.12:35794 457.504µs
2025/06/24 14:05:10 [GET] /style.css 192.168.10.12:42554 159.432µs
2025/06/24 14:05:10 [GET] /script.js 192.168.10.12:42550 131.793µs
2025/06/24 14:05:10 [GET] /style.css 192.168.10.12:35794 135.193µs
2025/06/24 14:05:10 [GET] /script.js 192.168.10.12:35782 104.467µs
2025/06/24 14:05:15 Mudança detectada em www/index.html, enviando reload
2025/06/24 14:05:15 [GET] / 192.168.10.12:35782 195.377µs
2025/06/24 14:05:15 [GET] / 192.168.10.12:42550 153.062µs
2025/06/24 14:05:15 [GET] /style.css 192.168.10.12:42550 117.133µs
2025/06/24 14:05:15 [GET] /script.js 192.168.10.12:42550 128.898µs
2025/06/24 14:05:15 [GET] /style.css 192.168.10.12:35782 123.255µs
2025/06/24 14:05:15 [GET] /script.js 192.168.10.12:35782 132.334µs
2025/06/24 14:05:16 Mudança detectada em www/index.html, enviando reload
2025/06/24 14:05:16 [GET] / 192.168.10.12:42550 160.605µs
2025/06/24 14:05:16 [GET] / 192.168.10.12:35782 169.543µs
2025/06/24 14:05:16 [GET] /style.css 192.168.10.12:42550 125.815µs
2025/06/24 14:05:16 [GET] /script.js 192.168.10.12:42550 149.824µs
2025/06/24 14:05:16 [GET] /style.css 192.168.10.12:35782 129.887µs
2025/06/24 14:05:16 [GET] /script.js 192.168.10.12:35794 2.763947ms
2025/06/24 14:05:18 [GET] / 192.168.10.12:42550 1.145042ms
2025/06/24 14:05:18 [GET] /style.css 192.168.10.12:42550 122.165µs
2025/06/24 14:05:18 [GET] /script.js 192.168.10.12:42554 126.684µs
2025/06/24 14:09:21 [GET] /style.css 192.168.10.12:35794 216.32µs
2025/06/24 14:11:30 [GET] / 192.168.10.12:35794 297.45µs
2025/06/24 14:11:30 [GET] /style.css 192.168.10.12:35794 132.888µs
2025/06/24 14:11:30 [GET] /script.js 192.168.10.12:35920 154.01µs
2025/06/24 14:28:11 [GET] / 192.168.10.12:52852 187.968µs
2025/06/24 14:28:11 [GET] /style.css 192.168.10.12:52852 121.115µs
2025/06/24 14:28:11 [GET] /script.js 192.168.10.12:52852 140.513µs
2025/06/24 14:29:22 Mudança detectada em www/v1]/a, enviando reload
2025/06/24 14:29:22 [GET] / 192.168.10.12:52852 171.902µs
2025/06/24 14:29:22 [GET] /style.css 192.168.10.12:52852 133.178µs
2025/06/24 14:29:22 [GET] /script.js 192.168.10.12:36388 151.885µs
2025/06/24 14:29:34 [GET] / 192.168.10.12:36388 320.079µs
2025/06/24 14:29:34 [GET] /style.css 192.168.10.12:36388 190.498µs
2025/06/24 14:29:34 [GET] /script.js 192.168.10.12:52852 134.586µs
2025/06/24 14:31:43 Mudança detectada em www/script.js, enviando js-update
2025/06/24 14:31:43 [GET] / 192.168.10.12:52852 200.237µs
2025/06/24 14:31:43 [GET] /style.css 192.168.10.12:52852 176.579µs
2025/06/24 14:31:43 [GET] /script.js 192.168.10.12:36388 140.224µs
2025/06/24 14:32:15 [GET] / 192.168.10.12:36388 319.558µs
2025/06/24 14:32:15 [GET] /style.css 192.168.10.12:36388 122.954µs
2025/06/24 14:32:15 [GET] /script.js 192.168.10.12:36388 210.102µs
2025/06/24 15:10:06 Mudança detectada em www/style.css, enviando css-update
2025/06/24 15:10:06 [GET] / 192.168.10.12:50804 236.151µs
2025/06/24 15:10:06 [GET] /style.css 192.168.10.12:50804 173.659µs
2025/06/24 15:10:06 [GET] /script.js 192.168.10.12:50808 153.178µs
2025/06/24 15:11:23 Mudança detectada em www/estavel, enviando reload
2025/06/24 15:11:23 [GET] / 192.168.10.12:50808 147.934µs
2025/06/24 15:11:23 [GET] /style.css 192.168.10.12:50808 157.064µs
2025/06/24 15:11:23 [GET] /script.js 192.168.10.12:50804 83.617µs
2025/06/24 15:11:28 [GET] / 192.168.10.12:50804 304.25µs
2025/06/24 15:11:28 [GET] /style.css 192.168.10.12:50804 159.059µs
2025/06/24 15:11:28 [GET] /script.js 192.168.10.12:50808 254.644µs
2025/06/24 15:15:49 Mudança detectada em www/script.js, enviando js-update
2025/06/24 15:15:49 [GET] / 192.168.10.12:50808 159.046µs
2025/06/24 15:15:49 [GET] /style.css 192.168.10.12:50808 177.508µs
2025/06/24 15:15:49 [GET] /script.js 192.168.10.12:50804 137.754µs
2025/06/24 15:16:03 Mudança detectada em www/script.js, enviando js-update
2025/06/24 15:16:03 [GET] / 192.168.10.12:50804 193.718µs
2025/06/24 15:16:03 [GET] /style.css 192.168.10.12:50804 161.284µs
2025/06/24 15:16:03 [GET] /script.js 192.168.10.12:50804 151.141µs
2025/06/24 15:16:19 Mudança detectada em www/style.css, enviando css-update
2025/06/24 15:16:19 [GET] / 192.168.10.12:50804 191.707µs
2025/06/24 15:16:19 [GET] /style.css 192.168.10.12:50804 158.176µs
2025/06/24 15:16:19 [GET] /script.js 192.168.10.12:50808 143.32µs
2025/06/24 15:16:24 Mudança detectada em www/style.css, enviando css-update
2025/06/24 15:16:24 [GET] / 192.168.10.12:50808 335.714µs
2025/06/24 15:16:24 [GET] /style.css 192.168.10.12:50808 268.235µs
2025/06/24 15:16:24 [GET] /script.js 192.168.10.12:50804 261.226µs
2025/06/24 15:16:26 [GET] / 192.168.10.12:50804 224.798µs
2025/06/24 15:16:27 [GET] /style.css 192.168.10.12:50804 192.104µs
2025/06/24 15:16:27 [GET] /script.js 192.168.10.12:50808 184.342µs
2025/06/24 15:17:08 [GET] / 192.168.10.12:50808 153.449µs
2025/06/24 15:17:08 [GET] /style.css 192.168.10.12:50808 143.054µs
2025/06/24 15:17:08 [GET] /script.js 192.168.10.12:50804 126.069µs
2025/06/24 15:26:23 [GET] / 192.168.10.12:45692 170.244µs
2025/06/24 15:26:23 [GET] /style.css 192.168.10.12:45692 133.938µs
2025/06/24 15:26:23 [GET] /script.js 192.168.10.12:45692 124.18µs
2025/06/24 15:26:29 Mudança detectada em www/script.js, enviando js-update
2025/06/24 15:26:29 [GET] / 192.168.10.12:45692 160.96µs
2025/06/24 15:26:29 [GET] /style.css 192.168.10.12:45692 124.976µs
2025/06/24 15:26:29 [GET] /script.js 192.168.10.12:36112 183.723µs
2025/06/24 15:40:05 Mudança detectada em www/index.html, enviando reload
2025/06/24 15:40:05 [GET] / 192.168.10.12:38332 178.531µs
2025/06/24 15:40:05 [GET] /style.css 192.168.10.12:38332 120.146µs
2025/06/24 15:40:05 [GET] /script.js 192.168.10.12:38332 149.107µs
2025/06/24 15:40:27 Mudança detectada em www/index.html, enviando reload
2025/06/24 15:40:27 [GET] / 192.168.10.12:38332 295.505µs
2025/06/24 15:40:27 [GET] /style.css 192.168.10.12:38332 156.238µs
2025/06/24 15:40:27 [GET] /script.js 192.168.10.12:38338 189.554µs
2025/06/24 15:40:50 Mudança detectada em www/index.html, enviando reload
2025/06/24 15:40:50 [GET] / 192.168.10.12:38338 222.872µs
2025/06/24 15:40:50 [GET] /style.css 192.168.10.12:38338 139.039µs
2025/06/24 15:40:50 [GET] /script.js 192.168.10.12:38332 140.178µs
2025/06/24 15:40:53 [GET] / 192.168.10.12:38332 200.918µs
2025/06/24 15:40:53 [GET] /style.css 192.168.10.12:38332 171.44µs
2025/06/24 15:40:53 [GET] /script.js 192.168.10.12:38338 173.769µs
2025/06/24 15:43:56 [GET] / 192.168.10.12:38338 151.737µs
2025/06/24 15:43:56 [GET] /style.css 192.168.10.12:38338 116.479µs
2025/06/24 15:43:56 [GET] /script.js 192.168.10.12:38332 87.896µs
2025/06/24 15:45:02 Mudança detectada em www/index.html, enviando reload
2025/06/24 15:45:02 [GET] / 192.168.10.12:38332 152.302µs
2025/06/24 15:45:02 [GET] /style.css 192.168.10.12:38332 125.249µs
2025/06/24 15:45:02 [GET] /script.js 192.168.10.12:38338 152.895µs
2025/06/24 15:45:32 Mudança detectada em www/script.js, enviando js-update
2025/06/24 15:45:32 [GET] / 192.168.10.12:38338 173.221µs
2025/06/24 15:45:32 [GET] /style.css 192.168.10.12:38338 135.045µs
2025/06/24 15:45:32 [GET] /script.js 192.168.10.12:38332 142.923µs
2025/06/24 15:45:34 [GET] / 192.168.10.12:38332 171.809µs
2025/06/24 15:45:34 [GET] /style.css 192.168.10.12:38332 135.465µs
2025/06/24 15:45:34 [GET] /script.js 192.168.10.12:38338 165.31µs
2025/06/24 15:45:36 [GET] /style.css 192.168.10.12:38338 133.822µs
2025/06/24 15:45:46 [GET] /style.css 192.168.10.12:38338 187.355µs
2025/06/24 15:46:23 [GET] /style.css 192.168.10.12:38338 170.112µs
2025/06/24 15:46:51 Mudança detectada em www/mega estavel, enviando reload
2025/06/24 15:46:51 [GET] / 192.168.10.12:38338 218.129µs
2025/06/24 15:46:51 [GET] /style.css 192.168.10.12:38338 120.846µs
2025/06/24 15:46:51 [GET] /script.js 192.168.10.12:38332 431.068µs
2025/06/24 15:49:11 Mudança detectada em www/index.html, enviando reload
2025/06/24 15:49:11 [GET] / 192.168.10.12:45852 138.17µs
2025/06/24 15:49:11 [GET] /style.css 192.168.10.12:45852 110.277µs
2025/06/24 15:49:11 [GET] /script.js 192.168.10.12:45856 313.857µs
2025/06/24 15:49:24 Mudança detectada em www/style.css, enviando css-update
2025/06/24 15:49:24 [GET] / 192.168.10.12:45856 157.221µs
2025/06/24 15:49:24 [GET] /style.css 192.168.10.12:45856 123.668µs
2025/06/24 15:49:24 [GET] /script.js 192.168.10.12:45852 118.916µs
2025/06/24 15:49:32 Mudança detectada em www/script.js, enviando js-update
2025/06/24 15:49:32 [GET] / 192.168.10.12:45852 153.379µs
2025/06/24 15:49:32 [GET] /style.css 192.168.10.12:45852 116.627µs
2025/06/24 15:49:32 [GET] /script.js 192.168.10.12:45852 162.435µs
2025/06/24 15:49:36 Mudança detectada em www/script.js, enviando js-update
2025/06/24 15:49:36 [GET] / 192.168.10.12:45852 142.264µs
2025/06/24 15:49:36 [GET] /style.css 192.168.10.12:45852 125.808µs
2025/06/24 15:49:36 [GET] /script.js 192.168.10.12:45856 129.256µs
2025/06/24 15:50:11 [GET] /style.css 192.168.10.12:45856 120.697µs
2025/06/24 15:51:34 Mudança detectada em www/index.html, enviando reload
2025/06/24 15:51:34 [GET] / 192.168.10.12:45856 143.169µs
2025/06/24 15:51:34 [GET] /style.css 192.168.10.12:45856 120.276µs
2025/06/24 15:51:34 [GET] /script.js 192.168.10.12:45852 110.736µs
2025/06/24 15:51:36 [GET] / 192.168.10.12:45852 732.932µs
2025/06/24 15:51:36 [GET] /style.css 192.168.10.12:45852 116.672µs
2025/06/24 15:51:36 [GET] /script.js 192.168.10.12:45856 116.564µs
2025/06/24 15:52:45 Mudança detectada em www/script.js, enviando js-update
2025/06/24 15:52:45 [GET] / 192.168.10.12:45856 176.534µs
2025/06/24 15:52:45 [GET] /style.css 192.168.10.12:45856 152.618µs
2025/06/24 15:52:46 [GET] /script.js 192.168.10.12:45852 118.334µs
2025/06/24 15:52:47 [GET] / 192.168.10.12:45852 144.36µs
2025/06/24 15:52:47 [GET] /style.css 192.168.10.12:45852 115.137µs
2025/06/24 15:52:47 [GET] /script.js 192.168.10.12:45856 113.413µs
2025/06/24 15:52:52 Mudança detectada em www/script.js, enviando js-update
2025/06/24 15:52:52 [GET] / 192.168.10.12:45856 159.579µs
2025/06/24 15:52:52 [GET] /style.css 192.168.10.12:45856 164.178µs
2025/06/24 15:52:52 [GET] /script.js 192.168.10.12:45852 170.916µs
2025/06/24 16:12:05 [GET] / 192.168.10.12:54676 161.406µs
2025/06/24 16:12:05 [GET] /style.css 192.168.10.12:54676 137.871µs
2025/06/24 16:12:05 [GET] /script.js 192.168.10.12:54676 184.513µs
2025/06/24 16:12:12 Mudança detectada em www/index.html, enviando reload
2025/06/24 16:12:12 [GET] / 192.168.10.12:54676 202.407µs
2025/06/24 16:12:12 [GET] /style.css 192.168.10.12:54676 234.746µs
2025/06/24 16:12:12 [GET] /script.js 192.168.10.12:54678 185.308µs
2025/06/24 16:12:24 Mudança detectada em www/style.css, enviando css-update
2025/06/24 16:12:24 [GET] / 192.168.10.12:54678 168.387µs
2025/06/24 16:12:24 [GET] /style.css 192.168.10.12:54678 140.799µs
2025/06/24 16:12:24 [GET] /script.js 192.168.10.12:54676 172.384µs
2025/06/24 16:12:32 Mudança detectada em www/script.js, enviando js-update
2025/06/24 16:12:32 [GET] / 192.168.10.12:54676 174.171µs
2025/06/24 16:12:32 [GET] /style.css 192.168.10.12:54676 224.322µs
2025/06/24 16:12:32 [GET] /script.js 192.168.10.12:54678 139.86µs
2025/06/24 16:12:33 Mudança detectada em www/script.js, enviando js-update
2025/06/24 16:12:33 [GET] / 192.168.10.12:54678 167.368µs
2025/06/24 16:12:34 [GET] /script.js 192.168.10.12:54676 208.895µs
2025/06/24 16:12:34 [GET] /style.css 192.168.10.12:54678 92.838µs
2025/06/24 16:17:39 Mudança detectada em www/script.js, enviando js-update
2025/06/24 16:17:39 [GET] / 192.168.10.12:35302 151.333µs
2025/06/24 16:17:39 [GET] /style.css 192.168.10.12:35302 144.041µs
2025/06/24 16:17:39 [GET] /script.js 192.168.10.12:35318 192.995µs
2025/06/24 16:17:46 [GET] / 192.168.10.12:35318 192.121µs
2025/06/24 16:17:46 [GET] /style.css 192.168.10.12:35318 307.558µs
2025/06/24 16:17:46 [GET] /script.js 192.168.10.12:35302 198.647µs
2025/06/24 16:17:56 Mudança detectada em www/script.js, enviando js-update
2025/06/24 16:17:56 [GET] / 192.168.10.12:35302 154.11µs
2025/06/24 16:17:56 [GET] /style.css 192.168.10.12:35302 134.823µs
2025/06/24 16:17:56 [GET] /script.js 192.168.10.12:35318 155.52µs
2025/06/24 16:17:58 [GET] / 192.168.10.12:35318 167.888µs
2025/06/24 16:17:58 [GET] /style.css 192.168.10.12:35318 145.692µs
2025/06/24 16:17:58 [GET] /script.js 192.168.10.12:35302 141.314µs
2025/06/24 16:18:15 Mudança detectada em www/script.js, enviando js-update
2025/06/24 16:18:15 [GET] / 192.168.10.12:35302 189.172µs
2025/06/24 16:18:15 [GET] /style.css 192.168.10.12:35302 149.64µs
2025/06/24 16:18:15 [GET] /script.js 192.168.10.12:35318 66.705µs
2025/06/24 16:18:18 Mudança detectada em www/script.js, enviando js-update
2025/06/24 16:18:18 [GET] / 192.168.10.12:47138 167.508µs
2025/06/24 16:18:18 [GET] /style.css 192.168.10.12:47138 148.842µs
2025/06/24 16:18:18 [GET] /script.js 192.168.10.12:47152 1.086308ms
2025/06/24 16:18:22 Mudança detectada em www/script.js, enviando js-update
2025/06/24 16:18:22 [GET] / 192.168.10.12:47152 252.519µs
2025/06/24 16:18:22 [GET] /style.css 192.168.10.12:47152 153.81µs
2025/06/24 16:18:22 [GET] /script.js 192.168.10.12:47152 260.77µs
2025/06/24 16:18:23 [GET] / 192.168.10.12:47152 186.099µs
2025/06/24 16:18:23 [GET] /style.css 192.168.10.12:47152 176.015µs
2025/06/24 16:18:23 [GET] /script.js 192.168.10.12:47138 108.188µs
2025/06/24 16:18:28 Mudança detectada em www/script.js, enviando js-update
2025/06/24 16:18:28 [GET] / 192.168.10.12:47138 189.242µs
2025/06/24 16:18:28 [GET] /style.css 192.168.10.12:47138 186.377µs
2025/06/24 16:18:28 [GET] /script.js 192.168.10.12:47152 103.053µs
2025/06/24 16:18:35 Mudança detectada em www/index.html, enviando reload
2025/06/24 16:18:35 [GET] / 192.168.10.12:47152 176.629µs
2025/06/24 16:18:35 [GET] /style.css 192.168.10.12:47152 147.782µs
2025/06/24 16:18:35 [GET] /script.js 192.168.10.12:47138 157.588µs
2025/06/24 16:18:37 [GET] / 192.168.10.12:47138 196.948µs
2025/06/24 16:18:37 [GET] /style.css 192.168.10.12:47138 132.937µs
2025/06/24 16:18:37 [GET] /script.js 192.168.10.12:47152 132.263µs
2025/06/24 16:18:46 Mudança detectada em www/style.css, enviando css-update
2025/06/24 16:18:46 [GET] / 192.168.10.12:47138 350.559µs
2025/06/24 16:18:46 [GET] /style.css 192.168.10.12:47138 147.954µs
2025/06/24 16:18:46 [GET] /script.js 192.168.10.12:47138 172.393µs
2025/06/24 16:19:13 [GET] / 192.168.10.12:47138 327.602µs
2025/06/24 16:19:13 [GET] /style.css 192.168.10.12:47138 107.153µs
2025/06/24 16:19:13 [GET] /script.js 192.168.10.12:47152 126.451µs
2025/06/24 16:19:22 [GET] / 192.168.10.12:47152 155.612µs
2025/06/24 16:19:22 [GET] /style.css 192.168.10.12:47152 134.271µs
2025/06/24 16:19:22 [GET] /script.js 192.168.10.12:47138 133.783µs
2025/06/24 16:20:45 Mudança detectada em www/vv, enviando reload
2025/06/24 16:20:45 [GET] / 192.168.10.12:47138 478.584µs
2025/06/24 16:20:45 [GET] /script.js 192.168.10.12:47152 147.872µs
2025/06/24 16:20:45 [GET] /style.css 192.168.10.12:47138 63.197µs
2025/06/24 16:21:29 [GET] / 192.168.10.12:47138 155.587µs
2025/06/24 16:21:29 [GET] /style.css 192.168.10.12:47138 165.713µs
2025/06/24 16:21:29 [GET] /script.js 192.168.10.12:47152 203.348µs
2025/06/24 16:22:04 Mudança detectada em www/index.html, enviando reload
2025/06/24 16:22:04 [GET] / 192.168.10.12:47152 148.243µs
2025/06/24 16:22:04 [GET] /style.css 192.168.10.12:47152 131.149µs
2025/06/24 16:22:04 [GET] /script.js 192.168.10.12:47138 115.366µs
2025/06/24 16:22:14 Mudança detectada em www/style.css, enviando css-update
2025/06/24 16:22:14 [GET] / 192.168.10.12:47138 252.038µs
2025/06/24 16:22:15 [GET] /style.css 192.168.10.12:47138 109.96µs
2025/06/24 16:22:15 [GET] /script.js 192.168.10.12:47152 141.819µs
2025/06/24 16:22:24 Mudança detectada em www/script.js, enviando js-update
2025/06/24 16:22:24 [GET] / 192.168.10.12:47152 147.425µs
2025/06/24 16:22:24 [GET] /style.css 192.168.10.12:47152 148.561µs
2025/06/24 16:22:24 [GET] /script.js 192.168.10.12:47152 127.608µs
2025/06/24 16:22:25 [GET] / 192.168.10.12:47152 167.333µs
2025/06/24 16:22:25 [GET] /style.css 192.168.10.12:47152 144.402µs
2025/06/24 16:22:25 [GET] /script.js 192.168.10.12:47138 105.624µs
2025/06/24 16:22:39 [GET] / 192.168.10.12:47138 175.161µs
2025/06/24 16:22:39 [GET] /style.css 192.168.10.12:47138 140.467µs
2025/06/24 16:22:39 [GET] /script.js 192.168.10.12:47152 143.603µs
2025/06/24 16:22:41 Mudança detectada em www/script.js, enviando js-update
2025/06/24 16:22:41 [GET] / 192.168.10.12:47152 132.209µs
2025/06/24 16:22:41 [GET] /style.css 192.168.10.12:47152 172.472µs
2025/06/24 16:22:41 [GET] /script.js 192.168.10.12:47138 136.641µs
2025/06/24 16:22:42 [GET] / 192.168.10.12:47138 167.264µs
2025/06/24 16:22:42 [GET] /style.css 192.168.10.12:47138 126.303µs
2025/06/24 16:22:42 [GET] /script.js 192.168.10.12:47152 229.02µs
2025/06/24 16:24:59 Mudança detectada em www/script.js, enviando js-update
2025/06/24 16:24:59 [GET] / 192.168.10.12:47152 144.76µs
2025/06/24 16:24:59 [GET] /style.css 192.168.10.12:47152 112.011µs
2025/06/24 16:24:59 [GET] /script.js 192.168.10.12:47138 154.903µs
2025/06/24 16:28:15 Mudança detectada em www/style.css, enviando css-update
2025/06/24 16:28:15 [GET] / 192.168.10.12:47138 131.656µs
2025/06/24 16:28:15 [GET] /style.css 192.168.10.12:47138 114.42µs
2025/06/24 16:28:15 [GET] /script.js 192.168.10.12:47152 133.221µs
2025/06/24 16:28:17 [GET] / 192.168.10.12:47152 131.496µs
2025/06/24 16:28:17 [GET] /style.css 192.168.10.12:47152 128.279µs
2025/06/24 16:28:17 [GET] /script.js 192.168.10.12:47152 140.092µs
2025/06/24 16:28:42 [GET] / 192.168.10.12:47152 322.544µs
2025/06/24 16:28:42 [GET] /style.css 192.168.10.12:47152 221.181µs
2025/06/24 16:28:42 [GET] /script.js 192.168.10.12:47152 271.467µs
2025/06/24 16:28:52 [GET] / 192.168.10.12:47152 1.231415ms
2025/06/24 16:28:52 [GET] /style.css 192.168.10.12:47152 120.388µs
2025/06/24 16:28:52 [GET] /script.js 192.168.10.12:47152 156.872µs
2025/06/24 16:29:25 [GET] /style.css 192.168.10.12:47152 137.833µs
2025/06/24 16:30:33 Mudança detectada em www/777, enviando reload
2025/06/24 16:30:33 [GET] / 192.168.10.12:47152 145.69µs
2025/06/24 16:30:33 [GET] /style.css 192.168.10.12:47152 104.173µs
2025/06/24 16:30:33 [GET] /script.js 192.168.10.12:47138 119.93µs
2025/06/24 16:32:45 Mudança detectada em www/script.js, enviando js-update
2025/06/24 16:32:45 [GET] / 192.168.10.12:47138 176.269µs
2025/06/24 16:32:45 [GET] /style.css 192.168.10.12:47138 122.325µs
2025/06/24 16:32:45 [GET] /script.js 192.168.10.12:47138 156.246µs
2025/06/24 16:35:02 Mudança detectada em www/script.js, enviando js-update
2025/06/24 16:35:02 [GET] / 192.168.10.12:47138 171.829µs
2025/06/24 16:35:02 [GET] /style.css 192.168.10.12:47138 111.017µs
2025/06/24 16:35:02 [GET] /script.js 192.168.10.12:47138 127.447µs
2025/06/24 16:35:29 [GET] / 192.168.10.12:47138 276.92µs
2025/06/24 16:35:29 [GET] /style.css 192.168.10.12:47138 121.205µs
2025/06/24 16:35:29 [GET] /script.js 192.168.10.12:47138 114.611µs
2025/06/24 16:37:40 [GET] / 192.168.10.12:47138 537.19µs
2025/06/24 16:37:40 [GET] /style.css 192.168.10.12:47138 180.248µs
2025/06/24 16:37:40 [GET] /script.js 192.168.10.12:54400 184.504µs
2025/06/24 16:38:11 Mudança detectada em www/style.css, enviando css-update
2025/06/24 16:38:11 [GET] / 192.168.10.12:54400 329.412µs
2025/06/24 16:38:11 [GET] /style.css 192.168.10.12:54400 124.73µs
2025/06/24 16:38:11 [GET] /script.js 192.168.10.12:47138 145.238µs
2025/06/24 16:38:41 Mudança detectada em www/style.css, enviando css-update
2025/06/24 16:38:41 [GET] / 192.168.10.12:47138 749.731µs
2025/06/24 16:38:41 [GET] /style.css 192.168.10.12:47138 114.62µs
2025/06/24 16:38:41 [GET] /script.js 192.168.10.12:54400 104.253µs
2025/06/24 16:38:47 [GET] / 192.168.10.12:54400 270.793µs
2025/06/24 16:38:47 [GET] /style.css 192.168.10.12:54400 233.995µs
2025/06/24 16:38:47 [GET] /script.js 192.168.10.12:54400 222.618µs
2025/06/24 16:39:10 Mudança detectada em www/apaga, enviando reload
2025/06/24 16:39:20 [GET] / 192.168.10.12:39368 182.356µs
2025/06/24 16:39:20 [GET] /style.css 192.168.10.12:39368 124.172µs
2025/06/24 16:39:20 [GET] /script.js 192.168.10.12:39368 138.104µs
2025/06/24 16:39:21 [GET] /favicon.ico 192.168.10.12:39368 627.112µs
2025/06/24 16:39:31 [GET] / 192.168.10.12:39368 182.016µs
2025/06/24 16:39:31 [GET] /style.css 192.168.10.12:39368 140.281µs
2025/06/24 16:39:31 [GET] /script.js 192.168.10.12:41186 230.967µs
2025/06/24 16:40:04 [GET] / 192.168.10.12:35230 181.238µs
2025/06/24 16:40:04 [GET] /style.css 192.168.10.12:35230 119.106µs
2025/06/24 16:40:04 [GET] /script.js 192.168.10.12:35230 138.716µs
2025/06/24 16:40:38 [GET] / 192.168.10.12:41186 326.323µs
2025/06/24 16:40:38 [GET] /style.css 192.168.10.12:41186 291.691µs
2025/06/24 16:40:38 [GET] /script.js 192.168.10.12:39368 238.959µs
2025/06/24 16:42:35 Mudança detectada em www/as, enviando reload
2025/06/24 16:42:35 [GET] / 192.168.10.12:39368 190.888µs
2025/06/24 16:42:35 [GET] /style.css 192.168.10.12:39368 161.554µs
2025/06/24 16:42:35 [GET] /script.js 192.168.10.12:41186 139.129µs
2025/06/24 16:42:41 Mudança detectada em www/+, enviando reload
2025/06/24 16:42:41 http: error reading directory: file does not exist
2025/06/24 16:42:41 [GET] / 192.168.10.12:41186 590.813µs
2025/06/24 16:42:53 Mudança detectada em www/index.html, enviando reload
2025/06/24 16:43:34 Mudança detectada em www/index.html, enviando reload
2025/06/24 16:43:48 Mudança detectada em www/style.css, enviando css-update
2025/06/24 16:44:26 Mudança detectada em www/style.css, enviando css-update
2025/06/24 16:44:34 Mudança detectada em www/js, enviando reload
2025/06/24 16:46:13 [GET] / 192.168.10.12:41186 152.758µs
2025/06/24 16:46:13 [GET] /style.css 192.168.10.12:41186 114.523µs
2025/06/24 16:46:13 [GET] /js/app.js 192.168.10.12:41186 60.938µs
2025/06/24 16:46:13 [GET] /js/db.js 192.168.10.12:41186 77.092µs
2025/06/24 16:46:13 [GET] /js/theme.js 192.168.10.12:39368 28.069µs
2025/06/24 16:46:13 [GET] /js/editor.js 192.168.10.12:46068 30.909µs
2025/06/24 16:46:13 [GET] /js/history.js 192.168.10.12:46072 54.843µs
2025/06/24 16:46:13 [GET] /js/modals.js 192.168.10.12:46086 56.938µs
2025/06/24 16:46:13 [GET] /js/commands.js 192.168.10.12:46090 39.232µs
2025/06/24 16:46:13 [GET] /js/misc.js 192.168.10.12:46068 21.959µs
2025/06/24 16:46:13 [GET] /js/export.js 192.168.10.12:41186 636.013µs
2025/06/24 16:46:13 [GET] /js/keybindings.js 192.168.10.12:39368 524.036µs
2025/06/24 16:47:38 [GET] / 192.168.10.12:39368 361.094µs
2025/06/24 16:47:38 [GET] /js/app.js 192.168.10.12:41186 56.026µs
2025/06/24 16:47:38 [GET] /style.css 192.168.10.12:39368 1.288261ms
2025/06/24 16:47:38 [GET] /js/db.js 192.168.10.12:39368 84.382µs
2025/06/24 16:47:38 [GET] /js/theme.js 192.168.10.12:41186 65.951µs
2025/06/24 16:47:38 [GET] /js/history.js 192.168.10.12:46090 91.76µs
2025/06/24 16:47:38 [GET] /js/modals.js 192.168.10.12:46086 52.756µs
2025/06/24 16:47:38 [GET] /js/commands.js 192.168.10.12:46072 14.092µs
2025/06/24 16:47:38 [GET] /js/editor.js 192.168.10.12:46068 701.36µs
2025/06/24 16:47:38 [GET] /js/export.js 192.168.10.12:46072 29.903µs
2025/06/24 16:47:38 [GET] /js/keybindings.js 192.168.10.12:39368 14.095µs
2025/06/24 16:47:38 [GET] /js/misc.js 192.168.10.12:41186 13.586µs
2025/06/24 16:48:50 [GET] / 192.168.10.12:34794 291.87µs
2025/06/24 16:48:50 [GET] /style.css 192.168.10.12:34794 212.783µs
2025/06/24 16:48:50 [GET] /js/app.js 192.168.10.12:34794 391.126µs
2025/06/24 16:48:50 [GET] /js/db.js 192.168.10.12:34794 69.243µs
2025/06/24 16:48:50 [GET] /js/theme.js 192.168.10.12:34804 67.293µs
2025/06/24 16:48:50 [GET] /js/editor.js 192.168.10.12:34820 42.413µs
2025/06/24 16:48:50 [GET] /js/commands.js 192.168.10.12:34856 93.268µs
2025/06/24 16:48:50 [GET] /js/modals.js 192.168.10.12:34840 89.256µs
2025/06/24 16:48:50 [GET] /js/history.js 192.168.10.12:34834 78.624µs
2025/06/24 16:48:50 [GET] /js/export.js 192.168.10.12:34794 127.286µs
2025/06/24 16:48:50 [GET] /js/keybindings.js 192.168.10.12:34820 40.14µs
2025/06/24 16:48:50 [GET] /js/misc.js 192.168.10.12:34804 85.344µs
2025/06/24 16:48:58 [GET] / 192.168.10.12:34804 318.452µs
2025/06/24 16:48:58 [GET] /style.css 192.168.10.12:34804 139.582µs
2025/06/24 16:48:58 [GET] /js/app.js 192.168.10.12:34820 78.627µs
2025/06/24 16:48:58 [GET] /js/db.js 192.168.10.12:34820 108.003µs
2025/06/24 16:48:58 [GET] /js/theme.js 192.168.10.12:34804 72.47µs
2025/06/24 16:48:58 [GET] /js/editor.js 192.168.10.12:34794 27.889µs
2025/06/24 16:48:58 [GET] /js/history.js 192.168.10.12:34834 118.478µs
2025/06/24 16:48:58 [GET] /js/modals.js 192.168.10.12:34840 230.364µs
2025/06/24 16:48:58 [GET] /js/commands.js 192.168.10.12:34856 98.145µs
2025/06/24 16:48:58 [GET] /js/export.js 192.168.10.12:34794 104.472µs
2025/06/24 16:48:58 [GET] /js/keybindings.js 192.168.10.12:34820 50.468µs
2025/06/24 16:48:58 [GET] /js/misc.js 192.168.10.12:34804 41.202µs
2025/06/24 16:49:00 [GET] / 192.168.10.12:34794 337.555µs
2025/06/24 16:49:00 [GET] /style.css 192.168.10.12:34794 178.092µs
2025/06/24 16:49:00 [GET] /js/app.js 192.168.10.12:34820 75.447µs
2025/06/24 16:49:00 [GET] /js/db.js 192.168.10.12:34820 86.618µs
2025/06/24 16:49:00 [GET] /js/editor.js 192.168.10.12:34804 15.879µs
2025/06/24 16:49:00 [GET] /js/theme.js 192.168.10.12:34794 40.827µs
2025/06/24 16:49:00 [GET] /js/history.js 192.168.10.12:34856 62.373µs
2025/06/24 16:49:00 [GET] /js/keybindings.js 192.168.10.12:34820 58.057µs
2025/06/24 16:49:00 [GET] /js/misc.js 192.168.10.12:34794 72.92µs
2025/06/24 16:49:00 [GET] /js/commands.js 192.168.10.12:34840 67.051µs
2025/06/24 16:49:00 [GET] /js/export.js 192.168.10.12:34804 57.701µs
2025/06/24 16:49:00 [GET] /js/modals.js 192.168.10.12:34834 50.573µs
2025/06/24 16:49:54 Mudança detectada em www/style.css, enviando css-update
2025/06/24 16:49:54 [GET] / 192.168.10.12:34834 183.766µs
2025/06/24 16:49:54 [GET] /style.css 192.168.10.12:34834 57.758µs
2025/06/24 16:49:54 [GET] /js/app.js 192.168.10.12:34804 38.671µs
2025/06/24 16:49:55 [GET] /js/db.js 192.168.10.12:34804 71.842µs
2025/06/24 16:49:55 [GET] /js/theme.js 192.168.10.12:34804 67.389µs
2025/06/24 16:49:55 [GET] /js/editor.js 192.168.10.12:34804 27.413µs
2025/06/24 16:49:55 [GET] /js/history.js 192.168.10.12:34804 99.761µs
2025/06/24 16:49:55 [GET] /js/modals.js 192.168.10.12:34834 103.707µs
2025/06/24 16:49:55 [GET] /js/commands.js 192.168.10.12:34804 109.982µs
2025/06/24 16:49:55 [GET] /js/export.js 192.168.10.12:34840 111.382µs
2025/06/24 16:49:55 [GET] /js/keybindings.js 192.168.10.12:34794 49.782µs
2025/06/24 16:49:55 [GET] /js/misc.js 192.168.10.12:34820 431.633µs
2025/06/24 16:49:58 Mudança detectada em www/style.css, enviando css-update
2025/06/24 16:49:58 [GET] / 192.168.10.12:34840 172.809µs
2025/06/24 16:49:58 [GET] /style.css 192.168.10.12:34840 115.869µs
2025/06/24 16:49:58 [GET] /js/app.js 192.168.10.12:34820 70.089µs
2025/06/24 16:49:58 [GET] /js/db.js 192.168.10.12:34840 87.087µs
2025/06/24 16:49:58 [GET] /js/theme.js 192.168.10.12:34820 73.385µs
2025/06/24 16:49:58 [GET] /js/editor.js 192.168.10.12:34794 27.15µs
2025/06/24 16:49:58 [GET] /js/history.js 192.168.10.12:34804 81.039µs
2025/06/24 16:49:58 [GET] /js/modals.js 192.168.10.12:34834 108.813µs
2025/06/24 16:49:58 [GET] /js/commands.js 192.168.10.12:34856 124.736µs
2025/06/24 16:49:58 [GET] /js/export.js 192.168.10.12:34794 106.748µs
2025/06/24 16:49:58 [GET] /js/keybindings.js 192.168.10.12:34840 68.461µs
2025/06/24 16:49:58 [GET] /js/misc.js 192.168.10.12:34820 38.821µs
2025/06/24 16:50:05 Mudança detectada em www/style.css, enviando css-update
2025/06/24 16:50:05 [GET] / 192.168.10.12:34794 160.106µs
2025/06/24 16:50:05 [GET] /style.css 192.168.10.12:34794 119.443µs
2025/06/24 16:50:05 [GET] /js/app.js 192.168.10.12:34820 76.931µs
2025/06/24 16:50:05 [GET] /js/db.js 192.168.10.12:34794 68.024µs
2025/06/24 16:50:05 [GET] /js/theme.js 192.168.10.12:34820 62.11µs
2025/06/24 16:50:05 [GET] /js/editor.js 192.168.10.12:34840 28.838µs
2025/06/24 16:50:05 [GET] /js/history.js 192.168.10.12:34856 131.193µs
2025/06/24 16:50:05 [GET] /js/modals.js 192.168.10.12:34834 130.735µs
2025/06/24 16:50:05 [GET] /js/misc.js 192.168.10.12:34820 38.323µs
2025/06/24 16:50:05 [GET] /js/commands.js 192.168.10.12:34804 51.484µs
2025/06/24 16:50:05 [GET] /js/keybindings.js 192.168.10.12:34794 25.052µs
2025/06/24 16:50:05 [GET] /js/export.js 192.168.10.12:34840 54.55µs
2025/06/24 16:50:07 [GET] / 192.168.10.12:34840 7.268178ms
2025/06/24 16:50:07 [GET] /js/app.js 192.168.10.12:34804 34.628µs
2025/06/24 16:50:07 [GET] /style.css 192.168.10.12:34840 104.936µs
2025/06/24 16:50:07 [GET] /js/db.js 192.168.10.12:34840 65.278µs
2025/06/24 16:50:07 [GET] /js/theme.js 192.168.10.12:34804 60.779µs
2025/06/24 16:50:07 [GET] /js/commands.js 192.168.10.12:34856 63.713µs
2025/06/24 16:50:07 [GET] /js/editor.js 192.168.10.12:34834 15.953µs
2025/06/24 16:50:07 [GET] /js/history.js 192.168.10.12:34794 60.708µs
2025/06/24 16:50:07 [GET] /js/modals.js 192.168.10.12:34820 242.426µs
2025/06/24 16:50:07 [GET] /js/export.js 192.168.10.12:34840 90.913µs
2025/06/24 16:50:07 [GET] /js/keybindings.js 192.168.10.12:34804 34.084µs
2025/06/24 16:50:07 [GET] /js/misc.js 192.168.10.12:34834 622.844µs
2025/06/24 16:50:10 Mudança detectada em www/style.css, enviando css-update
2025/06/24 16:50:10 [GET] / 192.168.10.12:34834 186.298µs
2025/06/24 16:50:10 [GET] /style.css 192.168.10.12:34834 48.462µs
2025/06/24 16:50:10 [GET] /js/app.js 192.168.10.12:34804 51.797µs
2025/06/24 16:50:11 [GET] /js/db.js 192.168.10.12:34804 81.16µs
2025/06/24 16:50:11 [GET] /js/history.js 192.168.10.12:34820 64.099µs
2025/06/24 16:50:11 [GET] /js/editor.js 192.168.10.12:34840 20.654µs
2025/06/24 16:50:11 [GET] /js/theme.js 192.168.10.12:34834 28.662µs
2025/06/24 16:50:11 [GET] /js/modals.js 192.168.10.12:34794 56.712µs
2025/06/24 16:50:11 [GET] /js/commands.js 192.168.10.12:34856 99.395µs
2025/06/24 16:50:11 [GET] /js/export.js 192.168.10.12:34804 89.979µs
2025/06/24 16:50:11 [GET] /js/keybindings.js 192.168.10.12:34840 55.238µs
2025/06/24 16:50:11 [GET] /js/misc.js 192.168.10.12:34834 52.095µs
2025/06/24 16:50:11 Mudança detectada em www/style.css, enviando css-update
2025/06/24 16:50:11 [GET] / 192.168.10.12:34834 6.062698ms
2025/06/24 16:50:12 [GET] /style.css 192.168.10.12:34834 106.155µs
2025/06/24 16:50:12 [GET] /js/app.js 192.168.10.12:34840 55.877µs
2025/06/24 16:50:12 [GET] /js/db.js 192.168.10.12:34834 71.854µs
2025/06/24 16:50:12 [GET] /js/theme.js 192.168.10.12:34840 67.654µs
2025/06/24 16:50:12 [GET] /js/editor.js 192.168.10.12:34834 46.146µs
2025/06/24 16:50:12 [GET] /js/history.js 192.168.10.12:34840 106.669µs
2025/06/24 16:50:12 [GET] /js/modals.js 192.168.10.12:34834 84.649µs
2025/06/24 16:50:12 [GET] /js/commands.js 192.168.10.12:34834 97.287µs
2025/06/24 16:50:12 [GET] /js/export.js 192.168.10.12:34840 64.857µs
2025/06/24 16:50:12 [GET] /js/keybindings.js 192.168.10.12:34804 87.736µs
2025/06/24 16:50:12 [GET] /js/misc.js 192.168.10.12:34856 59µs
2025/06/24 16:50:15 Mudança detectada em www/style.css, enviando css-update
2025/06/24 16:50:15 [GET] / 192.168.10.12:34856 153.935µs
2025/06/24 16:50:15 [GET] /js/app.js 192.168.10.12:34804 65.758µs
2025/06/24 16:50:15 [GET] /style.css 192.168.10.12:34856 26.763µs
2025/06/24 16:50:15 [GET] /js/db.js 192.168.10.12:34804 65.089µs
2025/06/24 16:50:15 [GET] /js/theme.js 192.168.10.12:34856 49.305µs
2025/06/24 16:50:15 [GET] /js/editor.js 192.168.10.12:34840 33.274µs
2025/06/24 16:50:15 [GET] /js/history.js 192.168.10.12:34834 174.945µs
2025/06/24 16:50:15 [GET] /js/modals.js 192.168.10.12:34794 99.364µs
2025/06/24 16:50:15 [GET] /js/commands.js 192.168.10.12:34820 106.812µs
2025/06/24 16:50:15 [GET] /js/export.js 192.168.10.12:34840 81.856µs
2025/06/24 16:50:15 [GET] /js/keybindings.js 192.168.10.12:34804 47.326µs
2025/06/24 16:50:15 [GET] /js/misc.js 192.168.10.12:34856 66.718µs
2025/06/24 16:50:16 [GET] / 192.168.10.12:34840 143.443µs
2025/06/24 16:50:16 [GET] /style.css 192.168.10.12:34840 50.899µs
2025/06/24 16:50:16 [GET] /js/app.js 192.168.10.12:34840 74.973µs
2025/06/24 16:50:16 [GET] /js/db.js 192.168.10.12:34840 71.472µs
2025/06/24 16:50:16 [GET] /js/theme.js 192.168.10.12:34856 55.956µs
2025/06/24 16:50:16 [GET] /js/editor.js 192.168.10.12:34804 20.041µs
2025/06/24 16:50:16 [GET] /js/history.js 192.168.10.12:34820 67.576µs
2025/06/24 16:50:16 [GET] /js/modals.js 192.168.10.12:34794 75.422µs
2025/06/24 16:50:16 [GET] /js/commands.js 192.168.10.12:34834 88.142µs
2025/06/24 16:50:16 [GET] /js/export.js 192.168.10.12:34804 88.836µs
2025/06/24 16:50:16 [GET] /js/misc.js 192.168.10.12:34856 69.02µs
2025/06/24 16:50:16 [GET] /js/keybindings.js 192.168.10.12:34840 35.079µs
2025/06/24 16:50:18 Mudança detectada em www/style.css, enviando css-update
2025/06/24 16:50:18 [GET] / 192.168.10.12:34840 173.081µs
2025/06/24 16:50:18 [GET] /style.css 192.168.10.12:34840 113.344µs
2025/06/24 16:50:18 [GET] /js/app.js 192.168.10.12:34856 31.561µs
2025/06/24 16:50:18 [GET] /js/db.js 192.168.10.12:34840 91.102µs
2025/06/24 16:50:18 [GET] /js/history.js 192.168.10.12:34834 257.184µs
2025/06/24 16:50:18 [GET] /js/theme.js 192.168.10.12:34856 39.626µs
2025/06/24 16:50:18 [GET] /js/editor.js 192.168.10.12:34804 25.866µs
2025/06/24 16:50:18 [GET] /js/commands.js 192.168.10.12:34820 207.466µs
2025/06/24 16:50:18 [GET] /js/modals.js 192.168.10.12:34794 1.997585ms
2025/06/24 16:50:18 [GET] /js/export.js 192.168.10.12:34840 123.853µs
2025/06/24 16:50:18 [GET] /js/misc.js 192.168.10.12:34856 93.549µs
2025/06/24 16:50:18 [GET] /js/keybindings.js 192.168.10.12:34804 46.04µs
2025/06/24 16:50:21 Mudança detectada em www/style.css, enviando css-update
2025/06/24 16:50:21 [GET] / 192.168.10.12:34804 861.09µs
2025/06/24 16:50:21 [GET] /style.css 192.168.10.12:34804 206.175µs
2025/06/24 16:50:21 [GET] /js/app.js 192.168.10.12:34856 98.464µs
2025/06/24 16:50:21 [GET] /js/db.js 192.168.10.12:34856 84.898µs
2025/06/24 16:50:21 [GET] /js/theme.js 192.168.10.12:34804 59.275µs
2025/06/24 16:50:21 [GET] /js/editor.js 192.168.10.12:34840 17.967µs
2025/06/24 16:50:21 [GET] /js/history.js 192.168.10.12:34794 60.844µs
2025/06/24 16:50:21 [GET] /js/modals.js 192.168.10.12:34820 112.172µs
2025/06/24 16:50:21 [GET] /js/commands.js 192.168.10.12:34834 99.54µs
2025/06/24 16:50:22 [GET] /js/export.js 192.168.10.12:34840 100.062µs
2025/06/24 16:50:22 [GET] /js/keybindings.js 192.168.10.12:34856 68.861µs
2025/06/24 16:50:22 [GET] /js/misc.js 192.168.10.12:34804 59.913µs
2025/06/24 16:50:23 Mudança detectada em www/style.css, enviando css-update
2025/06/24 16:50:23 [GET] / 192.168.10.12:34804 199.909µs
2025/06/24 16:50:23 [GET] /style.css 192.168.10.12:34804 166.985µs
2025/06/24 16:50:23 [GET] /js/app.js 192.168.10.12:34804 65.738µs
2025/06/24 16:50:23 [GET] /js/db.js 192.168.10.12:34804 79.911µs
2025/06/24 16:50:23 [GET] /js/theme.js 192.168.10.12:34856 67.518µs
2025/06/24 16:50:23 [GET] /js/editor.js 192.168.10.12:34840 89.811µs
2025/06/24 16:50:23 [GET] /js/history.js 192.168.10.12:34834 112.246µs
2025/06/24 16:50:23 [GET] /js/modals.js 192.168.10.12:34820 1.577655ms
2025/06/24 16:50:23 [GET] /js/commands.js 192.168.10.12:34794 59.383µs
2025/06/24 16:50:23 [GET] /js/export.js 192.168.10.12:34840 114.502µs
2025/06/24 16:50:23 [GET] /js/keybindings.js 192.168.10.12:34804 55.028µs
2025/06/24 16:50:23 [GET] /js/misc.js 192.168.10.12:34856 78.847µs
2025/06/24 16:50:25 Mudança detectada em www/style.css, enviando css-update
2025/06/24 16:50:25 [GET] / 192.168.10.12:34856 287.416µs
2025/06/24 16:50:25 [GET] /style.css 192.168.10.12:34856 845.141µs
2025/06/24 16:50:25 [GET] /js/app.js 192.168.10.12:34804 74.792µs
2025/06/24 16:50:25 [GET] /js/db.js 192.168.10.12:34804 75.619µs
2025/06/24 16:50:25 [GET] /js/theme.js 192.168.10.12:34856 30.331µs
2025/06/24 16:50:25 [GET] /js/editor.js 192.168.10.12:34840 45.257µs
2025/06/24 16:50:25 [GET] /js/history.js 192.168.10.12:34794 76.062µs
2025/06/24 16:50:25 [GET] /js/modals.js 192.168.10.12:34820 58.13µs
2025/06/24 16:50:25 [GET] /js/commands.js 192.168.10.12:34834 144.737µs
2025/06/24 16:50:25 [GET] /js/export.js 192.168.10.12:34840 94.125µs
2025/06/24 16:50:25 [GET] /js/misc.js 192.168.10.12:34856 35.056µs
2025/06/24 16:50:25 [GET] /js/keybindings.js 192.168.10.12:34804 27.811µs
2025/06/24 16:50:38 Mudança detectada em www/index.html, enviando reload
2025/06/24 16:50:38 [GET] / 192.168.10.12:34840 158.841µs
2025/06/24 16:50:38 [GET] /style.css 192.168.10.12:34840 118.216µs
2025/06/24 16:50:38 [GET] /js/app.js 192.168.10.12:34804 65.184µs
2025/06/24 16:50:38 [GET] /js/theme.js 192.168.10.12:34840 64.626µs
2025/06/24 16:50:38 [GET] /js/db.js 192.168.10.12:34804 75.024µs
2025/06/24 16:50:38 [GET] /js/editor.js 192.168.10.12:34840 28.659µs
2025/06/24 16:50:38 [GET] /js/history.js 192.168.10.12:34856 82.797µs
2025/06/24 16:50:38 [GET] /js/commands.js 192.168.10.12:34820 84.137µs
2025/06/24 16:50:38 [GET] /js/modals.js 192.168.10.12:34834 2.405022ms
2025/06/24 16:50:38 [GET] /js/export.js 192.168.10.12:34794 126.316µs
2025/06/24 16:50:38 [GET] /js/keybindings.js 192.168.10.12:34804 80.231µs
2025/06/24 16:50:38 [GET] /js/misc.js 192.168.10.12:34840 95.934µs
2025/06/24 16:50:40 [GET] / 192.168.10.12:34840 320.841µs
2025/06/24 16:50:40 [GET] /style.css 192.168.10.12:34840 181.639µs
2025/06/24 16:50:40 [GET] /js/app.js 192.168.10.12:34840 89.628µs
2025/06/24 16:50:40 [GET] /js/db.js 192.168.10.12:34840 81.936µs
2025/06/24 16:50:40 [GET] /js/theme.js 192.168.10.12:34804 36.943µs
2025/06/24 16:50:40 [GET] /js/editor.js 192.168.10.12:34794 37.301µs
2025/06/24 16:50:40 [GET] /js/modals.js 192.168.10.12:34834 103.193µs
2025/06/24 16:50:40 [GET] /js/history.js 192.168.10.12:34820 58.036µs
2025/06/24 16:50:40 [GET] /js/commands.js 192.168.10.12:34856 114.353µs
2025/06/24 16:50:40 [GET] /js/export.js 192.168.10.12:34794 179.44µs
2025/06/24 16:50:40 [GET] /js/keybindings.js 192.168.10.12:34840 71.854µs
2025/06/24 16:50:40 [GET] /js/misc.js 192.168.10.12:34804 56.057µs
2025/06/24 16:51:08 [GET] / 192.168.10.12:34804 144.837µs
2025/06/24 16:51:08 [GET] /style.css 192.168.10.12:34804 116.8µs
2025/06/24 16:51:08 [GET] /js/app.js 192.168.10.12:34840 55.273µs
2025/06/24 16:51:08 [GET] /js/db.js 192.168.10.12:34840 80.587µs
2025/06/24 16:51:08 [GET] /js/theme.js 192.168.10.12:34804 58.075µs
2025/06/24 16:51:08 [GET] /js/history.js 192.168.10.12:34856 91.413µs
2025/06/24 16:51:08 [GET] /js/editor.js 192.168.10.12:34794 19.133µs
2025/06/24 16:51:08 [GET] /js/modals.js 192.168.10.12:34820 85.82µs
2025/06/24 16:51:08 [GET] /js/commands.js 192.168.10.12:34834 114.739µs
2025/06/24 16:51:08 [GET] /js/export.js 192.168.10.12:34794 99.27µs
2025/06/24 16:51:08 [GET] /js/keybindings.js 192.168.10.12:34840 77.751µs
2025/06/24 16:51:08 [GET] /js/misc.js 192.168.10.12:34804 56.479µs
2025/06/24 16:51:42 Mudança detectada em www/index.html, enviando reload
2025/06/24 16:51:42 [GET] / 192.168.10.12:34794 211.487µs
2025/06/24 16:51:42 [GET] /style.css 192.168.10.12:34794 142.62µs
2025/06/24 16:51:42 [GET] /js/app.js 192.168.10.12:34804 63.103µs
2025/06/24 16:51:42 [GET] /js/db.js 192.168.10.12:34804 65.849µs
2025/06/24 16:51:42 [GET] /js/theme.js 192.168.10.12:34794 67.425µs
2025/06/24 16:51:42 [GET] /js/editor.js 192.168.10.12:34840 47.56µs
2025/06/24 16:51:42 [GET] /js/history.js 192.168.10.12:34804 106.866µs
2025/06/24 16:51:42 [GET] /js/modals.js 192.168.10.12:34804 90.483µs
2025/06/24 16:51:42 [GET] /js/commands.js 192.168.10.12:34794 68.99µs
2025/06/24 16:51:42 [GET] /js/export.js 192.168.10.12:34840 55.845µs
2025/06/24 16:51:43 [GET] /js/keybindings.js 192.168.10.12:34794 70.057µs
2025/06/24 16:51:43 [GET] /js/misc.js 192.168.10.12:34840 72.125µs
2025/06/24 16:51:44 [GET] / 192.168.10.12:34840 421.066µs
2025/06/24 16:51:44 [GET] /style.css 192.168.10.12:34840 198.946µs
2025/06/24 16:51:44 [GET] /js/app.js 192.168.10.12:34794 120.617µs
2025/06/24 16:51:44 [GET] /js/db.js 192.168.10.12:34794 72.012µs
2025/06/24 16:51:44 [GET] /js/theme.js 192.168.10.12:34840 66.709µs
2025/06/24 16:51:44 [GET] /js/editor.js 192.168.10.12:34794 27.548µs
2025/06/24 16:51:44 [GET] /js/history.js 192.168.10.12:34804 75.084µs
2025/06/24 16:51:44 [GET] /js/modals.js 192.168.10.12:34834 116.796µs
2025/06/24 16:51:44 [GET] /js/commands.js 192.168.10.12:34820 115.604µs
2025/06/24 16:51:44 [GET] /js/export.js 192.168.10.12:34856 57.11µs
2025/06/24 16:51:44 [GET] /js/keybindings.js 192.168.10.12:34840 69.13µs
2025/06/24 16:51:44 [GET] /js/misc.js 192.168.10.12:34794 88.339µs
2025/06/24 16:51:51 Mudança detectada em www/index.html, enviando reload
2025/06/24 16:51:51 [GET] / 192.168.10.12:34794 179.042µs
2025/06/24 16:51:51 [GET] /style.css 192.168.10.12:34794 120.764µs
2025/06/24 16:51:51 [GET] /js/app.js 192.168.10.12:34856 89.596µs
2025/06/24 16:51:51 [GET] /js/db.js 192.168.10.12:34794 86.013µs
2025/06/24 16:51:51 [GET] /js/theme.js 192.168.10.12:34856 62.526µs
2025/06/24 16:51:51 [GET] /js/editor.js 192.168.10.12:34820 39.231µs
2025/06/24 16:51:51 [GET] /js/history.js 192.168.10.12:34840 105.205µs
2025/06/24 16:51:51 [GET] /js/commands.js 192.168.10.12:34804 109.717µs
2025/06/24 16:51:51 [GET] /js/modals.js 192.168.10.12:34834 53.417µs
2025/06/24 16:51:51 [GET] /js/export.js 192.168.10.12:34820 110.758µs
2025/06/24 16:51:51 [GET] /js/keybindings.js 192.168.10.12:34794 78.216µs
2025/06/24 16:51:51 [GET] /js/misc.js 192.168.10.12:34856 51.621µs
2025/06/24 16:52:13 Mudança detectada em www/index.html, enviando reload
2025/06/24 16:52:13 [GET] / 192.168.10.12:34856 179.745µs
2025/06/24 16:52:13 [GET] /style.css 192.168.10.12:34856 119.144µs
2025/06/24 16:52:13 [GET] /js/app.js 192.168.10.12:34856 56.046µs
2025/06/24 16:52:13 [GET] /js/editor.js 192.168.10.12:34820 24.187µs
2025/06/24 16:52:13 [GET] /js/theme.js 192.168.10.12:34794 51.463µs
2025/06/24 16:52:13 [GET] /js/db.js 192.168.10.12:34856 34.472µs
2025/06/24 16:52:13 [GET] /js/commands.js 192.168.10.12:34840 60.45µs
2025/06/24 16:52:13 [GET] /js/modals.js 192.168.10.12:34804 45.972µs
2025/06/24 16:52:13 [GET] /js/history.js 192.168.10.12:34834 54.878µs
2025/06/24 16:52:13 [GET] /js/export.js 192.168.10.12:34820 102.103µs
2025/06/24 16:52:13 [GET] /js/keybindings.js 192.168.10.12:34794 71.109µs
2025/06/24 16:52:13 [GET] /js/misc.js 192.168.10.12:34856 207.529µs
2025/06/24 16:52:16 Mudança detectada em www/index.html, enviando reload
2025/06/24 16:52:16 [GET] / 192.168.10.12:34820 152.433µs
2025/06/24 16:52:16 [GET] /style.css 192.168.10.12:34820 104.729µs
2025/06/24 16:52:16 [GET] /script.js 192.168.10.12:34856 30.424µs
2025/06/24 16:52:19 Mudança detectada em www/index.html, enviando reload
2025/06/24 16:52:19 [GET] / 192.168.10.12:34856 168.02µs
2025/06/24 16:52:19 [GET] /style.css 192.168.10.12:34856 147.027µs
2025/06/24 16:52:19 [GET] /js/app.js 192.168.10.12:34820 60.493µs
2025/06/24 16:52:20 [GET] /js/db.js 192.168.10.12:34856 67.763µs
2025/06/24 16:52:20 [GET] /js/theme.js 192.168.10.12:34820 65.551µs
2025/06/24 16:52:20 [GET] /js/editor.js 192.168.10.12:34794 28.929µs
2025/06/24 16:52:20 [GET] /js/history.js 192.168.10.12:34834 118.849µs
2025/06/24 16:52:20 [GET] /js/modals.js 192.168.10.12:34804 96.135µs
2025/06/24 16:52:20 [GET] /js/commands.js 192.168.10.12:34840 94.636µs
2025/06/24 16:52:20 [GET] /js/export.js 192.168.10.12:34794 112.046µs
2025/06/24 16:52:20 [GET] /js/keybindings.js 192.168.10.12:34856 93.474µs
2025/06/24 16:52:20 [GET] /js/misc.js 192.168.10.12:34820 92.608µs
2025/06/24 16:52:39 [GET] / 192.168.10.12:34794 295.413µs
2025/06/24 16:52:39 [GET] /style.css 192.168.10.12:34794 115.771µs
2025/06/24 16:52:39 [GET] /js/app.js 192.168.10.12:34794 65.825µs
2025/06/24 16:52:39 [GET] /js/db.js 192.168.10.12:34794 89.834µs
2025/06/24 16:52:39 [GET] /js/theme.js 192.168.10.12:34820 37.207µs
2025/06/24 16:52:39 [GET] /js/editor.js 192.168.10.12:34820 28.429µs
2025/06/24 16:52:39 [GET] /js/history.js 192.168.10.12:34794 86.849µs
2025/06/24 16:52:39 [GET] /js/modals.js 192.168.10.12:34856 83.418µs
2025/06/24 16:52:39 [GET] /js/commands.js 192.168.10.12:34840 100.375µs
2025/06/24 16:52:39 [GET] /js/export.js 192.168.10.12:34804 107.82µs
2025/06/24 16:52:39 [GET] /js/keybindings.js 192.168.10.12:34834 60.403µs
2025/06/24 16:52:39 [GET] /js/misc.js 192.168.10.12:34820 82.247µs
2025/06/24 16:53:22 [GET] / 192.168.10.12:34820 169.77µs
2025/06/24 16:53:22 [GET] /style.css 192.168.10.12:34820 124.336µs
2025/06/24 16:53:22 [GET] /js/app.js 192.168.10.12:34804 57.71µs
2025/06/24 16:53:22 [GET] /js/db.js 192.168.10.12:34804 69.196µs
2025/06/24 16:53:22 [GET] /js/theme.js 192.168.10.12:34820 52.855µs
2025/06/24 16:53:22 [GET] /js/editor.js 192.168.10.12:34840 31.142µs
2025/06/24 16:53:22 [GET] /js/history.js 192.168.10.12:34856 80.602µs
2025/06/24 16:53:22 [GET] /js/modals.js 192.168.10.12:34794 282.444µs
2025/06/24 16:53:22 [GET] /js/commands.js 192.168.10.12:34834 84.589µs
2025/06/24 16:53:22 [GET] /js/export.js 192.168.10.12:34840 95.682µs
2025/06/24 16:53:22 [GET] /js/keybindings.js 192.168.10.12:34804 63.096µs
2025/06/24 16:53:22 [GET] /js/misc.js 192.168.10.12:34820 57.431µs
2025/06/24 16:53:24 [GET] / 192.168.10.12:34820 163.09µs
2025/06/24 16:53:24 [GET] /style.css 192.168.10.12:34820 119.06µs
2025/06/24 16:53:24 [GET] /js/app.js 192.168.10.12:34820 62.471µs
2025/06/24 16:53:24 [GET] /js/db.js 192.168.10.12:34820 81.09µs
2025/06/24 16:53:24 [GET] /js/theme.js 192.168.10.12:34804 72.226µs
2025/06/24 16:53:24 [GET] /js/editor.js 192.168.10.12:34840 33.868µs
2025/06/24 16:53:24 [GET] /js/history.js 192.168.10.12:34794 98.608µs
2025/06/24 16:53:24 [GET] /js/modals.js 192.168.10.12:34834 121.433µs
2025/06/24 16:53:24 [GET] /js/commands.js 192.168.10.12:34856 2.421566ms
2025/06/24 16:53:24 [GET] /js/misc.js 192.168.10.12:34804 84.228µs
2025/06/24 16:53:24 [GET] /js/export.js 192.168.10.12:34840 62.068µs
2025/06/24 16:53:24 [GET] /js/keybindings.js 192.168.10.12:34820 34.116µs
2025/06/24 16:53:24 [GET] / 192.168.10.12:34840 214.45µs
2025/06/24 16:53:24 [GET] /style.css 192.168.10.12:34840 140.299µs
2025/06/24 16:53:24 [GET] /js/app.js 192.168.10.12:34840 69.222µs
2025/06/24 16:53:24 [GET] /js/db.js 192.168.10.12:34840 137.672µs
2025/06/24 16:53:24 [GET] /js/history.js 192.168.10.12:34856 79.741µs
2025/06/24 16:53:24 [GET] /js/editor.js 192.168.10.12:34804 16.959µs
2025/06/24 16:53:24 [GET] /js/theme.js 192.168.10.12:34820 30.368µs
2025/06/24 16:53:24 [GET] /js/commands.js 192.168.10.12:34794 60.653µs
2025/06/24 16:53:24 [GET] /js/modals.js 192.168.10.12:34834 53.845µs
2025/06/24 16:53:24 [GET] /js/export.js 192.168.10.12:34804 95.329µs
2025/06/24 16:53:24 [GET] /js/keybindings.js 192.168.10.12:34840 59.953µs
2025/06/24 16:53:24 [GET] /js/misc.js 192.168.10.12:34820 33.861µs
2025/06/24 16:53:25 [GET] / 192.168.10.12:34820 181.901µs
2025/06/24 16:53:25 [GET] /style.css 192.168.10.12:34820 132.358µs
2025/06/24 16:53:25 [GET] /js/app.js 192.168.10.12:34804 54.413µs
2025/06/24 16:53:25 [GET] /js/db.js 192.168.10.12:34804 130.648µs
2025/06/24 16:53:25 [GET] /js/theme.js 192.168.10.12:34820 51.125µs
2025/06/24 16:53:25 [GET] /js/editor.js 192.168.10.12:34840 18.42µs
2025/06/24 16:53:25 [GET] /js/history.js 192.168.10.12:34834 103.573µs
2025/06/24 16:53:25 [GET] /js/modals.js 192.168.10.12:34794 92.047µs
2025/06/24 16:53:25 [GET] /js/commands.js 192.168.10.12:34856 94.926µs
2025/06/24 16:53:25 [GET] /js/export.js 192.168.10.12:34840 90.129µs
2025/06/24 16:53:25 [GET] /js/keybindings.js 192.168.10.12:34804 64.313µs
2025/06/24 16:53:25 [GET] /js/misc.js 192.168.10.12:34820 70.2µs
2025/06/24 16:53:25 [GET] / 192.168.10.12:34820 233.864µs
2025/06/24 16:53:25 [GET] /style.css 192.168.10.12:34820 213.181µs
2025/06/24 16:53:25 [GET] /js/app.js 192.168.10.12:34804 83.32µs
2025/06/24 16:53:25 [GET] /js/db.js 192.168.10.12:34804 76.272µs
2025/06/24 16:53:25 [GET] /js/theme.js 192.168.10.12:34820 39.709µs
2025/06/24 16:53:25 [GET] /js/editor.js 192.168.10.12:34840 19.984µs
2025/06/24 16:53:25 [GET] /js/history.js 192.168.10.12:34856 105.618µs
2025/06/24 16:53:25 [GET] /js/modals.js 192.168.10.12:34794 61.743µs
2025/06/24 16:53:25 [GET] /js/commands.js 192.168.10.12:34834 110.919µs
2025/06/24 16:53:25 [GET] /js/export.js 192.168.10.12:34840 103.316µs
2025/06/24 16:53:25 [GET] /js/keybindings.js 192.168.10.12:34804 68.578µs
2025/06/24 16:53:25 [GET] /js/misc.js 192.168.10.12:34820 49.165µs
2025/06/24 16:53:25 [GET] / 192.168.10.12:34820 291.419µs
2025/06/24 16:53:25 [GET] /style.css 192.168.10.12:34820 218.501µs
2025/06/24 16:53:25 [GET] /js/app.js 192.168.10.12:34820 79.015µs
2025/06/24 16:53:25 [GET] /js/db.js 192.168.10.12:34820 73.043µs
2025/06/24 16:53:25 [GET] /js/theme.js 192.168.10.12:34804 526.501µs
2025/06/24 16:53:25 [GET] /js/modals.js 192.168.10.12:34794 70.924µs
2025/06/24 16:53:25 [GET] /js/history.js 192.168.10.12:34834 71.808µs
2025/06/24 16:53:25 [GET] /js/editor.js 192.168.10.12:34840 25.036µs
2025/06/24 16:53:25 [GET] /js/commands.js 192.168.10.12:34856 61.107µs
2025/06/24 16:53:25 [GET] /js/export.js 192.168.10.12:34820 90.459µs
2025/06/24 16:53:25 [GET] /js/keybindings.js 192.168.10.12:34840 50.331µs
2025/06/24 16:53:25 [GET] /js/misc.js 192.168.10.12:34804 72.146µs
2025/06/24 16:55:23 [GET] / 192.168.10.12:34820 283.473µs
2025/06/24 16:55:23 [GET] /style.css 192.168.10.12:34820 150.391µs
2025/06/24 16:55:23 [GET] /js/app.js 192.168.10.12:34804 68.629µs
2025/06/24 16:55:23 [GET] /js/db.js 192.168.10.12:34804 73.506µs
2025/06/24 16:55:23 [GET] /js/theme.js 192.168.10.12:34820 55.67µs
2025/06/24 16:55:23 [GET] /js/history.js 192.168.10.12:34856 65.196µs
2025/06/24 16:55:23 [GET] /js/editor.js 192.168.10.12:34840 15.742µs
2025/06/24 16:55:23 [GET] /js/modals.js 192.168.10.12:34794 104.59µs
2025/06/24 16:55:23 [GET] /js/commands.js 192.168.10.12:34834 102.062µs
2025/06/24 16:55:23 [GET] /js/export.js 192.168.10.12:34840 91.358µs
2025/06/24 16:55:23 [GET] /js/keybindings.js 192.168.10.12:34804 56.11µs
2025/06/24 16:55:23 [GET] /js/misc.js 192.168.10.12:34820 48.411µs
2025/06/24 16:55:26 [GET] / 192.168.10.12:34820 288.232µs
2025/06/24 16:55:26 [GET] /style.css 192.168.10.12:34820 195.424µs
2025/06/24 16:55:26 [GET] /js/app.js 192.168.10.12:34804 145.469µs
2025/06/24 16:55:26 [GET] /js/db.js 192.168.10.12:34804 73.658µs
2025/06/24 16:55:26 [GET] /js/theme.js 192.168.10.12:34820 64.794µs
2025/06/24 16:55:26 [GET] /js/editor.js 192.168.10.12:34840 16.549µs
2025/06/24 16:55:26 [GET] /js/history.js 192.168.10.12:34834 72.759µs
2025/06/24 16:55:26 [GET] /js/modals.js 192.168.10.12:34794 116.805µs
2025/06/24 16:55:26 [GET] /js/commands.js 192.168.10.12:34856 100.788µs
2025/06/24 16:55:26 [GET] /js/export.js 192.168.10.12:34840 118.877µs
2025/06/24 16:55:26 [GET] /js/keybindings.js 192.168.10.12:34804 81.521µs
2025/06/24 16:55:26 [GET] /js/misc.js 192.168.10.12:34820 36.099µs
2025/06/24 16:55:32 Mudança detectada em www/as, enviando reload
2025/06/24 16:55:32 [GET] / 192.168.10.12:34820 157.064µs
2025/06/24 16:55:32 [GET] /style.css 192.168.10.12:34820 121.15µs
2025/06/24 16:55:32 [GET] /js/app.js 192.168.10.12:34804 62.757µs
2025/06/24 16:55:32 [GET] /js/theme.js 192.168.10.12:34804 33.396µs
2025/06/24 16:55:32 [GET] /js/editor.js 192.168.10.12:34840 385.316µs
2025/06/24 16:55:32 [GET] /js/db.js 192.168.10.12:34820 595.298µs
2025/06/24 16:55:32 [GET] /js/history.js 192.168.10.12:34804 89.78µs
2025/06/24 16:55:32 [GET] /js/modals.js 192.168.10.12:34804 102.152µs
2025/06/24 16:55:32 [GET] /js/commands.js 192.168.10.12:34820 62.873µs
2025/06/24 16:55:32 [GET] /js/export.js 192.168.10.12:34840 50.277µs
2025/06/24 16:55:32 [GET] /js/keybindings.js 192.168.10.12:34840 64.824µs
2025/06/24 16:55:32 [GET] /js/misc.js 192.168.10.12:34820 46.996µs
2025/06/24 16:55:49 Mudança detectada em www/as.zip, enviando reload
2025/06/24 16:55:49 [GET] / 192.168.10.12:34820 149.633µs
2025/06/24 16:55:49 [GET] /style.css 192.168.10.12:34820 106.336µs
2025/06/24 16:55:49 [GET] /js/app.js 192.168.10.12:34820 77.652µs
2025/06/24 16:55:49 [GET] /js/db.js 192.168.10.12:34820 68.301µs
2025/06/24 16:55:49 [GET] /js/editor.js 192.168.10.12:34804 18.635µs
2025/06/24 16:55:49 [GET] /js/theme.js 192.168.10.12:34840 28.1µs
2025/06/24 16:55:49 [GET] /js/history.js 192.168.10.12:34856 93.002µs
2025/06/24 16:55:49 [GET] /js/modals.js 192.168.10.12:34856 95.186µs
2025/06/24 16:55:49 [GET] /js/export.js 192.168.10.12:34820 115.876µs
2025/06/24 16:55:49 [GET] /js/commands.js 192.168.10.12:34840 562.435µs
2025/06/24 16:55:49 [GET] /js/keybindings.js 192.168.10.12:34856 56.999µs
2025/06/24 16:55:49 [GET] /js/misc.js 192.168.10.12:34820 74.305µs
2025/06/24 17:00:13 [GET] / 192.168.10.12:34820 167.741µs
2025/06/24 17:00:13 [GET] /style.css 192.168.10.12:34820 119.885µs
2025/06/24 17:00:13 [GET] /js/app.js 192.168.10.12:34856 35.972µs
2025/06/24 17:00:13 [GET] /js/db.js 192.168.10.12:34820 83.842µs
2025/06/24 17:00:13 [GET] /js/theme.js 192.168.10.12:34856 59.189µs
2025/06/24 17:00:13 [GET] /js/editor.js 192.168.10.12:34840 98.244µs
2025/06/24 17:00:13 [GET] /js/history.js 192.168.10.12:34804 104.494µs
2025/06/24 17:00:13 [GET] /js/modals.js 192.168.10.12:34794 64.904µs
2025/06/24 17:00:13 [GET] /js/commands.js 192.168.10.12:34834 78.271µs
2025/06/24 17:00:13 [GET] /js/export.js 192.168.10.12:34820 97.474µs
2025/06/24 17:00:13 [GET] /js/keybindings.js 192.168.10.12:34856 43.987µs
2025/06/24 17:00:13 [GET] /js/ui.js 192.168.10.12:34804 134.528µs
2025/06/24 17:00:13 [GET] /js/misc.js 192.168.10.12:34840 76.595µs
2025/06/24 17:00:20 [GET] / 192.168.10.12:34804 549.754µs
2025/06/24 17:00:20 [GET] /style.css 192.168.10.12:34804 211.172µs
2025/06/24 17:00:20 [GET] /js/app.js 192.168.10.12:34840 116.448µs
2025/06/24 17:00:20 [GET] /js/db.js 192.168.10.12:34840 79.912µs
2025/06/24 17:00:20 [GET] /js/theme.js 192.168.10.12:34804 48.945µs
2025/06/24 17:00:20 [GET] /js/editor.js 192.168.10.12:34820 50.512µs
2025/06/24 17:00:20 [GET] /js/history.js 192.168.10.12:34856 113.425µs
2025/06/24 17:00:20 [GET] /js/modals.js 192.168.10.12:34834 76.072µs
2025/06/24 17:00:20 [GET] /js/commands.js 192.168.10.12:34794 88.955µs
2025/06/24 17:00:20 [GET] /js/export.js 192.168.10.12:34840 131.031µs
2025/06/24 17:00:20 [GET] /js/misc.js 192.168.10.12:34820 44.38µs
2025/06/24 17:00:20 [GET] /js/ui.js 192.168.10.12:34794 56.776µs
2025/06/24 17:00:20 [GET] /js/keybindings.js 192.168.10.12:34804 34.296µs
2025/06/24 17:00:42 [GET] / 192.168.10.12:34794 181.758µs
2025/06/24 17:00:42 [GET] /style.css 192.168.10.12:34794 133.725µs
2025/06/24 17:00:42 [GET] /js/app.js 192.168.10.12:34840 70.297µs
2025/06/24 17:00:42 [GET] /js/db.js 192.168.10.12:34794 73.511µs
2025/06/24 17:00:42 [GET] /js/theme.js 192.168.10.12:34840 67.767µs
2025/06/24 17:00:42 [GET] /js/editor.js 192.168.10.12:34804 110.702µs
2025/06/24 17:00:42 [GET] /js/history.js 192.168.10.12:34820 89.398µs
2025/06/24 17:00:42 [GET] /js/modals.js 192.168.10.12:34834 61.515µs
2025/06/24 17:00:42 [GET] /js/commands.js 192.168.10.12:34856 118.543µs
2025/06/24 17:00:42 [GET] /js/export.js 192.168.10.12:34794 106.112µs
2025/06/24 17:00:42 [GET] /js/keybindings.js 192.168.10.12:34840 74.404µs
2025/06/24 17:00:42 [GET] /js/misc.js 192.168.10.12:34804 58.594µs
2025/06/24 17:00:42 [GET] /js/ui.js 192.168.10.12:34856 109.376µs
2025/06/24 17:01:35 Mudança detectada em www/index.html, enviando reload
2025/06/24 17:01:35 [GET] / 192.168.10.12:34856 174.021µs
2025/06/24 17:01:35 [GET] /style.css 192.168.10.12:34856 118.802µs
2025/06/24 17:01:35 [GET] /js/app.js 192.168.10.12:34804 65.608µs
2025/06/24 17:01:35 [GET] /js/db.js 192.168.10.12:34804 93.19µs
2025/06/24 17:01:35 [GET] /js/history.js 192.168.10.12:34840 66.368µs
2025/06/24 17:01:35 [GET] /js/editor.js 192.168.10.12:34794 56.529µs
2025/06/24 17:01:35 [GET] /js/theme.js 192.168.10.12:34856 27.415µs
2025/06/24 17:01:35 [GET] /js/modals.js 192.168.10.12:34834 56.702µs
2025/06/24 17:01:35 [GET] /js/commands.js 192.168.10.12:34820 122.669µs
2025/06/24 17:01:35 [GET] /js/export.js 192.168.10.12:34804 114.69µs
2025/06/24 17:01:35 [GET] /js/keybindings.js 192.168.10.12:34856 38.438µs
2025/06/24 17:01:35 [GET] /js/misc.js 192.168.10.12:34840 73.326µs
2025/06/24 17:01:35 [GET] /js/ui.js 192.168.10.12:34794 95.961µs
2025/06/24 17:02:12 [GET] / 192.168.10.12:34794 152.233µs
2025/06/24 17:02:12 [GET] /style.css 192.168.10.12:34794 106.7µs
2025/06/24 17:02:12 [GET] /js/app.js 192.168.10.12:34804 72.69µs
2025/06/24 17:02:12 [GET] /js/db.js 192.168.10.12:34794 99.892µs
2025/06/24 17:02:12 [GET] /js/theme.js 192.168.10.12:34794 95.271µs
2025/06/24 17:02:12 [GET] /js/editor.js 192.168.10.12:34804 111.727µs
2025/06/24 17:02:12 [GET] /js/history.js 192.168.10.12:34840 79.643µs
2025/06/24 17:02:12 [GET] /js/modals.js 192.168.10.12:34856 85.943µs
2025/06/24 17:02:12 [GET] /js/commands.js 192.168.10.12:34820 113.806µs
2025/06/24 17:02:12 [GET] /js/export.js 192.168.10.12:34834 128.226µs
2025/06/24 17:02:12 [GET] /js/keybindings.js 192.168.10.12:34794 77.053µs
2025/06/24 17:02:12 [GET] /js/misc.js 192.168.10.12:34804 70.77µs
2025/06/24 17:02:12 [GET] /js/ui.js 192.168.10.12:34856 95.062µs
2025/06/24 17:02:22 [GET] / 192.168.10.12:34856 629.223µs
2025/06/24 17:02:22 [GET] /style.css 192.168.10.12:34856 140.905µs
2025/06/24 17:02:22 [GET] /js/app.js 192.168.10.12:34804 103.525µs
2025/06/24 17:02:22 [GET] /js/db.js 192.168.10.12:34804 111.161µs
2025/06/24 17:02:22 [GET] /js/editor.js 192.168.10.12:34794 66.273µs
2025/06/24 17:02:22 [GET] /js/theme.js 192.168.10.12:34856 33.04µs
2025/06/24 17:02:22 [GET] /js/history.js 192.168.10.12:34834 106.372µs
2025/06/24 17:02:22 [GET] /js/commands.js 192.168.10.12:34840 68.744µs
2025/06/24 17:02:22 [GET] /js/modals.js 192.168.10.12:34820 74.661µs
2025/06/24 17:02:22 [GET] /js/export.js 192.168.10.12:34856 106.737µs
2025/06/24 17:02:22 [GET] /js/misc.js 192.168.10.12:34794 41.808µs
2025/06/24 17:02:22 [GET] /js/keybindings.js 192.168.10.12:34804 31.727µs
2025/06/24 17:02:22 [GET] /js/ui.js 192.168.10.12:34834 80.457µs
2025/06/24 17:02:27 [GET] / 192.168.10.12:47176 197.004µs
2025/06/24 17:02:27 [GET] /style.css 192.168.10.12:47176 126.361µs
2025/06/24 17:02:27 [GET] /js/app.js 192.168.10.12:47176 76.676µs
2025/06/24 17:02:27 [GET] /js/db.js 192.168.10.12:47176 134.249µs
2025/06/24 17:02:27 [GET] /js/theme.js 192.168.10.12:47182 75.189µs
2025/06/24 17:02:27 [GET] /js/editor.js 192.168.10.12:47184 118.306µs
2025/06/24 17:02:27 [GET] /js/history.js 192.168.10.12:47184 122.185µs
2025/06/24 17:02:27 [GET] /js/modals.js 192.168.10.12:47182 129.8µs
2025/06/24 17:02:27 [GET] /js/commands.js 192.168.10.12:47176 92.812µs
2025/06/24 17:02:27 [GET] /js/export.js 192.168.10.12:47184 142.855µs
2025/06/24 17:02:27 [GET] /js/keybindings.js 192.168.10.12:47184 108.01µs
2025/06/24 17:02:27 [GET] /js/misc.js 192.168.10.12:47176 66.756µs
2025/06/24 17:02:27 [GET] /js/ui.js 192.168.10.12:47182 147.752µs
2025/06/24 17:02:31 [GET] / 192.168.10.12:47182 167.961µs
2025/06/24 17:02:31 [GET] /js/app.js 192.168.10.12:47176 109.098µs
2025/06/24 17:02:31 [GET] /style.css 192.168.10.12:47182 109.617µs
2025/06/24 17:02:32 [GET] /js/db.js 192.168.10.12:47182 112.943µs
2025/06/24 17:02:32 [GET] /js/theme.js 192.168.10.12:47176 75.442µs
2025/06/24 17:02:32 [GET] /js/editor.js 192.168.10.12:47184 163.404µs
2025/06/24 17:02:32 [GET] /js/history.js 192.168.10.12:47198 153.807µs
2025/06/24 17:02:32 [GET] /js/modals.js 192.168.10.12:47214 96.345µs
2025/06/24 17:02:32 [GET] /js/commands.js 192.168.10.12:47228 125.857µs
2025/06/24 17:02:32 [GET] /js/export.js 192.168.10.12:47176 54.361µs
2025/06/24 17:02:32 [GET] /js/keybindings.js 192.168.10.12:47182 68.031µs
2025/06/24 17:02:32 [GET] /js/misc.js 192.168.10.12:47184 110.754µs
2025/06/24 17:02:32 [GET] /js/ui.js 192.168.10.12:47198 123.893µs
2025/06/24 17:02:32 [GET] / 192.168.10.12:47198 202.865µs
2025/06/24 17:02:32 [GET] /style.css 192.168.10.12:47198 157.316µs
2025/06/24 17:02:32 [GET] /js/app.js 192.168.10.12:47198 87.638µs
2025/06/24 17:02:32 [GET] /js/db.js 192.168.10.12:47198 108.334µs
2025/06/24 17:02:32 [GET] /js/theme.js 192.168.10.12:47184 89.703µs
2025/06/24 17:02:32 [GET] /js/history.js 192.168.10.12:47228 84.193µs
2025/06/24 17:02:32 [GET] /js/editor.js 192.168.10.12:47176 58.325µs
2025/06/24 17:02:32 [GET] /js/modals.js 192.168.10.12:47182 62.107µs
2025/06/24 17:02:32 [GET] /js/commands.js 192.168.10.12:47214 109µs
2025/06/24 17:02:32 [GET] /js/export.js 192.168.10.12:47184 86.609µs
2025/06/24 17:02:32 [GET] /js/keybindings.js 192.168.10.12:47198 42.495µs
2025/06/24 17:02:32 [GET] /js/misc.js 192.168.10.12:47228 96.49µs
2025/06/24 17:02:32 [GET] /js/ui.js 192.168.10.12:47176 77.722µs
2025/06/24 17:02:40 [GET] / 192.168.10.12:34834 189.743µs
2025/06/24 17:02:40 [GET] /style.css 192.168.10.12:34834 138.224µs
2025/06/24 17:02:40 [GET] /js/app.js 192.168.10.12:34856 36.929µs
2025/06/24 17:02:40 [GET] /js/db.js 192.168.10.12:34834 455.539µs
2025/06/24 17:02:40 [GET] /js/theme.js 192.168.10.12:34856 79.955µs
2025/06/24 17:02:40 [GET] /js/editor.js 192.168.10.12:34804 109.112µs
2025/06/24 17:02:40 [GET] /js/history.js 192.168.10.12:34794 190.116µs
2025/06/24 17:02:40 [GET] /js/modals.js 192.168.10.12:34820 148.822µs
2025/06/24 17:02:40 [GET] /js/commands.js 192.168.10.12:34840 99.884µs
2025/06/24 17:02:40 [GET] /js/export.js 192.168.10.12:34856 199.468µs
2025/06/24 17:02:40 [GET] /js/keybindings.js 192.168.10.12:34834 65.809µs
2025/06/24 17:02:40 [GET] /js/misc.js 192.168.10.12:34794 78.013µs
2025/06/24 17:02:40 [GET] /js/ui.js 192.168.10.12:34804 72.298µs
2025/06/24 17:02:41 [GET] / 192.168.10.12:34804 285.042µs
2025/06/24 17:02:41 [GET] /style.css 192.168.10.12:34804 220.24µs
2025/06/24 17:02:41 [GET] /js/app.js 192.168.10.12:34794 130.831µs
2025/06/24 17:02:41 [GET] /js/db.js 192.168.10.12:34794 155.113µs
2025/06/24 17:02:41 [GET] /js/history.js 192.168.10.12:34834 100.587µs
2025/06/24 17:02:41 [GET] /js/export.js 192.168.10.12:34794 58.109µs
2025/06/24 17:02:41 [GET] /js/commands.js 192.168.10.12:34820 51.479µs
2025/06/24 17:02:41 [GET] /js/theme.js 192.168.10.12:34804 553.805µs
2025/06/24 17:02:41 [GET] /js/editor.js 192.168.10.12:34856 855.717µs
2025/06/24 17:02:41 [GET] /js/modals.js 192.168.10.12:34840 1.113748ms
2025/06/24 17:02:41 [GET] /js/keybindings.js 192.168.10.12:34804 73.428µs
2025/06/24 17:02:41 [GET] /js/misc.js 192.168.10.12:34834 77.552µs
2025/06/24 17:02:41 [GET] /js/ui.js 192.168.10.12:34794 116.07µs
2025/06/24 17:02:52 [GET] / 192.168.10.12:34794 181.367µs
2025/06/24 17:02:52 [GET] /style.css 192.168.10.12:34794 115.535µs
2025/06/24 17:02:52 [GET] /js/app.js 192.168.10.12:34794 86.014µs
2025/06/24 17:02:52 [GET] /js/db.js 192.168.10.12:34794 110.944µs
2025/06/24 17:02:52 [GET] /js/theme.js 192.168.10.12:34834 98.039µs
2025/06/24 17:02:52 [GET] /js/history.js 192.168.10.12:34840 73.266µs
2025/06/24 17:02:52 [GET] /js/editor.js 192.168.10.12:34804 89.656µs
2025/06/24 17:02:52 [GET] /js/modals.js 192.168.10.12:34856 114.915µs
2025/06/24 17:02:52 [GET] /js/commands.js 192.168.10.12:34820 79.125µs
2025/06/24 17:02:52 [GET] /js/keybindings.js 192.168.10.12:34794 34.473µs
2025/06/24 17:02:52 [GET] /js/export.js 192.168.10.12:34834 95.321µs
2025/06/24 17:02:52 [GET] /js/misc.js 192.168.10.12:34840 36.2µs
2025/06/24 17:02:52 [GET] /js/ui.js 192.168.10.12:34804 60.011µs
2025/06/24 17:04:37 [GET] / 192.168.10.12:34804 175.496µs
2025/06/24 17:04:37 [GET] /style.css 192.168.10.12:34804 105.863µs
2025/06/24 17:04:37 [GET] /js/app.js 192.168.10.12:34804 84.233µs
2025/06/24 17:04:38 [GET] /js/db.js 192.168.10.12:34804 89.483µs
2025/06/24 17:04:38 [GET] /js/theme.js 192.168.10.12:34834 56.85µs
2025/06/24 17:04:38 [GET] /js/editor.js 192.168.10.12:34840 94.5µs
2025/06/24 17:04:38 [GET] /js/history.js 192.168.10.12:34794 125.61µs
2025/06/24 17:04:38 [GET] /js/modals.js 192.168.10.12:34820 106.332µs
2025/06/24 17:04:38 [GET] /js/commands.js 192.168.10.12:34856 113.044µs
2025/06/24 17:04:38 [GET] /js/export.js 192.168.10.12:34834 108.134µs
2025/06/24 17:04:38 [GET] /js/keybindings.js 192.168.10.12:34804 47.545µs
2025/06/24 17:04:38 [GET] /js/misc.js 192.168.10.12:34840 47.269µs
2025/06/24 17:04:38 [GET] /js/ui.js 192.168.10.12:34794 57.943µs
2025/06/24 17:09:30 Mudança detectada em www/index.html, enviando reload
2025/06/24 17:09:30 [GET] / 192.168.10.12:34794 183.889µs
2025/06/24 17:09:30 [GET] /style.css 192.168.10.12:34794 125.217µs
2025/06/24 17:09:30 [GET] /js/app.js 192.168.10.12:34840 91.361µs
2025/06/24 17:09:30 [GET] /js/db.js 192.168.10.12:34840 128.077µs
2025/06/24 17:09:30 [GET] /js/theme.js 192.168.10.12:34840 75.82µs
2025/06/24 17:09:30 [GET] /js/editor.js 192.168.10.12:34794 271.99µs
2025/06/24 17:09:30 [GET] /js/history.js 192.168.10.12:34804 129.426µs
2025/06/24 17:09:30 [GET] /js/modals.js 192.168.10.12:34804 104.917µs
2025/06/24 17:09:30 [GET] /js/commands.js 192.168.10.12:34794 134.624µs
2025/06/24 17:09:30 [GET] /js/export.js 192.168.10.12:34840 169.512µs
2025/06/24 17:09:30 [GET] /js/keybindings.js 192.168.10.12:34840 97.116µs
2025/06/24 17:09:30 [GET] /js/misc.js 192.168.10.12:34794 87.4µs
2025/06/24 17:09:30 [GET] /js/ui.js 192.168.10.12:34794 148.126µs
2025/06/24 17:09:43 Mudança detectada em www/style.css, enviando css-update
2025/06/24 17:09:43 [GET] / 192.168.10.12:34794 160.52µs
2025/06/24 17:09:43 [GET] /style.css 192.168.10.12:34794 281.194µs
2025/06/24 17:09:43 [GET] /js/app.js 192.168.10.12:34840 74.453µs
2025/06/24 17:09:43 [GET] /js/editor.js 192.168.10.12:34804 100.234µs
2025/06/24 17:09:43 [GET] /js/theme.js 192.168.10.12:34794 29.405µs
2025/06/24 17:09:43 [GET] /js/db.js 192.168.10.12:34840 394.99µs
2025/06/24 17:09:43 [GET] /js/history.js 192.168.10.12:34840 105.054µs
2025/06/24 17:09:43 [GET] /js/modals.js 192.168.10.12:34804 55.075µs
2025/06/24 17:09:43 [GET] /js/commands.js 192.168.10.12:34794 47.582µs
2025/06/24 17:09:43 [GET] /js/export.js 192.168.10.12:34840 96.077µs
2025/06/24 17:09:43 [GET] /js/keybindings.js 192.168.10.12:34840 65.841µs
2025/06/24 17:09:43 [GET] /js/misc.js 192.168.10.12:34794 50.845µs
2025/06/24 17:09:43 [GET] /js/ui.js 192.168.10.12:34804 86.133µs
2025/06/24 17:10:04 [GET] / 192.168.10.12:34804 159.583µs
2025/06/24 17:10:04 [GET] /js/app.js 192.168.10.12:34794 69.036µs
2025/06/24 17:10:04 [GET] /style.css 192.168.10.12:34804 131.098µs
2025/06/24 17:10:04 [GET] /js/db.js 192.168.10.12:34804 103.737µs
2025/06/24 17:10:04 [GET] /js/theme.js 192.168.10.12:34794 54.153µs
2025/06/24 17:10:04 [GET] /js/editor.js 192.168.10.12:34840 220.787µs
2025/06/24 17:10:04 [GET] /js/history.js 192.168.10.12:56212 123.962µs
2025/06/24 17:10:04 [GET] /js/modals.js 192.168.10.12:56220 66.698µs
2025/06/24 17:10:04 [GET] /js/commands.js 192.168.10.12:56236 70.666µs
2025/06/24 17:10:04 [GET] /js/export.js 192.168.10.12:34794 99.127µs
2025/06/24 17:10:04 [GET] /js/keybindings.js 192.168.10.12:34804 69.204µs
2025/06/24 17:10:04 [GET] /js/misc.js 192.168.10.12:34840 93.946µs
2025/06/24 17:10:04 [GET] /js/ui.js 192.168.10.12:56212 96.998µs
2025/06/24 17:12:08 Mudança detectada em www/Área de trabalho.code-workspace, enviando reload
2025/06/24 17:12:08 [GET] / 192.168.10.12:56212 140.846µs
2025/06/24 17:12:08 [GET] /js/app.js 192.168.10.12:34840 70.075µs
2025/06/24 17:12:08 [GET] /style.css 192.168.10.12:56212 67.806µs
2025/06/24 17:12:08 [GET] /js/db.js 192.168.10.12:56212 98.227µs
2025/06/24 17:12:08 [GET] /js/theme.js 192.168.10.12:34840 56.981µs
2025/06/24 17:12:08 [GET] /js/editor.js 192.168.10.12:34794 102.811µs
2025/06/24 17:12:08 [GET] /js/history.js 192.168.10.12:34840 94.592µs
2025/06/24 17:12:08 [GET] /js/modals.js 192.168.10.12:34794 102.761µs
2025/06/24 17:12:08 [GET] /js/commands.js 192.168.10.12:56212 90.587µs
2025/06/24 17:12:08 [GET] /js/export.js 192.168.10.12:34840 95.106µs
2025/06/24 17:12:08 [GET] /js/keybindings.js 192.168.10.12:34840 64.074µs
2025/06/24 17:12:08 [GET] /js/misc.js 192.168.10.12:56212 68.551µs
2025/06/24 17:12:08 [GET] /js/ui.js 192.168.10.12:34794 83.595µs
2025/06/24 17:12:27 Mudança detectada em www/index.html, enviando reload
2025/06/24 17:12:27 [GET] / 192.168.10.12:34794 152.287µs
2025/06/24 17:12:27 [GET] /style.css 192.168.10.12:34794 131.521µs
2025/06/24 17:12:27 [GET] /js/app.js 192.168.10.12:56212 67.084µs
2025/06/24 17:12:27 [GET] /js/editor.js 192.168.10.12:34840 80.828µs
2025/06/24 17:12:27 [GET] /js/theme.js 192.168.10.12:34794 30.007µs
2025/06/24 17:12:27 [GET] /js/db.js 192.168.10.12:56212 506.623µs
2025/06/24 17:12:27 [GET] /js/history.js 192.168.10.12:34840 105.338µs
2025/06/24 17:12:27 [GET] /js/modals.js 192.168.10.12:34794 106.13µs
2025/06/24 17:12:27 [GET] /js/commands.js 192.168.10.12:56212 90.816µs
2025/06/24 17:12:27 [GET] /js/export.js 192.168.10.12:34794 145.638µs
2025/06/24 17:12:27 [GET] /js/keybindings.js 192.168.10.12:34840 32.534µs
2025/06/24 17:12:27 [GET] /js/misc.js 192.168.10.12:56212 76.397µs
2025/06/24 17:12:27 [GET] /js/ui.js 192.168.10.12:56212 110.588µs
2025/06/24 17:12:30 Mudança detectada em www/index.html, enviando reload
2025/06/24 17:12:30 [GET] / 192.168.10.12:56212 198.403µs
2025/06/24 17:12:30 [GET] /style.css 192.168.10.12:56212 136.203µs
2025/06/24 17:12:30 [GET] /js/app.js 192.168.10.12:34794 97.823µs
2025/06/24 17:12:30 [GET] /js/db.js 192.168.10.12:34794 91.484µs
2025/06/24 17:12:30 [GET] /js/theme.js 192.168.10.12:56212 33.806µs
2025/06/24 17:12:30 [GET] /js/editor.js 192.168.10.12:34840 252.162µs
2025/06/24 17:12:30 [GET] /js/history.js 192.168.10.12:34840 106.982µs
2025/06/24 17:12:30 [GET] /js/modals.js 192.168.10.12:34794 75.064µs
2025/06/24 17:12:30 [GET] /js/commands.js 192.168.10.12:56212 125.951µs
2025/06/24 17:12:30 [GET] /js/export.js 192.168.10.12:56212 118.82µs
2025/06/24 17:12:30 [GET] /js/keybindings.js 192.168.10.12:34794 62.755µs
2025/06/24 17:12:30 [GET] /js/misc.js 192.168.10.12:34840 44.213µs
2025/06/24 17:12:30 [GET] /js/ui.js 192.168.10.12:56212 115.661µs
2025/06/24 17:12:40 Mudança detectada em www/style.css, enviando css-update
2025/06/24 17:12:40 [GET] / 192.168.10.12:56212 199.065µs
2025/06/24 17:12:40 [GET] /style.css 192.168.10.12:56212 131.205µs
2025/06/24 17:12:40 [GET] /js/app.js 192.168.10.12:34840 79.912µs
2025/06/24 17:12:40 [GET] /js/db.js 192.168.10.12:56212 87.623µs
2025/06/24 17:12:40 [GET] /js/theme.js 192.168.10.12:34840 34.804µs
2025/06/24 17:12:40 [GET] /js/editor.js 192.168.10.12:34794 337.888µs
2025/06/24 17:12:40 [GET] /js/history.js 192.168.10.12:34794 96.477µs
2025/06/24 17:12:40 [GET] /js/modals.js 192.168.10.12:56212 67.742µs
2025/06/24 17:12:40 [GET] /js/commands.js 192.168.10.12:34840 115.716µs
2025/06/24 17:12:40 [GET] /js/export.js 192.168.10.12:34840 114.018µs
2025/06/24 17:12:40 [GET] /js/keybindings.js 192.168.10.12:34794 45.461µs
2025/06/24 17:12:40 [GET] /js/misc.js 192.168.10.12:56212 46.443µs
2025/06/24 17:12:40 [GET] /js/ui.js 192.168.10.12:34840 88.634µs
2025/06/24 17:12:45 [GET] / 192.168.10.12:34840 321.417µs
2025/06/24 17:12:45 [GET] /style.css 192.168.10.12:34840 229.376µs
2025/06/24 17:12:45 [GET] /js/app.js 192.168.10.12:34840 110.77µs
2025/06/24 17:12:45 [GET] /js/theme.js 192.168.10.12:56212 58.252µs
2025/06/24 17:12:45 [GET] /js/db.js 192.168.10.12:34840 55.474µs
2025/06/24 17:12:45 [GET] /js/modals.js 192.168.10.12:56236 56.792µs
2025/06/24 17:12:45 [GET] /js/history.js 192.168.10.12:34804 54.57µs
2025/06/24 17:12:45 [GET] /js/editor.js 192.168.10.12:34794 47.74µs
2025/06/24 17:12:45 [GET] /js/commands.js 192.168.10.12:56220 122.629µs
2025/06/24 17:12:45 [GET] /js/export.js 192.168.10.12:56212 98.694µs
2025/06/24 17:12:45 [GET] /js/misc.js 192.168.10.12:56236 45.536µs
2025/06/24 17:12:45 [GET] /js/keybindings.js 192.168.10.12:34840 33.978µs
2025/06/24 17:12:45 [GET] /js/ui.js 192.168.10.12:34804 76.838µs
2025/06/24 17:12:55 Mudança detectada em www/style.css, enviando css-update
2025/06/24 17:12:55 [GET] / 192.168.10.12:34804 153.665µs
2025/06/24 17:12:55 [GET] /style.css 192.168.10.12:34804 116.468µs
2025/06/24 17:12:55 [GET] /js/app.js 192.168.10.12:56212 89.923µs
2025/06/24 17:12:55 [GET] /js/db.js 192.168.10.12:34804 108.669µs
2025/06/24 17:12:55 [GET] /js/theme.js 192.168.10.12:56212 47.946µs
2025/06/24 17:12:55 [GET] /js/editor.js 192.168.10.12:34840 64.663µs
2025/06/24 17:12:55 [GET] /js/history.js 192.168.10.12:56236 112.669µs
2025/06/24 17:12:55 [GET] /js/commands.js 192.168.10.12:34794 59.758µs
2025/06/24 17:12:55 [GET] /js/modals.js 192.168.10.12:56220 88.704µs
2025/06/24 17:12:55 [GET] /js/misc.js 192.168.10.12:34804 46.739µs
2025/06/24 17:12:55 [GET] /js/ui.js 192.168.10.12:56236 67.476µs
2025/06/24 17:12:55 [GET] /js/export.js 192.168.10.12:56212 110.249µs
2025/06/24 17:12:55 [GET] /js/keybindings.js 192.168.10.12:34840 32.229µs
2025/06/24 17:14:25 Mudança detectada em www/style.css, enviando css-update
2025/06/24 17:14:25 [GET] / 192.168.10.12:56212 460.539µs
2025/06/24 17:14:25 [GET] /style.css 192.168.10.12:56212 135.063µs
2025/06/24 17:14:25 [GET] /js/app.js 192.168.10.12:56236 78.325µs
2025/06/24 17:14:25 [GET] /js/theme.js 192.168.10.12:56212 74.799µs
2025/06/24 17:14:25 [GET] /js/db.js 192.168.10.12:56236 82.755µs
2025/06/24 17:14:25 [GET] /js/modals.js 192.168.10.12:56220 101.011µs
2025/06/24 17:14:25 [GET] /js/editor.js 192.168.10.12:34840 126.647µs
2025/06/24 17:14:25 [GET] /js/history.js 192.168.10.12:34804 87.485µs
2025/06/24 17:14:25 [GET] /js/commands.js 192.168.10.12:34794 71.567µs
2025/06/24 17:14:25 [GET] /js/export.js 192.168.10.12:56212 101.146µs
2025/06/24 17:14:25 [GET] /js/keybindings.js 192.168.10.12:56236 67.468µs
2025/06/24 17:14:25 [GET] /js/misc.js 192.168.10.12:56220 59.345µs
2025/06/24 17:14:25 [GET] /js/ui.js 192.168.10.12:34840 76.889µs
2025/06/24 17:14:26 [GET] / 192.168.10.12:34840 324.955µs
2025/06/24 17:14:26 [GET] /style.css 192.168.10.12:34840 238.049µs
2025/06/24 17:14:26 [GET] /js/app.js 192.168.10.12:34840 150.89µs
2025/06/24 17:14:26 [GET] /js/db.js 192.168.10.12:34840 341.743µs
2025/06/24 17:14:26 [GET] /js/theme.js 192.168.10.12:56220 55.135µs
2025/06/24 17:14:26 [GET] /js/editor.js 192.168.10.12:56236 82.318µs
2025/06/24 17:14:26 [GET] /js/modals.js 192.168.10.12:34794 58.675µs
2025/06/24 17:14:26 [GET] /js/history.js 192.168.10.12:56212 64.588µs
2025/06/24 17:14:26 [GET] /js/commands.js 192.168.10.12:34804 107.915µs
2025/06/24 17:14:26 [GET] /js/export.js 192.168.10.12:34840 106.63µs
2025/06/24 17:14:26 [GET] /js/keybindings.js 192.168.10.12:56220 52.897µs
2025/06/24 17:14:26 [GET] /js/misc.js 192.168.10.12:34794 58.021µs
2025/06/24 17:14:26 [GET] /js/ui.js 192.168.10.12:56236 60.625µs
2025/06/24 17:14:35 [GET] / 192.168.10.12:56236 175.455µs
2025/06/24 17:14:35 [GET] /style.css 192.168.10.12:56236 149.999µs
2025/06/24 17:14:35 [GET] /js/app.js 192.168.10.12:34794 72.776µs
2025/06/24 17:14:35 [GET] /js/theme.js 192.168.10.12:56236 37.935µs
2025/06/24 17:14:35 [GET] /js/db.js 192.168.10.12:34794 1.762172ms
2025/06/24 17:14:35 [GET] /js/editor.js 192.168.10.12:56220 125.141µs
2025/06/24 17:14:35 [GET] /js/modals.js 192.168.10.12:34804 77.347µs
2025/06/24 17:14:35 [GET] /js/history.js 192.168.10.12:34840 87.458µs
2025/06/24 17:14:35 [GET] /js/commands.js 192.168.10.12:56212 94.594µs
2025/06/24 17:14:35 [GET] /js/export.js 192.168.10.12:56236 55.641µs
2025/06/24 17:14:35 [GET] /js/keybindings.js 192.168.10.12:34794 69.762µs
2025/06/24 17:14:35 [GET] /js/misc.js 192.168.10.12:56220 37.239µs
2025/06/24 17:14:35 [GET] /js/ui.js 192.168.10.12:34804 80.166µs
2025/06/24 17:14:47 Mudança detectada em www/style.css, enviando css-update
2025/06/24 17:14:47 [GET] / 192.168.10.12:34804 149.072µs
2025/06/24 17:14:47 [GET] /style.css 192.168.10.12:34804 121.132µs
2025/06/24 17:14:47 [GET] /js/app.js 192.168.10.12:34804 76.304µs
2025/06/24 17:14:47 [GET] /js/db.js 192.168.10.12:34804 116.658µs
2025/06/24 17:14:47 [GET] /js/theme.js 192.168.10.12:56220 53.931µs
2025/06/24 17:14:47 [GET] /js/editor.js 192.168.10.12:34794 86.081µs
2025/06/24 17:14:47 [GET] /js/history.js 192.168.10.12:34794 97.228µs
2025/06/24 17:14:47 [GET] /js/modals.js 192.168.10.12:56220 63.534µs
2025/06/24 17:14:47 [GET] /js/commands.js 192.168.10.12:34804 56.726µs
2025/06/24 17:14:47 [GET] /js/keybindings.js 192.168.10.12:56220 43.084µs
2025/06/24 17:14:47 [GET] /js/export.js 192.168.10.12:34804 104.104µs
2025/06/24 17:14:47 [GET] /js/misc.js 192.168.10.12:34794 127.486µs
2025/06/24 17:14:47 [GET] /js/ui.js 192.168.10.12:34794 138.516µs
2025/06/24 17:15:02 Mudança detectada em www/style.css, enviando css-update
2025/06/24 17:15:02 [GET] / 192.168.10.12:34794 155.154µs
2025/06/24 17:15:02 [GET] /style.css 192.168.10.12:34804 129.21µs
2025/06/24 17:15:02 [GET] /js/app.js 192.168.10.12:34794 77.195µs
2025/06/24 17:15:03 [GET] /js/db.js 192.168.10.12:34794 124.731µs
2025/06/24 17:15:03 [GET] /js/theme.js 192.168.10.12:34804 59.829µs
2025/06/24 17:15:03 [GET] /js/editor.js 192.168.10.12:56220 106.666µs
2025/06/24 17:15:03 [GET] /js/history.js 192.168.10.12:56236 167.543µs
2025/06/24 17:15:03 [GET] /js/modals.js 192.168.10.12:56212 97.292µs
2025/06/24 17:15:03 [GET] /js/commands.js 192.168.10.12:34840 105.358µs
2025/06/24 17:15:03 [GET] /js/export.js 192.168.10.12:34804 99.831µs
2025/06/24 17:15:03 [GET] /js/keybindings.js 192.168.10.12:34794 62.351µs
2025/06/24 17:15:03 [GET] /js/misc.js 192.168.10.12:56220 74.498µs
2025/06/24 17:15:03 [GET] /js/ui.js 192.168.10.12:56236 99.462µs
2025/06/24 17:16:42 Mudança detectada em www/style.css, enviando css-update
2025/06/24 17:16:42 [GET] / 192.168.10.12:56236 272.009µs
2025/06/24 17:16:42 [GET] /style.css 192.168.10.12:56236 119.507µs
2025/06/24 17:16:42 [GET] /js/app.js 192.168.10.12:56220 53.498µs
2025/06/24 17:16:42 [GET] /js/db.js 192.168.10.12:56220 102.325µs
2025/06/24 17:16:42 [GET] /js/theme.js 192.168.10.12:56236 39.296µs
2025/06/24 17:16:42 [GET] /js/editor.js 192.168.10.12:34804 80.248µs
2025/06/24 17:16:42 [GET] /js/history.js 192.168.10.12:34794 111.032µs
2025/06/24 17:16:42 [GET] /js/modals.js 192.168.10.12:34840 93.307µs
2025/06/24 17:16:42 [GET] /js/commands.js 192.168.10.12:56212 93.603µs
2025/06/24 17:16:42 [GET] /js/ui.js 192.168.10.12:34794 132.224µs
2025/06/24 17:16:42 [GET] /js/misc.js 192.168.10.12:34804 38.393µs
2025/06/24 17:16:42 [GET] /js/export.js 192.168.10.12:56236 485.416µs
2025/06/24 17:16:42 [GET] /js/keybindings.js 192.168.10.12:56220 29.917µs
2025/06/24 17:16:44 Mudança detectada em www/style.css, enviando css-update
2025/06/24 17:16:44 [GET] / 192.168.10.12:56236 237.943µs
2025/06/24 17:16:44 [GET] /style.css 192.168.10.12:56236 162.131µs
2025/06/24 17:16:44 [GET] /js/app.js 192.168.10.12:56236 95.909µs
2025/06/24 17:16:44 [GET] /js/db.js 192.168.10.12:56236 94.158µs
2025/06/24 17:16:44 [GET] /js/history.js 192.168.10.12:34804 64.872µs
2025/06/24 17:16:44 [GET] /js/editor.js 192.168.10.12:56220 66.259µs
2025/06/24 17:16:44 [GET] /js/theme.js 192.168.10.12:34794 31.552µs
2025/06/24 17:16:44 [GET] /js/modals.js 192.168.10.12:56212 118.265µs
2025/06/24 17:16:44 [GET] /js/commands.js 192.168.10.12:34840 76.848µs
2025/06/24 17:16:44 [GET] /js/export.js 192.168.10.12:34794 126.154µs
2025/06/24 17:16:44 [GET] /js/ui.js 192.168.10.12:56220 54.881µs
2025/06/24 17:16:44 [GET] /js/keybindings.js 192.168.10.12:56236 35.152µs
2025/06/24 17:16:44 [GET] /js/misc.js 192.168.10.12:34804 43.087µs
2025/06/24 17:16:46 [GET] / 192.168.10.12:56220 367.4µs
2025/06/24 17:16:46 [GET] /style.css 192.168.10.12:56220 240.96µs
2025/06/24 17:16:46 [GET] /js/app.js 192.168.10.12:34794 124.347µs
2025/06/24 17:16:46 [GET] /js/db.js 192.168.10.12:56220 146.827µs
2025/06/24 17:16:46 [GET] /js/commands.js 192.168.10.12:56212 55.439µs
2025/06/24 17:16:46 [GET] /js/modals.js 192.168.10.12:34840 69.003µs
2025/06/24 17:16:46 [GET] /js/history.js 192.168.10.12:34804 58.092µs
2025/06/24 17:16:46 [GET] /js/theme.js 192.168.10.12:34794 28.688µs
2025/06/24 17:16:46 [GET] /js/editor.js 192.168.10.12:56236 52.496µs
2025/06/24 17:16:46 [GET] /js/misc.js 192.168.10.12:56212 49.39µs
2025/06/24 17:16:46 [GET] /js/ui.js 192.168.10.12:34840 78.111µs
2025/06/24 17:16:46 [GET] /js/export.js 192.168.10.12:34794 112.618µs
2025/06/24 17:16:46 [GET] /js/keybindings.js 192.168.10.12:56220 44.202µs
2025/06/24 17:17:06 Mudança detectada em www/style.css, enviando css-update
2025/06/24 17:17:06 [GET] / 192.168.10.12:34794 150.335µs
2025/06/24 17:17:06 [GET] /style.css 192.168.10.12:34794 113.21µs
2025/06/24 17:17:06 [GET] /js/app.js 192.168.10.12:34840 75.942µs
2025/06/24 17:17:06 [GET] /js/db.js 192.168.10.12:34840 89.282µs
2025/06/24 17:17:06 [GET] /js/theme.js 192.168.10.12:34794 53.82µs
2025/06/24 17:17:06 [GET] /js/history.js 192.168.10.12:56212 63.703µs
2025/06/24 17:17:06 [GET] /js/editor.js 192.168.10.12:56220 54.173µs
2025/06/24 17:17:06 [GET] /js/commands.js 192.168.10.12:34804 130.933µs
2025/06/24 17:17:06 [GET] /js/modals.js 192.168.10.12:56236 65.284µs
2025/06/24 17:17:06 [GET] /js/export.js 192.168.10.12:34794 169.633µs
2025/06/24 17:17:06 [GET] /js/keybindings.js 192.168.10.12:34840 58.849µs
2025/06/24 17:17:06 [GET] /js/misc.js 192.168.10.12:56212 36.377µs
2025/06/24 17:17:06 [GET] /js/ui.js 192.168.10.12:56220 92.055µs
2025/06/24 17:19:15 Mudança detectada em www/index.html, enviando reload
2025/06/24 17:19:15 [GET] / 192.168.10.12:35814 183.175µs
2025/06/24 17:19:15 [GET] /style.css 192.168.10.12:35814 127.952µs
2025/06/24 17:19:15 [GET] /js/app.js 192.168.10.12:35824 85.969µs
2025/06/24 17:19:15 [GET] /js/db.js 192.168.10.12:35814 106.739µs
2025/06/24 17:19:15 [GET] /js/theme.js 192.168.10.12:35814 68.592µs
2025/06/24 17:19:15 [GET] /js/editor.js 192.168.10.12:35814 99.105µs
2025/06/24 17:19:15 [GET] /js/history.js 192.168.10.12:35814 110.942µs
2025/06/24 17:19:15 [GET] /js/modals.js 192.168.10.12:35814 93.621µs
2025/06/24 17:19:15 [GET] /js/commands.js 192.168.10.12:35824 113.431µs
2025/06/24 17:19:15 [GET] /js/export.js 192.168.10.12:35840 133.633µs
2025/06/24 17:19:15 [GET] /js/misc.js 192.168.10.12:35852 122.697µs
2025/06/24 17:19:15 [GET] /js/ui.js 192.168.10.12:35864 68.406µs
2025/06/24 17:19:15 [GET] /js/keybindings.js 192.168.10.12:35850 322.386µs
2025/06/24 17:19:17 [GET] / 192.168.10.12:35864 150.223µs
2025/06/24 17:19:17 [GET] /style.css 192.168.10.12:35864 114.842µs
2025/06/24 17:19:17 [GET] /js/app.js 192.168.10.12:35840 75.599µs
2025/06/24 17:19:17 [GET] /js/db.js 192.168.10.12:35840 100.512µs
2025/06/24 17:19:17 [GET] /js/theme.js 192.168.10.12:35840 60.081µs
2025/06/24 17:19:17 [GET] /js/editor.js 192.168.10.12:35840 123.711µs
2025/06/24 17:19:17 [GET] /js/history.js 192.168.10.12:35864 56.769µs
2025/06/24 17:19:17 [GET] /js/modals.js 192.168.10.12:35850 95.875µs
2025/06/24 17:19:17 [GET] /js/commands.js 192.168.10.12:35852 56.326µs
2025/06/24 17:19:17 [GET] /js/export.js 192.168.10.12:35824 96.012µs
2025/06/24 17:19:17 [GET] /js/keybindings.js 192.168.10.12:35814 40.891µs
2025/06/24 17:19:17 [GET] /js/misc.js 192.168.10.12:35814 89.733µs
2025/06/24 17:19:17 [GET] /js/ui.js 192.168.10.12:35840 94.658µs
2025/06/24 17:19:24 Mudança detectada em www/style.css, enviando css-update
2025/06/24 17:19:24 [GET] / 192.168.10.12:35840 166.686µs
2025/06/24 17:19:24 [GET] /style.css 192.168.10.12:35840 126.247µs
2025/06/24 17:19:24 [GET] /js/app.js 192.168.10.12:35814 79.233µs
2025/06/24 17:19:24 [GET] /js/db.js 192.168.10.12:35814 96.757µs
2025/06/24 17:19:24 [GET] /js/theme.js 192.168.10.12:35840 75.477µs
2025/06/24 17:19:24 [GET] /js/editor.js 192.168.10.12:35824 136.158µs
2025/06/24 17:19:24 [GET] /js/history.js 192.168.10.12:35852 124.929µs
2025/06/24 17:19:24 [GET] /js/modals.js 192.168.10.12:35850 111.888µs
2025/06/24 17:19:24 [GET] /js/commands.js 192.168.10.12:35864 70.841µs
2025/06/24 17:19:24 [GET] /js/export.js 192.168.10.12:35840 102.906µs
2025/06/24 17:19:24 [GET] /js/keybindings.js 192.168.10.12:35814 85.843µs
2025/06/24 17:19:24 [GET] /js/misc.js 192.168.10.12:35824 39.097µs
2025/06/24 17:19:24 [GET] /js/ui.js 192.168.10.12:35852 79.234µs
2025/06/24 17:21:50 [GET] /style.css 192.168.10.12:35852 122.205µs
2025/06/24 17:24:38 Mudança detectada em www/index.html, enviando reload
2025/06/24 17:24:38 [GET] / 192.168.10.12:35852 134.963µs
2025/06/24 17:24:38 [GET] /style.css 192.168.10.12:35852 122.26µs
2025/06/24 17:24:38 [GET] /js/app.js 192.168.10.12:37062 53.197µs
2025/06/24 17:24:38 [GET] /js/theme.js 192.168.10.12:37062 32.978µs
2025/06/24 17:24:38 [GET] /js/db.js 192.168.10.12:35852 90.577µs
2025/06/24 17:24:38 [GET] /js/editor.js 192.168.10.12:37072 114.006µs
2025/06/24 17:24:38 [GET] /js/history.js 192.168.10.12:37062 107.424µs
2025/06/24 17:24:38 [GET] /js/modals.js 192.168.10.12:37072 135.495µs
2025/06/24 17:24:38 [GET] /js/commands.js 192.168.10.12:35852 52.058µs
2025/06/24 17:24:38 [GET] /js/export.js 192.168.10.12:35852 170.985µs
2025/06/24 17:24:38 [GET] /js/keybindings.js 192.168.10.12:35852 74.277µs
2025/06/24 17:24:38 [GET] /js/misc.js 192.168.10.12:37072 79.557µs
2025/06/24 17:24:38 [GET] /js/ui.js 192.168.10.12:37062 63.821µs
2025/06/24 17:24:45 Mudança detectada em www/style.css, enviando css-update
2025/06/24 17:24:45 [GET] / 192.168.10.12:37062 293.472µs
2025/06/24 17:24:45 [GET] /style.css 192.168.10.12:37062 692.784µs
2025/06/24 17:24:45 [GET] /js/app.js 192.168.10.12:37072 90.189µs
2025/06/24 17:24:45 [GET] /js/db.js 192.168.10.12:37062 130.528µs
2025/06/24 17:24:45 [GET] /js/theme.js 192.168.10.12:37072 62.562µs
2025/06/24 17:24:45 [GET] /js/editor.js 192.168.10.12:35852 136.605µs
2025/06/24 17:24:46 [GET] /js/history.js 192.168.10.12:35852 149.658µs
2025/06/24 17:24:46 [GET] /js/modals.js 192.168.10.12:37062 101.228µs
2025/06/24 17:24:46 [GET] /js/commands.js 192.168.10.12:37072 283.723µs
2025/06/24 17:24:46 [GET] /js/export.js 192.168.10.12:35852 133.754µs
2025/06/24 17:24:46 [GET] /js/keybindings.js 192.168.10.12:37072 69.589µs
2025/06/24 17:24:46 [GET] /js/misc.js 192.168.10.12:35852 91.115µs
2025/06/24 17:24:46 [GET] /js/ui.js 192.168.10.12:37062 63.914µs
2025/06/24 17:24:46 Mudança detectada em www/style.css, enviando css-update
2025/06/24 17:24:46 [GET] / 192.168.10.12:37062 167.759µs
2025/06/24 17:24:46 [GET] /js/app.js 192.168.10.12:35852 69.388µs
2025/06/24 17:24:46 [GET] /style.css 192.168.10.12:37062 104.738µs
2025/06/24 17:24:46 [GET] /js/editor.js 192.168.10.12:37072 106.891µs
2025/06/24 17:24:46 [GET] /js/theme.js 192.168.10.12:35852 35.526µs
2025/06/24 17:24:46 [GET] /js/db.js 192.168.10.12:37062 58.453µs
2025/06/24 17:24:46 [GET] /js/history.js 192.168.10.12:37062 139.489µs
2025/06/24 17:24:46 [GET] /js/commands.js 192.168.10.12:35852 63.093µs
2025/06/24 17:24:46 [GET] /js/modals.js 192.168.10.12:37072 102.962µs
2025/06/24 17:24:46 [GET] /js/export.js 192.168.10.12:35852 101.643µs
2025/06/24 17:24:46 [GET] /js/keybindings.js 192.168.10.12:37072 76.172µs
2025/06/24 17:24:46 [GET] /js/misc.js 192.168.10.12:37062 72.737µs
2025/06/24 17:24:46 [GET] /js/ui.js 192.168.10.12:37062 143.3µs
2025/06/24 17:24:48 [GET] / 192.168.10.12:37062 324.046µs
2025/06/24 17:24:48 [GET] /style.css 192.168.10.12:37062 268.834µs
2025/06/24 17:24:48 [GET] /js/app.js 192.168.10.12:35852 120.943µs
2025/06/24 17:24:48 [GET] /js/db.js 192.168.10.12:35852 128.065µs
2025/06/24 17:24:48 [GET] /js/theme.js 192.168.10.12:37062 74.691µs
2025/06/24 17:24:48 [GET] /js/editor.js 192.168.10.12:37072 123.539µs
2025/06/24 17:24:48 [GET] /js/history.js 192.168.10.12:33410 172.83µs
2025/06/24 17:24:48 [GET] /js/modals.js 192.168.10.12:33426 100.094µs
2025/06/24 17:24:48 [GET] /js/commands.js 192.168.10.12:33436 139.186µs
2025/06/24 17:24:48 [GET] /js/keybindings.js 192.168.10.12:35852 37.218µs
2025/06/24 17:24:48 [GET] /js/export.js 192.168.10.12:37062 109.835µs
2025/06/24 17:24:48 [GET] /js/misc.js 192.168.10.12:37072 67.349µs
2025/06/24 17:24:48 [GET] /js/ui.js 192.168.10.12:33410 76.649µs
2025/06/24 17:24:49 [GET] / 192.168.10.12:33410 324.353µs
2025/06/24 17:24:49 [GET] /style.css 192.168.10.12:33410 536.786µs
2025/06/24 17:24:49 [GET] /js/app.js 192.168.10.12:37072 119.279µs
2025/06/24 17:24:49 [GET] /js/db.js 192.168.10.12:37072 161.098µs
2025/06/24 17:24:49 [GET] /js/theme.js 192.168.10.12:33410 283.855µs
2025/06/24 17:24:49 [GET] /js/modals.js 192.168.10.12:33436 70.454µs
2025/06/24 17:24:49 [GET] /js/history.js 192.168.10.12:35852 61.535µs
2025/06/24 17:24:49 [GET] /js/editor.js 192.168.10.12:37062 68.678µs
2025/06/24 17:24:49 [GET] /js/commands.js 192.168.10.12:33426 58.923µs
2025/06/24 17:24:49 [GET] /js/export.js 192.168.10.12:33410 104.043µs
2025/06/24 17:24:49 [GET] /js/keybindings.js 192.168.10.12:37072 45.315µs
2025/06/24 17:24:49 [GET] /js/misc.js 192.168.10.12:33436 40.315µs
2025/06/24 17:24:49 [GET] /js/ui.js 192.168.10.12:35852 82.801µs
2025/06/24 17:24:49 [GET] / 192.168.10.12:35852 251.922µs
2025/06/24 17:24:49 [GET] /style.css 192.168.10.12:35852 215.355µs
2025/06/24 17:24:49 [GET] /js/app.js 192.168.10.12:33410 145.34µs
2025/06/24 17:24:49 [GET] /js/theme.js 192.168.10.12:35852 47.603µs
2025/06/24 17:24:49 [GET] /js/db.js 192.168.10.12:33410 114.749µs
2025/06/24 17:24:49 [GET] /js/editor.js 192.168.10.12:33436 95.182µs
2025/06/24 17:24:49 [GET] /js/history.js 192.168.10.12:37072 93.862µs
2025/06/24 17:24:49 [GET] /js/modals.js 192.168.10.12:33426 67.287µs
2025/06/24 17:24:49 [GET] /js/commands.js 192.168.10.12:37062 100.273µs
2025/06/24 17:24:49 [GET] /js/export.js 192.168.10.12:35852 101.229µs
2025/06/24 17:24:49 [GET] /js/keybindings.js 192.168.10.12:33410 40.975µs
2025/06/24 17:24:49 [GET] /js/misc.js 192.168.10.12:33436 46.904µs
2025/06/24 17:24:49 [GET] /js/ui.js 192.168.10.12:33426 79.174µs
2025/06/24 17:25:03 [GET] / 192.168.10.12:33426 166.651µs
2025/06/24 17:25:03 [GET] /style.css 192.168.10.12:33426 231.818µs
2025/06/24 17:25:03 [GET] /js/app.js 192.168.10.12:33426 83.464µs
2025/06/24 17:25:03 [GET] /js/db.js 192.168.10.12:33426 206.064µs
2025/06/24 17:25:03 [GET] /js/theme.js 192.168.10.12:35852 57.815µs
2025/06/24 17:25:03 [GET] /js/editor.js 192.168.10.12:33426 130.615µs
2025/06/24 17:25:03 [GET] /js/history.js 192.168.10.12:33436 103.087µs
2025/06/24 17:25:03 [GET] /js/modals.js 192.168.10.12:33410 241.596µs
2025/06/24 17:25:03 [GET] /js/export.js 192.168.10.12:37072 135.086µs
2025/06/24 17:25:03 [GET] /js/commands.js 192.168.10.12:37062 141.708µs
2025/06/24 17:25:03 [GET] /js/misc.js 192.168.10.12:33426 61.737µs
2025/06/24 17:25:03 [GET] /js/ui.js 192.168.10.12:33436 55.058µs
2025/06/24 17:25:03 [GET] /js/keybindings.js 192.168.10.12:35852 782.498µs
2025/06/24 17:25:08 Mudança detectada em www/style.css, enviando css-update
2025/06/24 17:25:08 [GET] / 192.168.10.12:33436 1.49985ms
2025/06/24 17:25:08 [GET] /js/app.js 192.168.10.12:35852 74.583µs
2025/06/24 17:25:08 [GET] /style.css 192.168.10.12:33436 100.346µs
2025/06/24 17:25:08 [GET] /js/db.js 192.168.10.12:33436 164.834µs
2025/06/24 17:25:08 [GET] /js/editor.js 192.168.10.12:33426 88.112µs
2025/06/24 17:25:08 [GET] /js/history.js 192.168.10.12:37062 302.025µs
2025/06/24 17:25:08 [GET] /js/commands.js 192.168.10.12:33410 66.046µs
2025/06/24 17:25:08 [GET] /js/modals.js 192.168.10.12:37072 270.003µs
2025/06/24 17:25:08 [GET] /js/theme.js 192.168.10.12:35852 597.134µs
2025/06/24 17:25:08 [GET] /js/ui.js 192.168.10.12:37072 165.124µs
2025/06/24 17:25:08 [GET] /js/misc.js 192.168.10.12:33426 45.804µs
2025/06/24 17:25:08 [GET] /js/keybindings.js 192.168.10.12:33436 31.279µs
2025/06/24 17:25:08 [GET] /js/export.js 192.168.10.12:35852 55.825µs
2025/06/24 17:26:40 [GET] / 192.168.10.12:35852 275.192µs
2025/06/24 17:26:40 [GET] /style.css 192.168.10.12:35852 157.383µs
2025/06/24 17:26:40 [GET] /js/app.js 192.168.10.12:37072 88.953µs
2025/06/24 17:26:41 [GET] /js/theme.js 192.168.10.12:35852 53.046µs
2025/06/24 17:26:41 [GET] /js/editor.js 192.168.10.12:33436 92.132µs
2025/06/24 17:26:41 [GET] /js/history.js 192.168.10.12:33426 92.432µs
2025/06/24 17:26:41 [GET] /js/db.js 192.168.10.12:37072 42.266µs
2025/06/24 17:26:41 [GET] /js/commands.js 192.168.10.12:37062 52.535µs
2025/06/24 17:26:41 [GET] /js/modals.js 192.168.10.12:33410 55.325µs
2025/06/24 17:26:41 [GET] /js/export.js 192.168.10.12:35852 110.227µs
2025/06/24 17:26:41 [GET] /js/keybindings.js 192.168.10.12:37072 66.242µs
2025/06/24 17:26:41 [GET] /js/ui.js 192.168.10.12:33436 61.814µs
2025/06/24 17:26:41 [GET] /js/misc.js 192.168.10.12:33426 44.078µs
2025/06/24 17:26:41 [GET] / 192.168.10.12:33436 157.587µs
2025/06/24 17:26:41 [GET] /style.css 192.168.10.12:33436 113.912µs
2025/06/24 17:26:41 [GET] /js/app.js 192.168.10.12:35852 76.809µs
2025/06/24 17:26:41 [GET] /js/db.js 192.168.10.12:35852 74.596µs
2025/06/24 17:26:41 [GET] /js/theme.js 192.168.10.12:33436 57.328µs
2025/06/24 17:26:41 [GET] /js/history.js 192.168.10.12:37072 55.326µs
2025/06/24 17:26:41 [GET] /js/editor.js 192.168.10.12:33426 51.963µs
2025/06/24 17:26:41 [GET] /js/commands.js 192.168.10.12:37062 97.56µs
2025/06/24 17:26:41 [GET] /js/modals.js 192.168.10.12:33410 63.524µs
2025/06/24 17:26:41 [GET] /js/export.js 192.168.10.12:35852 132.769µs
2025/06/24 17:26:41 [GET] /js/keybindings.js 192.168.10.12:33436 74.386µs
2025/06/24 17:26:41 [GET] /js/misc.js 192.168.10.12:37072 397.001µs
2025/06/24 17:26:41 [GET] /js/ui.js 192.168.10.12:33426 369.33µs
2025/06/24 17:26:41 [GET] / 192.168.10.12:33426 167.092µs
2025/06/24 17:26:41 [GET] /style.css 192.168.10.12:33426 155.677µs
2025/06/24 17:26:41 [GET] /js/app.js 192.168.10.12:33436 66.038µs
2025/06/24 17:26:41 [GET] /js/db.js 192.168.10.12:33426 90.226µs
2025/06/24 17:26:41 [GET] /js/theme.js 192.168.10.12:33436 48.254µs
2025/06/24 17:26:41 [GET] /js/history.js 192.168.10.12:35852 58.466µs
2025/06/24 17:26:41 [GET] /js/editor.js 192.168.10.12:37072 52.988µs
2025/06/24 17:26:41 [GET] /js/modals.js 192.168.10.12:33410 132.391µs
2025/06/24 17:26:41 [GET] /js/commands.js 192.168.10.12:37062 133.125µs
2025/06/24 17:26:41 [GET] /js/export.js 192.168.10.12:33426 102.299µs
2025/06/24 17:26:41 [GET] /js/keybindings.js 192.168.10.12:33436 34.32µs
2025/06/24 17:26:41 [GET] /js/misc.js 192.168.10.12:35852 80.688µs
2025/06/24 17:26:41 [GET] /js/ui.js 192.168.10.12:37072 130.24µs
2025/06/24 17:26:47 [GET] / 192.168.10.12:37072 151.591µs
2025/06/24 17:26:48 [GET] /style.css 192.168.10.12:37072 128.895µs
2025/06/24 17:26:48 [GET] /js/app.js 192.168.10.12:35852 106.315µs
2025/06/24 17:26:48 [GET] /js/db.js 192.168.10.12:35852 72.683µs
2025/06/24 17:26:48 [GET] /js/theme.js 192.168.10.12:37072 49.088µs
2025/06/24 17:26:48 [GET] /js/editor.js 192.168.10.12:33426 65.303µs
2025/06/24 17:26:48 [GET] /js/history.js 192.168.10.12:33436 65.004µs
2025/06/24 17:26:48 [GET] /js/modals.js 192.168.10.12:37062 109.053µs
2025/06/24 17:26:48 [GET] /js/commands.js 192.168.10.12:33410 59.735µs
2025/06/24 17:26:48 [GET] /js/keybindings.js 192.168.10.12:37072 33.646µs
2025/06/24 17:26:48 [GET] /js/export.js 192.168.10.12:35852 98.725µs
2025/06/24 17:26:48 [GET] /js/ui.js 192.168.10.12:33436 74.459µs
2025/06/24 17:26:48 [GET] /js/misc.js 192.168.10.12:33426 75.015µs
2025/06/24 17:26:48 [GET] / 192.168.10.12:33436 165.792µs
2025/06/24 17:26:48 [GET] /style.css 192.168.10.12:33436 121.271µs
2025/06/24 17:26:48 [GET] /js/app.js 192.168.10.12:35852 91.757µs
2025/06/24 17:26:48 [GET] /js/db.js 192.168.10.12:35852 75.626µs
2025/06/24 17:26:48 [GET] /js/theme.js 192.168.10.12:33436 87.79µs
2025/06/24 17:26:48 [GET] /js/editor.js 192.168.10.12:33426 97.642µs
2025/06/24 17:26:48 [GET] /js/history.js 192.168.10.12:37072 95.376µs
2025/06/24 17:26:48 [GET] /js/modals.js 192.168.10.12:33410 74.18µs
2025/06/24 17:26:48 [GET] /js/commands.js 192.168.10.12:37062 90.361µs
2025/06/24 17:26:48 [GET] /js/export.js 192.168.10.12:35852 97.199µs
2025/06/24 17:26:48 [GET] /js/keybindings.js 192.168.10.12:33436 65.413µs
2025/06/24 17:26:48 [GET] /js/misc.js 192.168.10.12:33426 36.355µs
2025/06/24 17:26:48 [GET] /js/ui.js 192.168.10.12:37072 104.86µs
2025/06/24 17:29:54 Mudança detectada em www/index.html, enviando reload
2025/06/24 17:29:54 [GET] / 192.168.10.12:37072 297.063µs
2025/06/24 17:29:54 [GET] /style.css 192.168.10.12:37072 119.27µs
2025/06/24 17:29:54 [GET] /js/app.js 192.168.10.12:33426 75.865µs
2025/06/24 17:29:54 [GET] /js/db.js 192.168.10.12:33426 82.164µs
2025/06/24 17:29:54 [GET] /js/theme.js 192.168.10.12:37072 230.022µs
2025/06/24 17:29:54 [GET] /js/editor.js 192.168.10.12:33436 163.745µs
2025/06/24 17:29:54 [GET] /js/commands.js 192.168.10.12:33410 57.815µs
2025/06/24 17:29:54 [GET] /js/history.js 192.168.10.12:35852 60.853µs
2025/06/24 17:29:54 [GET] /js/modals.js 192.168.10.12:37062 73.605µs
2025/06/24 17:29:54 [GET] /js/export.js 192.168.10.12:33426 270.488µs
2025/06/24 17:29:54 [GET] /js/keybindings.js 192.168.10.12:37072 58.148µs
2025/06/24 17:29:54 [GET] /js/misc.js 192.168.10.12:33436 49.962µs
2025/06/24 17:29:54 [GET] /js/ui.js 192.168.10.12:33410 58.453µs
2025/06/24 17:30:01 Mudança detectada em www/style.css, enviando css-update
2025/06/24 17:30:01 [GET] / 192.168.10.12:33410 291.247µs
2025/06/24 17:30:01 [GET] /style.css 192.168.10.12:33410 131.849µs
2025/06/24 17:30:01 [GET] /js/app.js 192.168.10.12:33436 59.968µs
2025/06/24 17:30:01 [GET] /js/db.js 192.168.10.12:33410 78.537µs
2025/06/24 17:30:01 [GET] /js/theme.js 192.168.10.12:33436 56.213µs
2025/06/24 17:30:01 [GET] /js/editor.js 192.168.10.12:37072 66.765µs
2025/06/24 17:30:01 [GET] /js/history.js 192.168.10.12:33426 65.853µs
2025/06/24 17:30:01 [GET] /js/modals.js 192.168.10.12:37062 101.511µs
2025/06/24 17:30:01 [GET] /js/commands.js 192.168.10.12:35852 152.487µs
2025/06/24 17:30:01 [GET] /js/misc.js 192.168.10.12:37072 42.877µs
2025/06/24 17:30:01 [GET] /js/ui.js 192.168.10.12:33426 68.761µs
2025/06/24 17:30:01 [GET] /js/export.js 192.168.10.12:33410 101.617µs
2025/06/24 17:30:01 [GET] /js/keybindings.js 192.168.10.12:33436 834.799µs
2025/06/24 17:30:03 [GET] / 192.168.10.12:33426 190.441µs
2025/06/24 17:30:03 [GET] /style.css 192.168.10.12:33426 110.688µs
2025/06/24 17:30:03 [GET] /js/app.js 192.168.10.12:33410 77.47µs
2025/06/24 17:30:03 [GET] /js/db.js 192.168.10.12:33426 88.967µs
2025/06/24 17:30:03 [GET] /js/theme.js 192.168.10.12:33410 54.945µs
2025/06/24 17:30:03 [GET] /js/editor.js 192.168.10.12:33436 72.452µs
2025/06/24 17:30:03 [GET] /js/history.js 192.168.10.12:37072 57.898µs
2025/06/24 17:30:03 [GET] /js/modals.js 192.168.10.12:35852 108.798µs
2025/06/24 17:30:03 [GET] /js/commands.js 192.168.10.12:37062 55.278µs
2025/06/24 17:30:03 [GET] /js/export.js 192.168.10.12:33426 112.028µs
2025/06/24 17:30:03 [GET] /js/keybindings.js 192.168.10.12:33410 305.459µs
2025/06/24 17:30:03 [GET] /js/misc.js 192.168.10.12:33436 97.645µs
2025/06/24 17:30:03 [GET] /js/ui.js 192.168.10.12:37072 83.172µs
2025/06/24 17:30:05 Mudança detectada em www/style.css, enviando css-update
2025/06/24 17:30:05 [GET] / 192.168.10.12:37072 162.491µs
2025/06/24 17:30:05 [GET] /style.css 192.168.10.12:37072 111.582µs
2025/06/24 17:30:05 [GET] /js/app.js 192.168.10.12:33436 77.692µs
2025/06/24 17:30:05 [GET] /js/db.js 192.168.10.12:33436 79.814µs
2025/06/24 17:30:05 [GET] /js/theme.js 192.168.10.12:37072 62.331µs
2025/06/24 17:30:05 [GET] /js/editor.js 192.168.10.12:33426 62.027µs
2025/06/24 17:30:05 [GET] /js/history.js 192.168.10.12:33410 63.499µs
2025/06/24 17:30:05 [GET] /js/commands.js 192.168.10.12:35852 123.306µs
2025/06/24 17:30:05 [GET] /js/modals.js 192.168.10.12:37062 163.117µs
2025/06/24 17:30:05 [GET] /js/ui.js 192.168.10.12:33410 114.73µs
2025/06/24 17:30:05 [GET] /js/misc.js 192.168.10.12:33426 39.548µs
2025/06/24 17:30:05 [GET] /js/keybindings.js 192.168.10.12:37072 30.831µs
2025/06/24 17:30:05 [GET] /js/export.js 192.168.10.12:33436 52.974µs
2025/06/24 17:30:26 [GET] / 192.168.10.12:33436 344.343µs
2025/06/24 17:30:26 [GET] /style.css 192.168.10.12:33436 205.87µs
2025/06/24 17:30:26 [GET] /js/app.js 192.168.10.12:33410 124.102µs
2025/06/24 17:30:26 [GET] /js/db.js 192.168.10.12:33410 88.367µs
2025/06/24 17:30:26 [GET] /js/theme.js 192.168.10.12:33436 78.948µs
2025/06/24 17:30:26 [GET] /js/editor.js 192.168.10.12:37072 125.352µs
2025/06/24 17:30:26 [GET] /js/history.js 192.168.10.12:33426 81.213µs
2025/06/24 17:30:26 [GET] /js/modals.js 192.168.10.12:37062 103.168µs
2025/06/24 17:30:26 [GET] /js/commands.js 192.168.10.12:35852 71.833µs
2025/06/24 17:30:26 [GET] /js/export.js 192.168.10.12:33410 103.197µs
2025/06/24 17:30:26 [GET] /js/keybindings.js 192.168.10.12:33436 35.798µs
2025/06/24 17:30:26 [GET] /js/misc.js 192.168.10.12:37072 59.279µs
2025/06/24 17:30:26 [GET] /js/ui.js 192.168.10.12:33426 102.397µs
2025/06/24 17:32:00 Mudança detectada em www/style.css, enviando css-update
2025/06/24 17:32:00 [GET] / 192.168.10.12:33426 288.451µs
2025/06/24 17:32:00 [GET] /style.css 192.168.10.12:33426 164.431µs
2025/06/24 17:32:00 [GET] /js/app.js 192.168.10.12:33410 64.847µs
2025/06/24 17:32:00 [GET] /js/db.js 192.168.10.12:33426 80.48µs
2025/06/24 17:32:00 [GET] /js/theme.js 192.168.10.12:33410 73.335µs
2025/06/24 17:32:00 [GET] /js/editor.js 192.168.10.12:37072 87.951µs
2025/06/24 17:32:00 [GET] /js/history.js 192.168.10.12:33436 69.944µs
2025/06/24 17:32:00 [GET] /js/modals.js 192.168.10.12:35852 124.955µs
2025/06/24 17:32:00 [GET] /js/commands.js 192.168.10.12:37062 434.317µs
2025/06/24 17:32:00 [GET] /js/export.js 192.168.10.12:33426 105.311µs
2025/06/24 17:32:00 [GET] /js/misc.js 192.168.10.12:37072 45.595µs
2025/06/24 17:32:00 [GET] /js/keybindings.js 192.168.10.12:33410 33.566µs
2025/06/24 17:32:00 [GET] /js/ui.js 192.168.10.12:33436 117.459µs
2025/06/24 17:32:17 Mudança detectada em www/index.html, enviando reload
2025/06/24 17:32:17 [GET] / 192.168.10.12:33436 185.416µs
2025/06/24 17:32:17 [GET] /style.css 192.168.10.12:33436 153.727µs
2025/06/24 17:32:17 [GET] /js/app.js 192.168.10.12:33436 89.859µs
2025/06/24 17:32:17 [GET] /js/db.js 192.168.10.12:33436 83.992µs
2025/06/24 17:32:17 [GET] /js/history.js 192.168.10.12:37072 100.169µs
2025/06/24 17:32:17 [GET] /js/editor.js 192.168.10.12:33410 61.494µs
2025/06/24 17:32:17 [GET] /js/commands.js 192.168.10.12:35852 81.746µs
2025/06/24 17:32:17 [GET] /js/modals.js 192.168.10.12:37062 103.316µs
2025/06/24 17:32:17 [GET] /js/theme.js 192.168.10.12:33426 545.221µs
2025/06/24 17:32:17 [GET] /js/export.js 192.168.10.12:33436 98.907µs
2025/06/24 17:32:17 [GET] /js/keybindings.js 192.168.10.12:33426 51.531µs
2025/06/24 17:32:17 [GET] /js/misc.js 192.168.10.12:37072 44.415µs
2025/06/24 17:32:17 [GET] /js/ui.js 192.168.10.12:33410 79.207µs
2025/06/24 17:32:31 Mudança detectada em www/index.html, enviando reload
2025/06/24 17:32:31 [GET] / 192.168.10.12:33410 290.399µs
2025/06/24 17:32:31 [GET] /style.css 192.168.10.12:33410 221.406µs
2025/06/24 17:32:31 [GET] /js/app.js 192.168.10.12:37072 131.684µs
2025/06/24 17:32:31 [GET] /js/db.js 192.168.10.12:37072 69.295µs
2025/06/24 17:32:31 [GET] /js/theme.js 192.168.10.12:33410 41.8µs
2025/06/24 17:32:31 [GET] /js/editor.js 192.168.10.12:33426 57.268µs
2025/06/24 17:32:31 [GET] /js/history.js 192.168.10.12:33436 127.074µs
2025/06/24 17:32:31 [GET] /js/modals.js 192.168.10.12:35852 57.158µs
2025/06/24 17:32:31 [GET] /js/commands.js 192.168.10.12:37062 404.653µs
2025/06/24 17:32:31 [GET] /js/export.js 192.168.10.12:37072 92.972µs
2025/06/24 17:32:31 [GET] /js/keybindings.js 192.168.10.12:33410 50.129µs
2025/06/24 17:32:31 [GET] /js/misc.js 192.168.10.12:33426 44.843µs
2025/06/24 17:32:31 [GET] /js/ui.js 192.168.10.12:33436 75.314µs
2025/06/24 17:32:32 Mudança detectada em www/index.html, enviando reload
2025/06/24 17:32:32 [GET] / 192.168.10.12:33436 380.774µs
2025/06/24 17:32:32 [GET] /style.css 192.168.10.12:33436 200.605µs
2025/06/24 17:32:32 [GET] /js/app.js 192.168.10.12:37072 91.251µs
2025/06/24 17:32:32 [GET] /js/theme.js 192.168.10.12:33436 64.192µs
2025/06/24 17:32:32 [GET] /js/db.js 192.168.10.12:37072 45.216µs
2025/06/24 17:32:32 [GET] /js/editor.js 192.168.10.12:33426 120.317µs
2025/06/24 17:32:32 [GET] /js/history.js 192.168.10.12:33410 657.951µs
2025/06/24 17:32:32 [GET] /js/modals.js 192.168.10.12:37062 128.549µs
2025/06/24 17:32:32 [GET] /js/commands.js 192.168.10.12:35852 69.257µs
2025/06/24 17:32:32 [GET] /js/export.js 192.168.10.12:33436 95.403µs
2025/06/24 17:32:32 [GET] /js/keybindings.js 192.168.10.12:37072 36.543µs
2025/06/24 17:32:32 [GET] /js/misc.js 192.168.10.12:33426 34.178µs
2025/06/24 17:32:32 [GET] /js/ui.js 192.168.10.12:33410 66.836µs
2025/06/24 17:32:45 Mudança detectada em www/index.html, enviando reload
2025/06/24 17:32:45 [GET] / 192.168.10.12:33410 159.695µs
2025/06/24 17:32:45 [GET] /style.css 192.168.10.12:33410 119.419µs
2025/06/24 17:32:45 [GET] /js/app.js 192.168.10.12:33436 73.513µs
2025/06/24 17:32:45 [GET] /js/theme.js 192.168.10.12:33436 61.297µs
2025/06/24 17:32:45 [GET] /js/editor.js 192.168.10.12:33426 98.368µs
2025/06/24 17:32:45 [GET] /js/db.js 192.168.10.12:33410 45.331µs
2025/06/24 17:32:45 [GET] /js/history.js 192.168.10.12:37072 106.764µs
2025/06/24 17:32:45 [GET] /js/modals.js 192.168.10.12:35852 109.966µs
2025/06/24 17:32:45 [GET] /js/commands.js 192.168.10.12:37062 90.58µs
2025/06/24 17:32:45 [GET] /js/export.js 192.168.10.12:33436 110.227µs
2025/06/24 17:32:45 [GET] /js/keybindings.js 192.168.10.12:33410 77.284µs
2025/06/24 17:32:45 [GET] /js/misc.js 192.168.10.12:33426 103.297µs
2025/06/24 17:32:45 [GET] /js/ui.js 192.168.10.12:37072 88.692µs
2025/06/24 17:32:55 Mudança detectada em www/index.html, enviando reload
2025/06/24 17:32:55 [GET] / 192.168.10.12:37072 151.258µs
2025/06/24 17:32:55 [GET] /style.css 192.168.10.12:37072 120.732µs
2025/06/24 17:32:55 [GET] /js/app.js 192.168.10.12:33436 54.695µs
2025/06/24 17:32:55 [GET] /js/db.js 192.168.10.12:37072 85.7µs
2025/06/24 17:32:55 [GET] /js/theme.js 192.168.10.12:33436 68.301µs
2025/06/24 17:32:55 [GET] /js/editor.js 192.168.10.12:33426 133.142µs
2025/06/24 17:32:55 [GET] /js/history.js 192.168.10.12:33436 94.723µs
2025/06/24 17:32:55 [GET] /js/modals.js 192.168.10.12:37072 90.778µs
2025/06/24 17:32:55 [GET] /js/commands.js 192.168.10.12:33426 104.151µs
2025/06/24 17:32:55 [GET] /js/export.js 192.168.10.12:33436 88.228µs
2025/06/24 17:32:55 [GET] /js/keybindings.js 192.168.10.12:37072 43.119µs
2025/06/24 17:32:55 [GET] /js/misc.js 192.168.10.12:33426 91.389µs
2025/06/24 17:32:55 [GET] /js/ui.js 192.168.10.12:33436 104.195µs
2025/06/24 17:33:14 Mudança detectada em www/index.html, enviando reload
2025/06/24 17:33:14 [GET] / 192.168.10.12:33436 163.059µs
2025/06/24 17:33:14 [GET] /style.css 192.168.10.12:33436 126.145µs
2025/06/24 17:33:14 [GET] /js/app.js 192.168.10.12:33426 91.314µs
2025/06/24 17:33:14 [GET] /js/db.js 192.168.10.12:33426 69.85µs
2025/06/24 17:33:14 [GET] /js/theme.js 192.168.10.12:33436 119.674µs
2025/06/24 17:33:14 [GET] /js/editor.js 192.168.10.12:37072 121.407µs
2025/06/24 17:33:14 [GET] /js/history.js 192.168.10.12:33410 113.558µs
2025/06/24 17:33:14 [GET] /js/modals.js 192.168.10.12:37062 126.467µs
2025/06/24 17:33:14 [GET] /js/commands.js 192.168.10.12:35852 110.28µs
2025/06/24 17:33:14 [GET] /js/export.js 192.168.10.12:33426 98.032µs
2025/06/24 17:33:14 [GET] /js/keybindings.js 192.168.10.12:33436 63.729µs
2025/06/24 17:33:14 [GET] /js/misc.js 192.168.10.12:37072 71.13µs
2025/06/24 17:33:14 [GET] /js/ui.js 192.168.10.12:33410 86.447µs
2025/06/24 17:33:21 Mudança detectada em www/index.html, enviando reload
2025/06/24 17:33:21 [GET] / 192.168.10.12:33410 265.805µs
2025/06/24 17:33:21 [GET] /style.css 192.168.10.12:33410 203.369µs
2025/06/24 17:33:21 [GET] /js/app.js 192.168.10.12:37072 110.08µs
2025/06/24 17:33:21 [GET] /js/db.js 192.168.10.12:37072 94.538µs
2025/06/24 17:33:21 [GET] /js/theme.js 192.168.10.12:33410 59.066µs
2025/06/24 17:33:21 [GET] /js/editor.js 192.168.10.12:33426 62.727µs
2025/06/24 17:33:21 [GET] /js/history.js 192.168.10.12:33436 103.875µs
2025/06/24 17:33:21 [GET] /js/modals.js 192.168.10.12:35852 371.882µs
2025/06/24 17:33:21 [GET] /js/commands.js 192.168.10.12:37062 73.151µs
2025/06/24 17:33:21 [GET] /js/export.js 192.168.10.12:37072 122.886µs
2025/06/24 17:33:21 [GET] /js/keybindings.js 192.168.10.12:33410 54.376µs
2025/06/24 17:33:21 [GET] /js/misc.js 192.168.10.12:33426 63.521µs
2025/06/24 17:33:21 [GET] /js/ui.js 192.168.10.12:33436 49.07µs
2025/06/24 17:33:34 Mudança detectada em www/index.html, enviando reload
2025/06/24 17:33:34 [GET] / 192.168.10.12:33436 271.171µs
2025/06/24 17:33:34 [GET] /style.css 192.168.10.12:33436 165.288µs
2025/06/24 17:33:34 [GET] /js/app.js 192.168.10.12:33426 97.06µs
2025/06/24 17:33:35 [GET] /js/db.js 192.168.10.12:33426 146.742µs
2025/06/24 17:33:35 [GET] /js/theme.js 192.168.10.12:33436 84.334µs
2025/06/24 17:33:35 [GET] /js/history.js 192.168.10.12:33410 77.498µs
2025/06/24 17:33:35 [GET] /js/modals.js 192.168.10.12:35852 55.936µs
2025/06/24 17:33:35 [GET] /js/editor.js 192.168.10.12:37072 614.701µs
2025/06/24 17:33:35 [GET] /js/commands.js 192.168.10.12:37062 95.719µs
2025/06/24 17:33:35 [GET] /js/export.js 192.168.10.12:33426 107.728µs
2025/06/24 17:33:35 [GET] /js/keybindings.js 192.168.10.12:33436 48.821µs
2025/06/24 17:33:35 [GET] /js/misc.js 192.168.10.12:33410 81.559µs
2025/06/24 17:33:35 [GET] /js/ui.js 192.168.10.12:35852 199.898µs
2025/06/24 17:33:43 Mudança detectada em www/index.html, enviando reload
2025/06/24 17:33:43 [GET] / 192.168.10.12:35852 214.995µs
2025/06/24 17:33:43 [GET] /style.css 192.168.10.12:35852 135.351µs
2025/06/24 17:33:43 [GET] /js/app.js 192.168.10.12:33410 59.757µs
2025/06/24 17:33:43 [GET] /js/db.js 192.168.10.12:35852 91.254µs
2025/06/24 17:33:43 [GET] /js/theme.js 192.168.10.12:33410 73.256µs
2025/06/24 17:33:43 [GET] /js/editor.js 192.168.10.12:33426 109.023µs
2025/06/24 17:33:43 [GET] /js/history.js 192.168.10.12:33436 103.913µs
2025/06/24 17:33:43 [GET] /js/modals.js 192.168.10.12:37062 106.109µs
2025/06/24 17:33:43 [GET] /js/commands.js 192.168.10.12:37072 85.06µs
2025/06/24 17:33:43 [GET] /js/export.js 192.168.10.12:35852 112.944µs
2025/06/24 17:33:43 [GET] /js/misc.js 192.168.10.12:33426 41.503µs
2025/06/24 17:33:43 [GET] /js/keybindings.js 192.168.10.12:33410 34.408µs
2025/06/24 17:33:43 [GET] /js/ui.js 192.168.10.12:33436 79.739µs
2025/06/24 17:33:47 Mudança detectada em www/index.html, enviando reload
2025/06/24 17:33:47 [GET] / 192.168.10.12:33436 301.45µs
2025/06/24 17:33:47 [GET] /style.css 192.168.10.12:33436 157.049µs
2025/06/24 17:33:47 [GET] /js/app.js 192.168.10.12:35852 93.014µs
2025/06/24 17:33:47 [GET] /js/db.js 192.168.10.12:35852 95.596µs
2025/06/24 17:33:47 [GET] /js/theme.js 192.168.10.12:33436 51.36µs
2025/06/24 17:33:47 [GET] /js/editor.js 192.168.10.12:33410 97.241µs
2025/06/24 17:33:47 [GET] /js/history.js 192.168.10.12:33426 67.692µs
2025/06/24 17:33:47 [GET] /js/modals.js 192.168.10.12:37072 106.459µs
2025/06/24 17:33:47 [GET] /js/commands.js 192.168.10.12:37062 85.764µs
2025/06/24 17:33:47 [GET] /js/keybindings.js 192.168.10.12:33436 75.367µs
2025/06/24 17:33:47 [GET] /js/export.js 192.168.10.12:35852 48.125µs
2025/06/24 17:33:47 [GET] /js/misc.js 192.168.10.12:33426 31.661µs
2025/06/24 17:33:47 [GET] /js/ui.js 192.168.10.12:33410 48.18µs
2025/06/24 17:34:35 [GET] / 192.168.10.12:33410 170.234µs
2025/06/24 17:34:35 [GET] /style.css 192.168.10.12:33410 106.954µs
2025/06/24 17:34:35 [GET] /js/app.js 192.168.10.12:33410 73.528µs
2025/06/24 17:34:35 [GET] /js/db.js 192.168.10.12:33410 95.024µs
2025/06/24 17:34:35 [GET] /js/theme.js 192.168.10.12:35852 64.827µs
2025/06/24 17:34:35 [GET] /js/history.js 192.168.10.12:33436 68.152µs
2025/06/24 17:34:35 [GET] /js/editor.js 192.168.10.12:33426 318.876µs
2025/06/24 17:34:35 [GET] /js/modals.js 192.168.10.12:37062 95.621µs
2025/06/24 17:34:35 [GET] /js/commands.js 192.168.10.12:37072 82.289µs
2025/06/24 17:34:35 [GET] /js/export.js 192.168.10.12:33410 106.422µs
2025/06/24 17:34:35 [GET] /js/keybindings.js 192.168.10.12:35852 73.642µs
2025/06/24 17:34:35 [GET] /js/misc.js 192.168.10.12:33436 85.02µs
2025/06/24 17:34:35 [GET] /js/ui.js 192.168.10.12:33426 125.848µs
2025/06/24 17:36:05 Mudança detectada em www/index.html, enviando reload
2025/06/24 17:36:05 [GET] / 192.168.10.12:33426 138.022µs
2025/06/24 17:36:05 [GET] /js/app.js 192.168.10.12:33436 70.656µs
2025/06/24 17:36:05 [GET] /style.css 192.168.10.12:33426 70.983µs
2025/06/24 17:36:05 [GET] /js/editor.js 192.168.10.12:33410 103.256µs
2025/06/24 17:36:05 [GET] /js/theme.js 192.168.10.12:33436 30.446µs
2025/06/24 17:36:05 [GET] /js/db.js 192.168.10.12:33426 34.662µs
2025/06/24 17:36:05 [GET] /js/modals.js 192.168.10.12:33426 91.467µs
2025/06/24 17:36:05 [GET] /js/history.js 192.168.10.12:33410 90.418µs
2025/06/24 17:36:05 [GET] /js/commands.js 192.168.10.12:33436 55.503µs
2025/06/24 17:36:05 [GET] /js/export.js 192.168.10.12:33426 84.76µs
2025/06/24 17:36:05 [GET] /js/keybindings.js 192.168.10.12:33410 60.702µs
2025/06/24 17:36:05 [GET] /js/misc.js 192.168.10.12:33436 69.49µs
2025/06/24 17:36:05 [GET] /js/ui.js 192.168.10.12:33436 83.486µs
2025/06/24 17:36:17 Mudança detectada em www/style.css, enviando css-update
2025/06/24 17:36:17 [GET] / 192.168.10.12:33436 143.146µs
2025/06/24 17:36:17 [GET] /style.css 192.168.10.12:33436 234.436µs
2025/06/24 17:36:17 [GET] /js/app.js 192.168.10.12:33410 76.974µs
2025/06/24 17:36:17 [GET] /js/db.js 192.168.10.12:33436 75.791µs
2025/06/24 17:36:17 [GET] /js/theme.js 192.168.10.12:33410 63.393µs
2025/06/24 17:36:17 [GET] /js/editor.js 192.168.10.12:33426 127.406µs
2025/06/24 17:36:17 [GET] /js/history.js 192.168.10.12:33436 97.423µs
2025/06/24 17:36:17 [GET] /js/modals.js 192.168.10.12:33410 98.343µs
2025/06/24 17:36:17 [GET] /js/commands.js 192.168.10.12:33426 103.881µs
2025/06/24 17:36:17 [GET] /js/export.js 192.168.10.12:33410 113.694µs
2025/06/24 17:36:17 [GET] /js/keybindings.js 192.168.10.12:33436 98.436µs
2025/06/24 17:36:17 [GET] /js/misc.js 192.168.10.12:33436 97.04µs
2025/06/24 17:36:17 [GET] /js/ui.js 192.168.10.12:33410 90.373µs
2025/06/24 17:39:39 Mudança detectada em www/style.css, enviando css-update
2025/06/24 17:39:39 [GET] / 192.168.10.12:33410 217.348µs
2025/06/24 17:39:39 [GET] /style.css 192.168.10.12:33410 149.433µs
2025/06/24 17:39:39 [GET] /js/app.js 192.168.10.12:33436 69.237µs
2025/06/24 17:39:39 [GET] /js/db.js 192.168.10.12:33436 64.059µs
2025/06/24 17:39:39 [GET] /js/theme.js 192.168.10.12:33410 44.761µs
2025/06/24 17:39:39 [GET] /js/editor.js 192.168.10.12:33426 125.521µs
2025/06/24 17:39:39 [GET] /js/history.js 192.168.10.12:33436 130.589µs
2025/06/24 17:39:39 [GET] /js/modals.js 192.168.10.12:33410 99.863µs
2025/06/24 17:39:39 [GET] /js/commands.js 192.168.10.12:33426 98.366µs
2025/06/24 17:39:39 [GET] /js/export.js 192.168.10.12:33436 87.347µs
2025/06/24 17:39:39 [GET] /js/keybindings.js 192.168.10.12:33410 60.039µs
2025/06/24 17:39:39 [GET] /js/misc.js 192.168.10.12:33436 69.907µs
2025/06/24 17:39:39 [GET] /js/ui.js 192.168.10.12:33410 62.361µs
2025/06/24 17:39:45 Mudança detectada em www/style.css, enviando css-update
2025/06/24 17:39:45 [GET] / 192.168.10.12:33410 152.172µs
2025/06/24 17:39:45 [GET] /style.css 192.168.10.12:33410 126.175µs
2025/06/24 17:39:45 [GET] /js/app.js 192.168.10.12:33410 78.312µs
2025/06/24 17:39:45 [GET] /js/db.js 192.168.10.12:33410 78.177µs
2025/06/24 17:39:45 [GET] /js/theme.js 192.168.10.12:33436 63.755µs
2025/06/24 17:39:45 [GET] /js/editor.js 192.168.10.12:33426 113.652µs
2025/06/24 17:39:45 [GET] /js/history.js 192.168.10.12:33436 101.977µs
2025/06/24 17:39:45 [GET] /js/modals.js 192.168.10.12:33410 326.266µs
2025/06/24 17:39:45 [GET] /js/commands.js 192.168.10.12:33426 98.083µs
2025/06/24 17:39:45 [GET] /js/export.js 192.168.10.12:33426 93.814µs
2025/06/24 17:39:45 [GET] /js/keybindings.js 192.168.10.12:33410 28.184µs
2025/06/24 17:39:45 [GET] /js/misc.js 192.168.10.12:33436 188.384µs
2025/06/24 17:39:45 [GET] /js/ui.js 192.168.10.12:33436 155.838µs
2025/06/24 17:39:53 Mudança detectada em www/index.html, enviando reload
2025/06/24 17:39:53 [GET] / 192.168.10.12:33436 128.712µs
2025/06/24 17:39:53 [GET] /style.css 192.168.10.12:33436 118.764µs
2025/06/24 17:39:53 [GET] /js/app.js 192.168.10.12:33426 80.131µs
2025/06/24 17:39:53 [GET] /js/db.js 192.168.10.12:33426 66.497µs
2025/06/24 17:39:53 [GET] /js/theme.js 192.168.10.12:33436 73.218µs
2025/06/24 17:39:53 [GET] /js/editor.js 192.168.10.12:33410 136.458µs
2025/06/24 17:39:53 [GET] /js/history.js 192.168.10.12:46588 145.784µs
2025/06/24 17:39:53 [GET] /js/modals.js 192.168.10.12:46602 125.544µs
2025/06/24 17:39:53 [GET] /js/commands.js 192.168.10.12:46606 138.754µs
2025/06/24 17:39:53 [GET] /js/export.js 192.168.10.12:33426 99.43µs
2025/06/24 17:39:53 [GET] /js/keybindings.js 192.168.10.12:33436 85.895µs
2025/06/24 17:39:53 [GET] /js/misc.js 192.168.10.12:33410 100.726µs
2025/06/24 17:39:53 [GET] /js/ui.js 192.168.10.12:46588 108.31µs
2025/06/24 17:39:55 [GET] / 192.168.10.12:46588 229.206µs
2025/06/24 17:39:55 [GET] /style.css 192.168.10.12:46588 234.666µs
2025/06/24 17:39:55 [GET] /js/app.js 192.168.10.12:33410 135.7µs
2025/06/24 17:39:55 [GET] /js/db.js 192.168.10.12:33410 80.959µs
2025/06/24 17:39:55 [GET] /js/theme.js 192.168.10.12:46588 54.28µs
2025/06/24 17:39:55 [GET] /js/editor.js 192.168.10.12:33426 57.645µs
2025/06/24 17:39:55 [GET] /js/history.js 192.168.10.12:33436 73.671µs
2025/06/24 17:39:55 [GET] /js/modals.js 192.168.10.12:46606 95.709µs
2025/06/24 17:39:55 [GET] /js/commands.js 192.168.10.12:46602 93.702µs
2025/06/24 17:39:55 [GET] /js/export.js 192.168.10.12:33410 98.393µs
2025/06/24 17:39:55 [GET] /js/ui.js 192.168.10.12:33436 52.43µs
2025/06/24 17:39:55 [GET] /js/misc.js 192.168.10.12:33426 39.266µs
2025/06/24 17:39:55 [GET] /js/keybindings.js 192.168.10.12:46588 27.174µs
2025/06/24 17:41:33 Mudança detectada em www/style.css, enviando css-update
2025/06/24 17:41:33 [GET] / 192.168.10.12:33436 230.446µs
2025/06/24 17:41:33 [GET] /style.css 192.168.10.12:33436 150.607µs
2025/06/24 17:41:33 [GET] /js/app.js 192.168.10.12:33436 90.616µs
2025/06/24 17:41:33 [GET] /js/db.js 192.168.10.12:33436 85.402µs
2025/06/24 17:41:33 [GET] /js/commands.js 192.168.10.12:46606 72.876µs
2025/06/24 17:41:33 [GET] /js/modals.js 192.168.10.12:46602 107.13µs
2025/06/24 17:41:33 [GET] /js/editor.js 192.168.10.12:46588 64.355µs
2025/06/24 17:41:33 [GET] /js/theme.js 192.168.10.12:33410 624.828µs
2025/06/24 17:41:33 [GET] /js/history.js 192.168.10.12:33426 561.396µs
2025/06/24 17:41:33 [GET] /js/export.js 192.168.10.12:33436 115.104µs
2025/06/24 17:41:33 [GET] /js/keybindings.js 192.168.10.12:33410 38.799µs
2025/06/24 17:41:33 [GET] /js/misc.js 192.168.10.12:46606 42.485µs
2025/06/24 17:41:33 [GET] /js/ui.js 192.168.10.12:46602 109.791µs
2025/06/24 17:41:34 Mudança detectada em www/index.html, enviando reload
2025/06/24 17:41:34 [GET] / 192.168.10.12:46602 160.257µs
2025/06/24 17:41:34 [GET] /js/app.js 192.168.10.12:33436 83.091µs
2025/06/24 17:41:34 [GET] /style.css 192.168.10.12:46602 68.389µs
2025/06/24 17:41:34 [GET] /js/db.js 192.168.10.12:46602 108.976µs
2025/06/24 17:41:34 [GET] /js/theme.js 192.168.10.12:33436 40.53µs
2025/06/24 17:41:34 [GET] /js/editor.js 192.168.10.12:46606 132.377µs
2025/06/24 17:41:34 [GET] /js/history.js 192.168.10.12:33410 72.926µs
2025/06/24 17:41:34 [GET] /js/modals.js 192.168.10.12:33426 71.56µs
2025/06/24 17:41:34 [GET] /js/commands.js 192.168.10.12:46588 130.813µs
2025/06/24 17:41:34 [GET] /js/export.js 192.168.10.12:46602 95.589µs
2025/06/24 17:41:34 [GET] /js/keybindings.js 192.168.10.12:33436 36.606µs
2025/06/24 17:41:34 [GET] /js/misc.js 192.168.10.12:46606 637.615µs
2025/06/24 17:41:34 [GET] /js/ui.js 192.168.10.12:33410 88.458µs
2025/06/24 17:41:36 [GET] / 192.168.10.12:33410 281.579µs
2025/06/24 17:41:36 [GET] /style.css 192.168.10.12:33410 209.958µs
2025/06/24 17:41:36 [GET] /js/app.js 192.168.10.12:46602 123.297µs
2025/06/24 17:41:36 [GET] /js/db.js 192.168.10.12:46602 80.862µs
2025/06/24 17:41:36 [GET] /js/theme.js 192.168.10.12:33410 41.332µs
2025/06/24 17:41:36 [GET] /js/editor.js 192.168.10.12:46606 61.55µs
2025/06/24 17:41:36 [GET] /js/history.js 192.168.10.12:33436 112.09µs
2025/06/24 17:41:36 [GET] /js/modals.js 192.168.10.12:46588 69.036µs
2025/06/24 17:41:36 [GET] /js/commands.js 192.168.10.12:33426 109.857µs
2025/06/24 17:41:36 [GET] /js/export.js 192.168.10.12:46602 87.486µs
2025/06/24 17:41:36 [GET] /js/misc.js 192.168.10.12:46606 44.958µs
2025/06/24 17:41:36 [GET] /js/keybindings.js 192.168.10.12:33410 35.535µs
2025/06/24 17:41:36 [GET] /js/ui.js 192.168.10.12:33436 66.362µs
2025/06/24 17:42:30 [GET] / 192.168.10.12:33436 286.443µs
2025/06/24 17:42:30 [GET] /style.css 192.168.10.12:33436 196.344µs
2025/06/24 17:42:30 [GET] /js/app.js 192.168.10.12:46602 113.83µs
2025/06/24 17:42:30 [GET] /js/db.js 192.168.10.12:46602 72.488µs
2025/06/24 17:42:30 [GET] /js/theme.js 192.168.10.12:33436 87.9µs
2025/06/24 17:42:30 [GET] /js/editor.js 192.168.10.12:33410 79.203µs
2025/06/24 17:42:30 [GET] /js/history.js 192.168.10.12:46606 151.358µs
2025/06/24 17:42:30 [GET] /js/modals.js 192.168.10.12:33426 71.831µs
2025/06/24 17:42:30 [GET] /js/commands.js 192.168.10.12:46588 97.951µs
2025/06/24 17:42:30 [GET] /js/export.js 192.168.10.12:46602 92.398µs
2025/06/24 17:42:30 [GET] /js/keybindings.js 192.168.10.12:33436 38.823µs
2025/06/24 17:42:30 [GET] /js/misc.js 192.168.10.12:33410 34.667µs
2025/06/24 17:42:30 [GET] /js/ui.js 192.168.10.12:46606 78.801µs
2025/06/24 17:42:41 [GET] / 192.168.10.12:47818 263.628µs
2025/06/24 17:42:41 [GET] /style.css 192.168.10.12:47818 134.385µs
2025/06/24 17:42:41 [GET] /js/app.js 192.168.10.12:47818 88.655µs
2025/06/24 17:42:42 [GET] /js/db.js 192.168.10.12:47818 155.915µs
2025/06/24 17:42:42 [GET] /js/theme.js 192.168.10.12:47842 137.955µs
2025/06/24 17:42:42 [GET] /js/editor.js 192.168.10.12:47846 129.572µs
2025/06/24 17:42:42 [GET] /js/history.js 192.168.10.12:47850 153.606µs
2025/06/24 17:42:42 [GET] /js/modals.js 192.168.10.12:47860 152.619µs
2025/06/24 17:42:42 [GET] /js/commands.js 192.168.10.12:47868 154.336µs
2025/06/24 17:42:42 [GET] /js/export.js 192.168.10.12:47818 137.834µs
2025/06/24 17:42:42 [GET] /js/keybindings.js 192.168.10.12:47842 56.03µs
2025/06/24 17:42:42 [GET] /js/misc.js 192.168.10.12:47846 64.33µs
2025/06/24 17:42:42 [GET] /js/ui.js 192.168.10.12:47850 56.19µs
2025/06/24 17:43:02 [GET] / 192.168.10.12:41386 160.898µs
2025/06/24 17:43:02 [GET] /style.css 192.168.10.12:41386 150.951µs
2025/06/24 17:43:02 [GET] /js/app.js 192.168.10.12:41386 67.013µs
2025/06/24 17:43:03 [GET] /js/db.js 192.168.10.12:41386 69.624µs
2025/06/24 17:43:03 [GET] /js/theme.js 192.168.10.12:41398 65.195µs
2025/06/24 17:43:03 [GET] /js/editor.js 192.168.10.12:41406 71.476µs
2025/06/24 17:43:03 [GET] /js/history.js 192.168.10.12:41406 112.853µs
2025/06/24 17:43:03 [GET] /js/modals.js 192.168.10.12:41398 68.53µs
2025/06/24 17:43:03 [GET] /js/commands.js 192.168.10.12:41386 98.573µs
2025/06/24 17:43:03 [GET] /js/export.js 192.168.10.12:41406 101.445µs
2025/06/24 17:43:03 [GET] /js/keybindings.js 192.168.10.12:41398 45.253µs
2025/06/24 17:43:03 [GET] /js/misc.js 192.168.10.12:41386 88.054µs
2025/06/24 17:43:03 [GET] /js/ui.js 192.168.10.12:41406 95.538µs
2025/06/24 17:43:16 [GET] / 192.168.10.12:46606 301.565µs
2025/06/24 17:43:16 [GET] /style.css 192.168.10.12:46606 248.98µs
2025/06/24 17:43:16 [GET] /js/app.js 192.168.10.12:46602 109.133µs
2025/06/24 17:43:16 [GET] /js/db.js 192.168.10.12:46602 83.022µs
2025/06/24 17:43:16 [GET] /js/theme.js 192.168.10.12:46606 56.303µs
2025/06/24 17:43:16 [GET] /js/editor.js 192.168.10.12:33410 68.189µs
2025/06/24 17:43:16 [GET] /js/history.js 192.168.10.12:33436 78.217µs
2025/06/24 17:43:16 [GET] /js/modals.js 192.168.10.12:46588 110.726µs
2025/06/24 17:43:16 [GET] /js/commands.js 192.168.10.12:33426 55.252µs
2025/06/24 17:43:16 [GET] /js/export.js 192.168.10.12:46602 117.564µs
2025/06/24 17:43:16 [GET] /js/keybindings.js 192.168.10.12:46606 32.338µs
2025/06/24 17:43:16 [GET] /js/misc.js 192.168.10.12:33410 88.729µs
2025/06/24 17:43:16 [GET] /js/ui.js 192.168.10.12:33436 71.224µs
2025/06/24 17:44:13 [GET] / 192.168.10.12:33436 158.526µs
2025/06/24 17:44:13 [GET] /style.css 192.168.10.12:33436 109.282µs
2025/06/24 17:44:13 [GET] /js/app.js 192.168.10.12:33410 67.55µs
2025/06/24 17:44:13 [GET] /js/commands.js 192.168.10.12:46588 127.107µs
2025/06/24 17:44:13 [GET] /js/theme.js 192.168.10.12:33410 43.75µs
2025/06/24 17:44:13 [GET] /js/modals.js 192.168.10.12:33426 78.588µs
2025/06/24 17:44:13 [GET] /js/db.js 192.168.10.12:33436 46.134µs
2025/06/24 17:44:13 [GET] /js/history.js 192.168.10.12:46606 60.783µs
2025/06/24 17:44:13 [GET] /js/editor.js 192.168.10.12:46602 57.708µs
2025/06/24 17:44:13 [GET] /js/misc.js 192.168.10.12:46588 69.767µs
2025/06/24 17:44:13 [GET] /js/ui.js 192.168.10.12:33426 67.485µs
2025/06/24 17:44:13 [GET] /js/keybindings.js 192.168.10.12:33436 43.791µs
2025/06/24 17:44:13 [GET] /js/export.js 192.168.10.12:33410 669.676µs
2025/06/24 17:44:26 [GET] / 192.168.10.12:33410 301.491µs
2025/06/24 17:44:26 [GET] /style.css 192.168.10.12:33410 240.587µs
2025/06/24 17:44:26 [GET] /js/app.js 192.168.10.12:33426 121.141µs
2025/06/24 17:44:26 [GET] /js/db.js 192.168.10.12:33426 67.404µs
2025/06/24 17:44:26 [GET] /js/editor.js 192.168.10.12:33436 72.034µs
2025/06/24 17:44:26 [GET] /js/theme.js 192.168.10.12:33410 33.669µs
2025/06/24 17:44:26 [GET] /js/history.js 192.168.10.12:46588 68.84µs
2025/06/24 17:44:26 [GET] /js/modals.js 192.168.10.12:46602 134.673µs
2025/06/24 17:44:26 [GET] /js/commands.js 192.168.10.12:46606 103.977µs
2025/06/24 17:44:26 [GET] /js/export.js 192.168.10.12:33426 124.244µs
2025/06/24 17:44:26 [GET] /js/keybindings.js 192.168.10.12:33410 43.611µs
2025/06/24 17:44:26 [GET] /js/misc.js 192.168.10.12:33436 83.261µs
2025/06/24 17:44:26 [GET] /js/ui.js 192.168.10.12:46588 82.108µs
2025/06/24 17:45:06 [GET] / 192.168.10.12:46588 2.434974ms
2025/06/24 17:45:06 [GET] /style.css 192.168.10.12:46588 111.402µs
2025/06/24 17:45:06 [GET] /js/app.js 192.168.10.12:33436 71.381µs
2025/06/24 17:45:06 [GET] /js/db.js 192.168.10.12:33436 62.714µs
2025/06/24 17:45:06 [GET] /js/theme.js 192.168.10.12:46588 60.883µs
2025/06/24 17:45:06 [GET] /js/editor.js 192.168.10.12:33426 121.391µs
2025/06/24 17:45:06 [GET] /js/history.js 192.168.10.12:33410 111.717µs
2025/06/24 17:45:06 [GET] /js/modals.js 192.168.10.12:46606 64.363µs
2025/06/24 17:45:06 [GET] /js/commands.js 192.168.10.12:46602 94.633µs
2025/06/24 17:45:06 [GET] /js/export.js 192.168.10.12:33436 95.698µs
2025/06/24 17:45:06 [GET] /js/keybindings.js 192.168.10.12:46588 63.072µs
2025/06/24 17:45:06 [GET] /js/misc.js 192.168.10.12:33426 35.645µs
2025/06/24 17:45:06 [GET] /js/ui.js 192.168.10.12:33410 47.784µs
2025/06/24 17:47:36 Mudança detectada em www/index.html, enviando reload
2025/06/24 17:47:36 [GET] / 192.168.10.12:33410 157.235µs
2025/06/24 17:47:36 [GET] /js/app.js 192.168.10.12:33426 46.343µs
2025/06/24 17:47:36 [GET] /style.css 192.168.10.12:33410 109.524µs
2025/06/24 17:47:36 [GET] /js/db.js 192.168.10.12:33410 83.521µs
2025/06/24 17:47:36 [GET] /js/theme.js 192.168.10.12:33426 52.91µs
2025/06/24 17:47:36 [GET] /js/editor.js 192.168.10.12:46588 73.345µs
2025/06/24 17:47:36 [GET] /js/history.js 192.168.10.12:33436 104.266µs
2025/06/24 17:47:36 [GET] /js/modals.js 192.168.10.12:46602 129.463µs
2025/06/24 17:47:36 [GET] /js/commands.js 192.168.10.12:46606 130.614µs
2025/06/24 17:47:36 [GET] /js/export.js 192.168.10.12:33410 104.174µs
2025/06/24 17:47:36 [GET] /js/keybindings.js 192.168.10.12:33426 55.528µs
2025/06/24 17:47:36 [GET] /js/misc.js 192.168.10.12:46588 43.508µs
2025/06/24 17:47:36 [GET] /js/ui.js 192.168.10.12:33436 60.865µs
2025/06/24 17:48:38 [GET] / 192.168.10.12:49266 572.094µs
2025/06/24 17:48:38 [GET] /style.css 192.168.10.12:49266 135.79µs
2025/06/24 17:48:38 [GET] /js/app.js 192.168.10.12:49276 125.895µs
2025/06/24 17:48:38 [GET] /js/db.js 192.168.10.12:49266 67.602µs
2025/06/24 17:48:38 [GET] /js/theme.js 192.168.10.12:49276 60.067µs
2025/06/24 17:48:38 [GET] /js/editor.js 192.168.10.12:49294 108.058µs
2025/06/24 17:48:38 [GET] /js/history.js 192.168.10.12:49308 88.096µs
2025/06/24 17:48:38 [GET] /js/modals.js 192.168.10.12:49312 72.988µs
2025/06/24 17:48:38 [GET] /js/commands.js 192.168.10.12:49326 122.083µs
2025/06/24 17:48:38 [GET] /js/export.js 192.168.10.12:49266 122.352µs
2025/06/24 17:48:38 [GET] /js/keybindings.js 192.168.10.12:49276 66.325µs
2025/06/24 17:48:38 [GET] /js/misc.js 192.168.10.12:49294 71.149µs
2025/06/24 17:48:38 [GET] /js/ui.js 192.168.10.12:49308 71.857µs
2025/06/24 17:48:44 [GET] / 192.168.10.12:40748 177.531µs
2025/06/24 17:48:44 [GET] /style.css 192.168.10.12:40748 129.839µs
2025/06/24 17:48:45 [GET] /js/app.js 192.168.10.12:40748 87.775µs
2025/06/24 17:48:45 [GET] /js/db.js 192.168.10.12:40748 101.24µs
2025/06/24 17:48:45 [GET] /js/theme.js 192.168.10.12:40750 68.45µs
2025/06/24 17:48:45 [GET] /js/editor.js 192.168.10.12:40762 98.127µs
2025/06/24 17:48:45 [GET] /js/history.js 192.168.10.12:40750 112.299µs
2025/06/24 17:48:45 [GET] /js/modals.js 192.168.10.12:40762 97.971µs
2025/06/24 17:48:45 [GET] /js/commands.js 192.168.10.12:40748 87.754µs
2025/06/24 17:48:45 [GET] /js/export.js 192.168.10.12:40750 104.353µs
2025/06/24 17:48:45 [GET] /js/keybindings.js 192.168.10.12:40748 70.053µs
2025/06/24 17:48:45 [GET] /js/misc.js 192.168.10.12:40762 61.684µs
2025/06/24 17:48:45 [GET] /js/ui.js 192.168.10.12:40762 93.399µs
2025/06/24 17:49:33 [GET] / 192.168.10.12:56664 196.785µs
2025/06/24 17:49:33 [GET] /style.css 192.168.10.12:56664 114.762µs
2025/06/24 17:49:33 [GET] /js/app.js 192.168.10.12:56664 85.028µs
2025/06/24 17:49:33 [GET] /js/db.js 192.168.10.12:56664 94.829µs
2025/06/24 17:49:33 [GET] /js/theme.js 192.168.10.12:56690 171.987µs
2025/06/24 17:49:33 [GET] /js/editor.js 192.168.10.12:56698 109.236µs
2025/06/24 17:49:33 [GET] /js/history.js 192.168.10.12:56708 86.494µs
2025/06/24 17:49:33 [GET] /js/modals.js 192.168.10.12:56718 62.41µs
2025/06/24 17:49:33 [GET] /js/commands.js 192.168.10.12:56720 104.87µs
2025/06/24 17:49:33 [GET] /js/export.js 192.168.10.12:56664 118.25µs
2025/06/24 17:49:33 [GET] /js/keybindings.js 192.168.10.12:56690 68.203µs
2025/06/24 17:49:33 [GET] /js/misc.js 192.168.10.12:56698 43.596µs
2025/06/24 17:49:33 [GET] /js/ui.js 192.168.10.12:56708 60.108µs
2025/06/24 17:50:16 [GET] / 192.168.10.12:36672 173.184µs
2025/06/24 17:50:16 [GET] /style.css 192.168.10.12:36672 119.031µs
2025/06/24 17:50:17 [GET] /js/app.js 192.168.10.12:36672 115.635µs
2025/06/24 17:50:17 [GET] /js/db.js 192.168.10.12:36672 76.518µs
2025/06/24 17:50:17 [GET] /js/theme.js 192.168.10.12:36678 53.497µs
2025/06/24 17:50:17 [GET] /js/editor.js 192.168.10.12:36692 95.64µs
2025/06/24 17:50:17 [GET] /js/history.js 192.168.10.12:36692 104.193µs
2025/06/24 17:50:17 [GET] /js/modals.js 192.168.10.12:36678 76.024µs
2025/06/24 17:50:17 [GET] /js/commands.js 192.168.10.12:36672 72.204µs
2025/06/24 17:50:17 [GET] /js/export.js 192.168.10.12:36672 109.461µs
2025/06/24 17:50:17 [GET] /js/keybindings.js 192.168.10.12:36678 47.735µs
2025/06/24 17:50:17 [GET] /js/misc.js 192.168.10.12:36692 46.668µs
2025/06/24 17:50:17 [GET] /js/ui.js 192.168.10.12:36692 82.264µs
2025/06/24 17:55:18 [GET] / 192.168.10.12:45238 287.816µs
2025/06/24 17:55:19 [GET] /style.css 192.168.10.12:45238 185.717µs
2025/06/24 17:55:19 [GET] /js/app.js 192.168.10.12:45254 176.489µs
2025/06/24 17:55:19 [GET] /js/db.js 192.168.10.12:45254 66.36µs
2025/06/24 17:55:19 [GET] /js/theme.js 192.168.10.12:45238 56.004µs
2025/06/24 17:55:19 [GET] /js/editor.js 192.168.10.12:45276 110.009µs
2025/06/24 17:55:19 [GET] /js/history.js 192.168.10.12:45282 90.468µs
2025/06/24 17:55:19 [GET] /js/modals.js 192.168.10.12:45296 90.431µs
2025/06/24 17:55:19 [GET] /js/commands.js 192.168.10.12:45300 73.785µs
2025/06/24 17:55:19 [GET] /js/export.js 192.168.10.12:45254 96.752µs
2025/06/24 17:55:19 [GET] /js/keybindings.js 192.168.10.12:45238 104.49µs
2025/06/24 17:55:19 [GET] /js/misc.js 192.168.10.12:45276 87.021µs
2025/06/24 17:55:19 [GET] /js/ui.js 192.168.10.12:45282 73.215µs
2025/06/24 17:55:36 [GET] / 192.168.10.12:45282 333.048µs
2025/06/24 17:55:36 [GET] /style.css 192.168.10.12:45282 202.688µs
2025/06/24 17:55:36 [GET] /js/app.js 192.168.10.12:45276 84.594µs
2025/06/24 17:55:36 [GET] /js/db.js 192.168.10.12:45276 66.492µs
2025/06/24 17:55:36 [GET] /js/editor.js 192.168.10.12:45238 105.795µs
2025/06/24 17:55:36 [GET] /js/modals.js 192.168.10.12:45300 69.69µs
2025/06/24 17:55:36 [GET] /js/history.js 192.168.10.12:45254 51.307µs
2025/06/24 17:55:36 [GET] /js/theme.js 192.168.10.12:45282 3.867365ms
2025/06/24 17:55:36 [GET] /js/commands.js 192.168.10.12:45296 472.572µs
2025/06/24 17:55:36 [GET] /js/export.js 192.168.10.12:45276 105.032µs
2025/06/24 17:55:36 [GET] /js/keybindings.js 192.168.10.12:45282 62.225µs
2025/06/24 17:55:36 [GET] /js/misc.js 192.168.10.12:45238 49.741µs
2025/06/24 17:55:36 [GET] /js/ui.js 192.168.10.12:45300 88.782µs
2025/06/24 17:55:50 [GET] / 192.168.10.12:41920 179.767µs
2025/06/24 17:55:50 [GET] /style.css 192.168.10.12:41920 138.613µs
2025/06/24 17:55:51 [GET] /js/app.js 192.168.10.12:41920 91.34µs
2025/06/24 17:55:51 [GET] /js/db.js 192.168.10.12:41920 463.185µs
2025/06/24 17:55:51 [GET] /js/theme.js 192.168.10.12:41920 60.171µs
2025/06/24 17:55:51 [GET] /js/editor.js 192.168.10.12:41922 111.011µs
2025/06/24 17:55:51 [GET] /js/history.js 192.168.10.12:41932 117.441µs
2025/06/24 17:55:51 [GET] /js/modals.js 192.168.10.12:41948 128.357µs
2025/06/24 17:55:51 [GET] /js/commands.js 192.168.10.12:41954 131.682µs
2025/06/24 17:55:51 [GET] /js/export.js 192.168.10.12:41968 141.517µs
2025/06/24 17:55:51 [GET] /js/keybindings.js 192.168.10.12:41920 94.656µs
2025/06/24 17:55:51 [GET] /js/misc.js 192.168.10.12:41922 92.867µs
2025/06/24 17:55:51 [GET] /js/ui.js 192.168.10.12:41932 134.77µs
2025/06/24 17:57:39 [GET] / 192.168.10.12:41418 158.684µs
2025/06/24 17:57:39 [GET] /style.css 192.168.10.12:41418 144.562µs
2025/06/24 17:57:39 [GET] /js/app.js 192.168.10.12:41434 402.481µs
2025/06/24 17:57:39 [GET] /js/db.js 192.168.10.12:41418 65.813µs
2025/06/24 17:57:39 [GET] /js/theme.js 192.168.10.12:41434 68.642µs
2025/06/24 17:57:39 [GET] /js/editor.js 192.168.10.12:41442 152.456µs
2025/06/24 17:57:39 [GET] /js/history.js 192.168.10.12:41450 101.952µs
2025/06/24 17:57:39 [GET] /js/modals.js 192.168.10.12:41462 148.722µs
2025/06/24 17:57:39 [GET] /js/commands.js 192.168.10.12:41470 115.195µs
2025/06/24 17:57:39 [GET] /js/export.js 192.168.10.12:41418 131.944µs
2025/06/24 17:57:39 [GET] /js/keybindings.js 192.168.10.12:41434 69.84µs
2025/06/24 17:57:39 [GET] /js/misc.js 192.168.10.12:41442 68.871µs
2025/06/24 17:57:39 [GET] /js/ui.js 192.168.10.12:41450 70.012µs
2025/06/24 17:57:39 [GET] /favicon.ico 192.168.10.12:41450 30.838µs
2025/06/24 17:58:54 [GET] / 192.168.10.12:45300 297.39µs
2025/06/24 17:58:54 [GET] /style.css 192.168.10.12:45300 127.257µs
2025/06/24 17:58:54 [GET] /js/app.js 192.168.10.12:45238 75.542µs
2025/06/24 17:58:54 [GET] /js/db.js 192.168.10.12:45238 81.569µs
2025/06/24 17:58:54 [GET] /js/theme.js 192.168.10.12:45300 64.688µs
2025/06/24 17:58:54 [GET] /js/editor.js 192.168.10.12:45282 80.21µs
2025/06/24 17:58:54 [GET] /js/history.js 192.168.10.12:45276 85.086µs
2025/06/24 17:58:54 [GET] /js/modals.js 192.168.10.12:45296 89.914µs
2025/06/24 17:58:54 [GET] /js/commands.js 192.168.10.12:45254 84.623µs
2025/06/24 17:58:54 [GET] /js/export.js 192.168.10.12:45238 129.631µs
2025/06/24 17:58:54 [GET] /js/keybindings.js 192.168.10.12:45300 86.394µs
2025/06/24 17:58:54 [GET] /js/misc.js 192.168.10.12:45282 90.401µs
2025/06/24 17:58:54 [GET] /js/ui.js 192.168.10.12:45276 124.176µs
2025/06/24 18:07:00 Mudança detectada em www/red, enviando reload
2025/06/24 18:07:00 [GET] / 192.168.10.12:50304 221.798µs
2025/06/24 18:07:00 [GET] / 192.168.10.12:50316 255.43µs
2025/06/24 18:07:00 [GET] /style.css 192.168.10.12:50304 104.301µs
2025/06/24 18:07:00 [GET] /js/app.js 192.168.10.12:50324 50.509µs
2025/06/24 18:07:00 [GET] /js/app.js 192.168.10.12:50332 48.889µs
2025/06/24 18:07:00 [GET] /style.css 192.168.10.12:50316 64.991µs
2025/06/24 18:07:00 [GET] /js/theme.js 192.168.10.12:50332 58.719µs
2025/06/24 18:07:00 [GET] /js/db.js 192.168.10.12:50304 46.228µs
2025/06/24 18:07:00 [GET] /js/editor.js 192.168.10.12:50350 111.431µs
2025/06/24 18:07:00 [GET] /js/history.js 192.168.10.12:50350 99.373µs
2025/06/24 18:07:00 [GET] /js/modals.js 192.168.10.12:50304 106.478µs
2025/06/24 18:07:00 [GET] /js/commands.js 192.168.10.12:50332 137.402µs
2025/06/24 18:07:00 [GET] /js/db.js 192.168.10.12:50316 110.945µs
2025/06/24 18:07:00 [GET] /js/theme.js 192.168.10.12:50324 37.79µs
2025/06/24 18:07:00 [GET] /js/editor.js 192.168.10.12:50372 109.558µs
2025/06/24 18:07:00 [GET] /js/history.js 192.168.10.12:50324 110.265µs
2025/06/24 18:07:00 [GET] /js/export.js 192.168.10.12:50350 787.48µs
2025/06/24 18:07:00 [GET] /js/modals.js 192.168.10.12:50316 1.674807ms
2025/06/24 18:07:00 [GET] /js/keybindings.js 192.168.10.12:50332 71.62µs
2025/06/24 18:07:00 [GET] /js/misc.js 192.168.10.12:50304 349.69µs
2025/06/24 18:07:00 [GET] /js/ui.js 192.168.10.12:50350 111.901µs
2025/06/24 18:07:00 [GET] /js/commands.js 192.168.10.12:50316 103.316µs
2025/06/24 18:07:00 [GET] /js/export.js 192.168.10.12:50324 210.813µs
2025/06/24 18:07:00 [GET] /js/keybindings.js 192.168.10.12:50372 65.275µs
2025/06/24 18:07:00 [GET] /js/misc.js 192.168.10.12:50324 100.044µs
2025/06/24 18:07:00 [GET] /js/ui.js 192.168.10.12:50372 66.726µs
2025/06/24 18:07:11 Mudança detectada em www/red.zip, enviando reload
2025/06/24 18:07:11 [GET] / 192.168.10.12:50350 186.697µs
2025/06/24 18:07:11 [GET] / 192.168.10.12:50372 172.005µs
2025/06/24 18:07:12 [GET] /style.css 192.168.10.12:50350 130.969µs
2025/06/24 18:07:12 [GET] /js/app.js 192.168.10.12:50350 84.754µs
2025/06/24 18:07:12 [GET] /style.css 192.168.10.12:50372 118.018µs
2025/06/24 18:07:12 [GET] /js/app.js 192.168.10.12:50324 79.526µs
2025/06/24 18:07:12 [GET] /js/db.js 192.168.10.12:50350 69.785µs
2025/06/24 18:07:12 [GET] /js/editor.js 192.168.10.12:50332 58.229µs
2025/06/24 18:07:12 [GET] /js/theme.js 192.168.10.12:50304 36.013µs
2025/06/24 18:07:12 [GET] /js/history.js 192.168.10.12:50332 106.435µs
2025/06/24 18:07:12 [GET] /js/modals.js 192.168.10.12:50304 106.786µs
2025/06/24 18:07:12 [GET] /js/commands.js 192.168.10.12:50350 59.134µs
2025/06/24 18:07:12 [GET] /js/export.js 192.168.10.12:50332 105.935µs
2025/06/24 18:07:12 [GET] /js/theme.js 192.168.10.12:50324 405.752µs
2025/06/24 18:07:12 [GET] /js/editor.js 192.168.10.12:50316 959.872µs
2025/06/24 18:07:12 [GET] /js/db.js 192.168.10.12:50372 1.487115ms
2025/06/24 18:07:12 [GET] /js/keybindings.js 192.168.10.12:50332 90.198µs
2025/06/24 18:07:12 [GET] /js/ui.js 192.168.10.12:50304 106.447µs
2025/06/24 18:07:12 [GET] /js/misc.js 192.168.10.12:50350 42.183µs
2025/06/24 18:07:12 [GET] /js/history.js 192.168.10.12:50372 120.516µs
2025/06/24 18:07:12 [GET] /js/modals.js 192.168.10.12:50324 109.084µs
2025/06/24 18:07:12 [GET] /js/commands.js 192.168.10.12:50316 160.601µs
2025/06/24 18:07:12 [GET] /js/export.js 192.168.10.12:50316 137.612µs
2025/06/24 18:07:12 [GET] /js/keybindings.js 192.168.10.12:50324 65.773µs
2025/06/24 18:07:12 [GET] /js/misc.js 192.168.10.12:50372 89.784µs
2025/06/24 18:07:12 [GET] /js/ui.js 192.168.10.12:50372 128.377µs
2025/06/24 18:26:23 [GET] / 192.168.10.12:38620 168.708µs
2025/06/24 18:26:23 [GET] /style.css 192.168.10.12:38620 121.705µs
2025/06/24 18:26:23 [GET] /js/app.js 192.168.10.12:38622 99.802µs
2025/06/24 18:26:23 [GET] /js/db.js 192.168.10.12:38622 85.24µs
2025/06/24 18:26:23 [GET] /js/theme.js 192.168.10.12:38620 63.66µs
2025/06/24 18:26:23 [GET] /js/editor.js 192.168.10.12:38642 135.06µs
2025/06/24 18:26:23 [GET] /js/history.js 192.168.10.12:38646 80.429µs
2025/06/24 18:26:23 [GET] /js/modals.js 192.168.10.12:38652 71.593µs
2025/06/24 18:26:23 [GET] /js/commands.js 192.168.10.12:38664 139.019µs
2025/06/24 18:26:23 [GET] /js/export.js 192.168.10.12:38622 140.967µs
2025/06/24 18:26:23 [GET] /js/keybindings.js 192.168.10.12:38620 67.916µs
2025/06/24 18:26:23 [GET] /js/misc.js 192.168.10.12:38642 56.057µs
2025/06/24 18:26:23 [GET] /js/ui.js 192.168.10.12:38646 121.213µs
2025/06/24 18:26:48 [GET] / 192.168.10.12:38646 189.381µs
2025/06/24 18:26:48 [GET] /style.css 192.168.10.12:38646 137.847µs
2025/06/24 18:26:48 [GET] /js/app.js 192.168.10.12:38646 72.532µs
2025/06/24 18:26:48 [GET] /js/db.js 192.168.10.12:38646 81.088µs
2025/06/24 18:26:48 [GET] /js/theme.js 192.168.10.12:38642 43.139µs
2025/06/24 18:26:48 [GET] /js/editor.js 192.168.10.12:38620 80.418µs
2025/06/24 18:26:48 [GET] /js/history.js 192.168.10.12:38620 101.77µs
2025/06/24 18:26:48 [GET] /js/commands.js 192.168.10.12:38646 66.488µs
2025/06/24 18:26:48 [GET] /js/modals.js 192.168.10.12:38642 70.909µs
2025/06/24 18:26:48 [GET] /js/export.js 192.168.10.12:38642 105.559µs
2025/06/24 18:26:48 [GET] /js/keybindings.js 192.168.10.12:38646 44.926µs
2025/06/24 18:26:48 [GET] /js/misc.js 192.168.10.12:38620 45.223µs
2025/06/24 18:26:48 [GET] /js/ui.js 192.168.10.12:38646 95.321µs
2025/06/24 18:32:26 [GET] /image1 192.168.10.12:57762 93.812µs
2025/06/24 18:33:11 [GET] /image1 192.168.10.12:57762 28.756µs
2025/06/24 18:33:18 [GET] /image1 192.168.10.12:57762 29.634µs
2025/06/24 18:36:11 [GET] / 192.168.10.12:57762 203.176µs
2025/06/24 18:36:11 [GET] /style.css 192.168.10.12:57762 130.18µs
2025/06/24 18:36:11 [GET] /js/app.js 192.168.10.12:48460 84.868µs
2025/06/24 18:36:12 [GET] /js/db.js 192.168.10.12:57762 71.075µs
2025/06/24 18:36:12 [GET] /js/theme.js 192.168.10.12:48460 64.595µs
2025/06/24 18:36:12 [GET] /js/editor.js 192.168.10.12:48476 116.703µs
2025/06/24 18:36:12 [GET] /js/keybindings.js 192.168.10.12:48460 52.962µs
2025/06/24 18:36:12 [GET] /js/export.js 192.168.10.12:57762 95.028µs
2025/06/24 18:36:12 [GET] /js/commands.js 192.168.10.12:48504 70.095µs
2025/06/24 18:36:12 [GET] /js/history.js 192.168.10.12:48488 71.912µs
2025/06/24 18:36:12 [GET] /js/modals.js 192.168.10.12:48490 68.887µs
2025/06/24 18:36:12 [GET] /js/misc.js 192.168.10.12:48476 38.588µs
2025/06/24 18:36:12 [GET] /js/ui.js 192.168.10.12:48460 98.735µs
2025/06/24 18:39:14 [GET] / 192.168.10.12:48460 147.445µs
2025/06/24 18:39:14 [GET] /style.css 192.168.10.12:48460 137.845µs
2025/06/24 18:39:14 [GET] /js/app.js 192.168.10.12:48460 65.572µs
2025/06/24 18:39:14 [GET] /js/db.js 192.168.10.12:48460 77.818µs
2025/06/24 18:39:14 [GET] /js/theme.js 192.168.10.12:48490 61.413µs
2025/06/24 18:39:14 [GET] /js/editor.js 192.168.10.12:48488 86.801µs
2025/06/24 18:39:14 [GET] /js/commands.js 192.168.10.12:48476 102.338µs
2025/06/24 18:39:14 [GET] /js/modals.js 192.168.10.12:57762 54.262µs
2025/06/24 18:39:14 [GET] /js/history.js 192.168.10.12:48504 55.327µs
2025/06/24 18:39:14 [GET] /js/export.js 192.168.10.12:48460 94.064µs
2025/06/24 18:39:14 [GET] /js/keybindings.js 192.168.10.12:48490 70.469µs
2025/06/24 18:39:14 [GET] /js/misc.js 192.168.10.12:48488 55.052µs
2025/06/24 18:39:14 [GET] /js/ui.js 192.168.10.12:48476 90.411µs
2025/06/24 18:40:45 [GET] / 192.168.10.12:48476 212.646µs
2025/06/24 18:40:45 [GET] /style.css 192.168.10.12:48476 149.961µs
2025/06/24 18:40:45 [GET] /js/app.js 192.168.10.12:48488 69.29µs
2025/06/24 18:40:45 [GET] /js/db.js 192.168.10.12:48488 87.604µs
2025/06/24 18:40:45 [GET] /js/theme.js 192.168.10.12:48476 65.551µs
2025/06/24 18:40:45 [GET] /js/editor.js 192.168.10.12:48490 74.382µs
2025/06/24 18:40:45 [GET] /js/history.js 192.168.10.12:48460 118.14µs
2025/06/24 18:40:45 [GET] /js/modals.js 192.168.10.12:48504 61.728µs
2025/06/24 18:40:45 [GET] /js/commands.js 192.168.10.12:57762 297.521µs
2025/06/24 18:40:45 [GET] /js/export.js 192.168.10.12:48488 147.712µs
2025/06/24 18:40:45 [GET] /js/keybindings.js 192.168.10.12:48476 70.361µs
2025/06/24 18:40:45 [GET] /js/misc.js 192.168.10.12:48490 137.527µs
2025/06/24 18:40:45 [GET] /js/ui.js 192.168.10.12:48460 122.922µs
2025/06/24 18:48:07 [GET] / 192.168.10.12:51950 187.44µs
2025/06/24 18:48:07 [GET] /style.css 192.168.10.12:51950 126.573µs
2025/06/24 18:48:07 [GET] /js/app.js 192.168.10.12:51950 80.847µs
2025/06/24 18:48:07 [GET] /js/db.js 192.168.10.12:51950 72.38µs
2025/06/24 18:48:07 [GET] /js/editor.js 192.168.10.12:51966 112.272µs
2025/06/24 18:48:07 [GET] /js/theme.js 192.168.10.12:51956 40.061µs
2025/06/24 18:48:07 [GET] /js/history.js 192.168.10.12:51950 93.812µs
2025/06/24 18:48:07 [GET] /js/commands.js 192.168.10.12:51966 103.021µs
2025/06/24 18:48:07 [GET] /js/modals.js 192.168.10.12:51950 76.199µs
2025/06/24 18:48:07 [GET] /js/export.js 192.168.10.12:51956 111.234µs
2025/06/24 18:48:07 [GET] /js/keybindings.js 192.168.10.12:51956 61.816µs
2025/06/24 18:48:07 [GET] /js/misc.js 192.168.10.12:51950 74.5µs
2025/06/24 18:48:07 [GET] /js/ui.js 192.168.10.12:51966 51.992µs
2025/06/24 18:48:26 Mudança detectada em www/index.html, enviando reload
2025/06/24 18:48:26 [GET] / 192.168.10.12:44586 345.683µs
2025/06/24 18:48:26 [GET] / 192.168.10.12:44586 362.66µs
2025/06/24 18:48:26 [GET] / 192.168.10.12:44592 299.263µs
2025/06/24 18:48:26 [GET] /style.css 192.168.10.12:44592 128.003µs
2025/06/24 18:48:26 [GET] /js/app.js 192.168.10.12:44586 72.614µs
2025/06/24 18:48:26 [GET] /style.css 192.168.10.12:44592 133.729µs
2025/06/24 18:48:26 [GET] /js/app.js 192.168.10.12:44586 78.573µs
2025/06/24 18:48:26 [GET] /style.css 192.168.10.12:44586 118.58µs
2025/06/24 18:48:26 [GET] /js/app.js 192.168.10.12:44592 41.822µs
2025/06/24 18:48:26 [GET] /js/db.js 192.168.10.12:44586 80.999µs
2025/06/24 18:48:26 [GET] /js/theme.js 192.168.10.12:44592 43.294µs
2025/06/24 18:48:26 [GET] /js/editor.js 192.168.10.12:44610 125.276µs
2025/06/24 18:48:26 [GET] /js/history.js 192.168.10.12:44618 127.938µs
2025/06/24 18:48:26 [GET] /js/modals.js 192.168.10.12:44622 124.213µs
2025/06/24 18:48:26 [GET] /js/commands.js 192.168.10.12:44634 118.015µs
2025/06/24 18:48:26 [GET] /js/export.js 192.168.10.12:44586 109.69µs
2025/06/24 18:48:26 [GET] /js/misc.js 192.168.10.12:44610 80.783µs
2025/06/24 18:48:26 [GET] /js/ui.js 192.168.10.12:44618 61.117µs
2025/06/24 18:48:26 [GET] /js/keybindings.js 192.168.10.12:44592 4.171767ms
2025/06/24 18:48:26 [GET] /js/db.js 192.168.10.12:44592 97.528µs
2025/06/24 18:48:26 [GET] /js/db.js 192.168.10.12:44618 77.492µs
2025/06/24 18:48:26 [GET] /js/theme.js 192.168.10.12:44610 223.96µs
2025/06/24 18:48:26 [GET] /js/editor.js 192.168.10.12:44586 109.475µs
2025/06/24 18:48:26 [GET] /js/theme.js 192.168.10.12:44592 30.991µs
2025/06/24 18:48:26 [GET] /js/editor.js 192.168.10.12:44610 116.304µs
2025/06/24 18:48:26 [GET] /js/history.js 192.168.10.12:44618 125.794µs
2025/06/24 18:48:26 [GET] /js/modals.js 192.168.10.12:44586 114.059µs
2025/06/24 18:48:26 [GET] /js/history.js 192.168.10.12:44592 131.529µs
2025/06/24 18:48:26 [GET] /js/modals.js 192.168.10.12:44634 113.462µs
2025/06/24 18:48:26 [GET] /js/commands.js 192.168.10.12:44610 105.817µs
2025/06/24 18:48:26 [GET] /js/commands.js 192.168.10.12:44618 630.578µs
2025/06/24 18:48:26 [GET] /js/export.js 192.168.10.12:44592 97.676µs
2025/06/24 18:48:26 [GET] /js/keybindings.js 192.168.10.12:44586 76.917µs
2025/06/24 18:48:26 [GET] /js/export.js 192.168.10.12:44634 101.252µs
2025/06/24 18:48:26 [GET] /js/keybindings.js 192.168.10.12:44622 70.549µs
2025/06/24 18:48:26 [GET] /js/misc.js 192.168.10.12:44610 76.666µs
2025/06/24 18:48:26 [GET] /js/ui.js 192.168.10.12:44618 111.39µs
2025/06/24 18:48:26 [GET] /js/misc.js 192.168.10.12:44592 83.67µs
2025/06/24 18:48:26 [GET] /js/ui.js 192.168.10.12:44622 123.215µs
2025/06/24 18:51:07 [GET] / 192.168.10.12:44622 175.654µs
2025/06/24 18:51:07 [GET] /style.css 192.168.10.12:44622 168.003µs
2025/06/24 18:51:07 [GET] /js/app.js 192.168.10.12:44618 67.631µs
2025/06/24 18:51:07 [GET] /js/db.js 192.168.10.12:44622 84.726µs
2025/06/24 18:51:07 [GET] /js/commands.js 192.168.10.12:44586 133.445µs
2025/06/24 18:51:07 [GET] /js/theme.js 192.168.10.12:44618 43.918µs
2025/06/24 18:51:07 [GET] /js/modals.js 192.168.10.12:44610 71.868µs
2025/06/24 18:51:07 [GET] /js/history.js 192.168.10.12:44634 77.432µs
2025/06/24 18:51:07 [GET] /js/editor.js 192.168.10.12:44592 60.856µs
2025/06/24 18:51:07 [GET] /js/export.js 192.168.10.12:44622 103.22µs
2025/06/24 18:51:07 [GET] /js/keybindings.js 192.168.10.12:44618 58.311µs
2025/06/24 18:51:07 [GET] /js/misc.js 192.168.10.12:44586 44.769µs
2025/06/24 18:51:07 [GET] /js/ui.js 192.168.10.12:44610 113.082µs
2025/06/24 18:51:10 [GET] / 192.168.10.12:44610 210.111µs
2025/06/24 18:51:10 [GET] /style.css 192.168.10.12:44610 129.37µs
2025/06/24 18:51:10 [GET] /js/app.js 192.168.10.12:44586 75.426µs
2025/06/24 18:51:10 [GET] /js/db.js 192.168.10.12:44586 71.601µs
2025/06/24 18:51:10 [GET] /js/theme.js 192.168.10.12:44610 62.98µs
2025/06/24 18:51:10 [GET] /js/editor.js 192.168.10.12:44618 104.801µs
2025/06/24 18:51:10 [GET] /js/history.js 192.168.10.12:44622 150.589µs
2025/06/24 18:51:10 [GET] /js/modals.js 192.168.10.12:44592 102.008µs
2025/06/24 18:51:10 [GET] /js/commands.js 192.168.10.12:44634 68.172µs
2025/06/24 18:51:10 [GET] /js/export.js 192.168.10.12:44586 111.715µs
2025/06/24 18:51:10 [GET] /js/keybindings.js 192.168.10.12:44610 53.564µs
2025/06/24 18:51:10 [GET] /js/misc.js 192.168.10.12:44618 61.594µs
2025/06/24 18:51:10 [GET] /js/ui.js 192.168.10.12:44622 111.665µs
2025/06/24 18:54:04 [GET] / 192.168.10.12:44622 154.118µs
2025/06/24 18:54:04 [GET] /style.css 192.168.10.12:44622 117.789µs
2025/06/24 18:54:04 [GET] /js/app.js 192.168.10.12:44618 73.38µs
2025/06/24 18:54:04 [GET] /js/db.js 192.168.10.12:44618 95.863µs
2025/06/24 18:54:04 [GET] /js/commands.js 192.168.10.12:44592 100.972µs
2025/06/24 18:54:04 [GET] /js/theme.js 192.168.10.12:44622 31.701µs
2025/06/24 18:54:04 [GET] /js/modals.js 192.168.10.12:44634 215.571µs
2025/06/24 18:54:04 [GET] /js/editor.js 192.168.10.12:44586 60.242µs
2025/06/24 18:54:04 [GET] /js/history.js 192.168.10.12:44610 80.482µs
2025/06/24 18:54:04 [GET] /js/export.js 192.168.10.12:44618 99.805µs
2025/06/24 18:54:04 [GET] /js/keybindings.js 192.168.10.12:44622 67.297µs
2025/06/24 18:54:04 [GET] /js/misc.js 192.168.10.12:44592 52.281µs
2025/06/24 18:54:04 [GET] /js/ui.js 192.168.10.12:44634 468.644µs
2025/06/24 18:54:05 [GET] / 192.168.10.12:44634 156.322µs
2025/06/24 18:54:05 [GET] /style.css 192.168.10.12:44634 104.98µs
2025/06/24 18:54:05 [GET] /js/app.js 192.168.10.12:44592 71.299µs
2025/06/24 18:54:05 [GET] /js/db.js 192.168.10.12:44592 89.763µs
2025/06/24 18:54:05 [GET] /js/theme.js 192.168.10.12:44634 52.635µs
2025/06/24 18:54:05 [GET] /js/editor.js 192.168.10.12:44622 103.415µs
2025/06/24 18:54:05 [GET] /js/history.js 192.168.10.12:44618 95.88µs
2025/06/24 18:54:05 [GET] /js/modals.js 192.168.10.12:44610 103.7µs
2025/06/24 18:54:05 [GET] /js/commands.js 192.168.10.12:44586 64.695µs
2025/06/24 18:54:05 [GET] /js/keybindings.js 192.168.10.12:44634 39.005µs
2025/06/24 18:54:05 [GET] /js/export.js 192.168.10.12:44592 103.35µs
2025/06/24 18:54:05 [GET] /js/misc.js 192.168.10.12:44622 37.703µs
2025/06/24 18:54:05 [GET] /js/ui.js 192.168.10.12:44618 95.039µs
2025/06/24 19:25:44 Mudança detectada em www/as, enviando reload
2025/06/24 19:26:01 Mudança detectada em www/++, enviando reload
2025/06/24 19:29:38 [GET] / 192.168.10.12:35456 241.284µs
2025/06/24 19:29:38 [GET] /style.css 192.168.10.12:35456 119.424µs
2025/06/24 19:29:38 [GET] /js/app.js 192.168.10.12:35456 72.996µs
2025/06/24 19:29:38 [GET] /js/theme.js 192.168.10.12:35466 125.179µs
2025/06/24 19:29:38 [GET] /js/db.js 192.168.10.12:35456 40.375µs
2025/06/24 19:29:38 [GET] /js/history.js 192.168.10.12:35456 98.71µs
2025/06/24 19:29:38 [GET] /js/modals.js 192.168.10.12:35476 92.037µs
2025/06/24 19:29:38 [GET] /js/editor.js 192.168.10.12:35466 55.12µs
2025/06/24 19:29:38 [GET] /js/commands.js 192.168.10.12:35456 111.5µs
2025/06/24 19:29:38 [GET] /js/keybindings.js 192.168.10.12:35476 33.468µs
2025/06/24 19:29:38 [GET] /js/export.js 192.168.10.12:35466 51.86µs
2025/06/24 19:29:38 [GET] /js/misc.js 192.168.10.12:35466 86.729µs
2025/06/24 19:29:38 [GET] /js/ui.js 192.168.10.12:35456 49.018µs
2025/06/24 19:31:14 Mudança detectada em www/index.html, enviando reload
2025/06/24 19:31:14 [GET] / 192.168.10.12:35456 140.987µs
2025/06/24 19:31:14 [GET] /style.css 192.168.10.12:35456 107.447µs
2025/06/24 19:31:14 [GET] /js/app.js 192.168.10.12:35466 119.552µs
2025/06/24 19:31:14 [GET] /js/theme.js 192.168.10.12:35456 58.861µs
2025/06/24 19:31:14 [GET] /js/db.js 192.168.10.12:35466 42.428µs
2025/06/24 19:31:14 [GET] /js/editor.js 192.168.10.12:35476 109.239µs
2025/06/24 19:31:14 [GET] /js/history.js 192.168.10.12:38270 136.572µs
2025/06/24 19:31:14 [GET] /js/modals.js 192.168.10.12:38280 70.054µs
2025/06/24 19:31:14 [GET] /js/commands.js 192.168.10.12:38292 69.658µs
2025/06/24 19:31:14 [GET] /js/export.js 192.168.10.12:35456 224.728µs
2025/06/24 19:31:14 [GET] /js/keybindings.js 192.168.10.12:35466 42.928µs
2025/06/24 19:31:14 [GET] /js/misc.js 192.168.10.12:35476 91.275µs
2025/06/24 19:31:14 [GET] /js/ui.js 192.168.10.12:38270 90.091µs
2025/06/24 19:32:13 [GET] / 192.168.10.12:38270 166.675µs
2025/06/24 19:32:13 [GET] /style.css 192.168.10.12:38270 129.967µs
2025/06/24 19:32:13 [GET] /js/app.js 192.168.10.12:38270 75.57µs
2025/06/24 19:32:13 [GET] /js/db.js 192.168.10.12:38270 95.707µs
2025/06/24 19:32:13 [GET] /js/theme.js 192.168.10.12:35476 65.12µs
2025/06/24 19:32:13 [GET] /js/history.js 192.168.10.12:35466 69.739µs
2025/06/24 19:32:13 [GET] /js/editor.js 192.168.10.12:35456 59.329µs
2025/06/24 19:32:13 [GET] /js/modals.js 192.168.10.12:38292 103.163µs
2025/06/24 19:32:13 [GET] /js/commands.js 192.168.10.12:38280 58.283µs
2025/06/24 19:32:13 [GET] /js/export.js 192.168.10.12:38270 111.278µs
2025/06/24 19:32:13 [GET] /js/keybindings.js 192.168.10.12:35476 67.516µs
2025/06/24 19:32:13 [GET] /js/ui.js 192.168.10.12:35456 114.023µs
2025/06/24 19:32:13 [GET] /js/misc.js 192.168.10.12:35466 48.531µs
2025/06/24 19:32:46 [GET] / 192.168.10.12:35456 182.313µs
2025/06/24 19:32:46 [GET] /style.css 192.168.10.12:35456 170.968µs
2025/06/24 19:32:46 [GET] /js/app.js 192.168.10.12:35456 77.756µs
2025/06/24 19:32:46 [GET] /js/db.js 192.168.10.12:35456 246.478µs
2025/06/24 19:32:46 [GET] /js/theme.js 192.168.10.12:35466 50.664µs
2025/06/24 19:32:46 [GET] /js/editor.js 192.168.10.12:35476 69.405µs
2025/06/24 19:32:46 [GET] /js/history.js 192.168.10.12:38270 116.976µs
2025/06/24 19:32:46 [GET] /js/modals.js 192.168.10.12:38280 84.357µs
2025/06/24 19:32:46 [GET] /js/commands.js 192.168.10.12:38292 108.782µs
2025/06/24 19:32:46 [GET] /js/export.js 192.168.10.12:35456 99.829µs
2025/06/24 19:32:46 [GET] /js/keybindings.js 192.168.10.12:35466 43.563µs
2025/06/24 19:32:46 [GET] /js/misc.js 192.168.10.12:35476 48.226µs
2025/06/24 19:32:46 [GET] /js/ui.js 192.168.10.12:38280 89.966µs
2025/06/24 19:34:28 Mudança detectada em www/video, enviando reload
2025/06/24 19:34:29 [GET] / 192.168.10.12:38280 171.736µs
2025/06/24 19:34:29 [GET] /style.css 192.168.10.12:38280 121.706µs
2025/06/24 19:34:29 [GET] /js/app.js 192.168.10.12:35456 79.124µs
2025/06/24 19:34:29 [GET] /js/db.js 192.168.10.12:35456 84.603µs
2025/06/24 19:34:29 [GET] /js/theme.js 192.168.10.12:38280 34.559µs
2025/06/24 19:34:29 [GET] /js/editor.js 192.168.10.12:35476 711.828µs
2025/06/24 19:34:29 [GET] /js/history.js 192.168.10.12:35476 113.186µs
2025/06/24 19:34:29 [GET] /js/modals.js 192.168.10.12:38280 104.928µs
2025/06/24 19:34:29 [GET] /js/commands.js 192.168.10.12:35456 98.334µs
2025/06/24 19:34:29 [GET] /js/export.js 192.168.10.12:35476 141.529µs
2025/06/24 19:34:29 [GET] /js/keybindings.js 192.168.10.12:38280 75.646µs
2025/06/24 19:34:29 [GET] /js/misc.js 192.168.10.12:35456 231.346µs
2025/06/24 19:34:29 [GET] /js/ui.js 192.168.10.12:35456 99.388µs
2025/06/24 19:36:32 [GET] / 192.168.10.12:35456 180.329µs
2025/06/24 19:36:32 [GET] /js/app.js 192.168.10.12:35476 45.902µs
2025/06/24 19:36:32 [GET] /style.css 192.168.10.12:35456 137.931µs
2025/06/24 19:36:32 [GET] /js/db.js 192.168.10.12:35456 82.011µs
2025/06/24 19:36:32 [GET] /js/theme.js 192.168.10.12:35476 62.163µs
2025/06/24 19:36:32 [GET] /js/editor.js 192.168.10.12:38280 116.451µs
2025/06/24 19:36:32 [GET] /js/history.js 192.168.10.12:35466 73.141µs
2025/06/24 19:36:32 [GET] /js/modals.js 192.168.10.12:38292 113.424µs
2025/06/24 19:36:32 [GET] /js/commands.js 192.168.10.12:38270 103.21µs
2025/06/24 19:36:32 [GET] /js/export.js 192.168.10.12:35456 120.069µs
2025/06/24 19:36:32 [GET] /js/keybindings.js 192.168.10.12:35476 77.49µs
2025/06/24 19:36:32 [GET] /js/misc.js 192.168.10.12:35466 90.676µs
2025/06/24 19:36:32 [GET] /js/ui.js 192.168.10.12:38280 64.289µs
2025/06/24 19:38:35 Mudança detectada em www/index.html, enviando reload
2025/06/24 19:38:35 [GET] / 192.168.10.12:38280 171.646µs
2025/06/24 19:38:35 [GET] /style.css 192.168.10.12:38280 135.617µs
2025/06/24 19:38:35 [GET] /js/app.js 192.168.10.12:38280 77.462µs
2025/06/24 19:38:35 [GET] /js/db.js 192.168.10.12:38280 75.185µs
2025/06/24 19:38:35 [GET] /js/theme.js 192.168.10.12:35466 62.087µs
2025/06/24 19:38:35 [GET] /js/history.js 192.168.10.12:35476 63.513µs
2025/06/24 19:38:35 [GET] /js/editor.js 192.168.10.12:35456 79.5µs
2025/06/24 19:38:35 [GET] /js/modals.js 192.168.10.12:38270 110.259µs
2025/06/24 19:38:35 [GET] /js/commands.js 192.168.10.12:38292 133.565µs
2025/06/24 19:38:35 [GET] /js/export.js 192.168.10.12:38280 115.799µs
2025/06/24 19:38:35 [GET] /js/misc.js 192.168.10.12:35476 48.087µs
2025/06/24 19:38:35 [GET] /js/keybindings.js 192.168.10.12:35466 34.607µs
2025/06/24 19:38:35 [GET] /js/ui.js 192.168.10.12:35456 97.814µs
2025/06/24 19:38:48 Mudança detectada em www/index.html, enviando reload
2025/06/24 19:38:48 [GET] / 192.168.10.12:35456 158.822µs
2025/06/24 19:38:48 [GET] /style.css 192.168.10.12:35456 119.35µs
2025/06/24 19:38:48 [GET] /js/app.js 192.168.10.12:35456 79.841µs
2025/06/24 19:38:48 [GET] /js/db.js 192.168.10.12:35456 87.533µs
2025/06/24 19:38:48 [GET] /js/theme.js 192.168.10.12:38280 67.417µs
2025/06/24 19:38:48 [GET] /js/history.js 192.168.10.12:35476 89.569µs
2025/06/24 19:38:48 [GET] /js/editor.js 192.168.10.12:35466 678.815µs
2025/06/24 19:38:48 [GET] /js/modals.js 192.168.10.12:38292 111.18µs
2025/06/24 19:38:48 [GET] /js/commands.js 192.168.10.12:38270 82.75µs
2025/06/24 19:38:48 [GET] /js/export.js 192.168.10.12:35456 122.899µs
2025/06/24 19:38:48 [GET] /js/ui.js 192.168.10.12:35466 76.982µs
2025/06/24 19:38:48 [GET] /js/misc.js 192.168.10.12:35476 41.751µs
2025/06/24 19:38:48 [GET] /js/keybindings.js 192.168.10.12:38280 2.626331ms
2025/06/24 19:38:49 Mudança detectada em www/index.html, enviando reload
2025/06/24 19:38:49 [GET] / 192.168.10.12:35466 187.621µs
2025/06/24 19:38:49 [GET] /js/app.js 192.168.10.12:35456 75.93µs
2025/06/24 19:38:49 [GET] /style.css 192.168.10.12:35466 81.901µs
2025/06/24 19:38:50 [GET] /js/db.js 192.168.10.12:35466 80.588µs
2025/06/24 19:38:50 [GET] /js/editor.js 192.168.10.12:38280 66.465µs
2025/06/24 19:38:50 [GET] /js/theme.js 192.168.10.12:35456 30.444µs
2025/06/24 19:38:50 [GET] /js/history.js 192.168.10.12:35476 122.947µs
2025/06/24 19:38:50 [GET] /js/modals.js 192.168.10.12:38270 67.094µs
2025/06/24 19:38:50 [GET] /js/commands.js 192.168.10.12:38292 115.71µs
2025/06/24 19:38:50 [GET] /js/export.js 192.168.10.12:35466 126.816µs
2025/06/24 19:38:50 [GET] /js/keybindings.js 192.168.10.12:35456 44.472µs
2025/06/24 19:38:50 [GET] /js/misc.js 192.168.10.12:38280 44.418µs
2025/06/24 19:38:50 [GET] /js/ui.js 192.168.10.12:35476 100.892µs
2025/06/24 19:43:50 [GET] / 192.168.10.12:60482 317.693µs
2025/06/24 19:43:50 [GET] /js/app.js 192.168.10.12:60490 74.354µs
2025/06/24 19:43:50 [GET] /style.css 192.168.10.12:60482 715.219µs
2025/06/24 19:43:50 [GET] /js/db.js 192.168.10.12:60482 65.85µs
2025/06/24 19:43:50 [GET] /js/theme.js 192.168.10.12:60490 82.405µs
2025/06/24 19:43:50 [GET] /js/editor.js 192.168.10.12:60514 116.793µs
2025/06/24 19:43:50 [GET] /js/history.js 192.168.10.12:60526 100.435µs
2025/06/24 19:43:50 [GET] /js/commands.js 192.168.10.12:60544 97.149µs
2025/06/24 19:43:50 [GET] /js/modals.js 192.168.10.12:60542 121.458µs
2025/06/24 19:43:50 [GET] /js/export.js 192.168.10.12:60482 88.79µs
2025/06/24 19:43:50 [GET] /js/keybindings.js 192.168.10.12:60490 62.949µs
2025/06/24 19:43:50 [GET] /js/misc.js 192.168.10.12:60514 84.818µs
2025/06/24 19:43:50 [GET] /js/ui.js 192.168.10.12:60526 60.388µs
2025/06/24 19:46:51 [GET] / 192.168.10.12:60526 163.368µs
2025/06/24 19:46:51 [GET] /style.css 192.168.10.12:60526 108.766µs
2025/06/24 19:46:51 [GET] /js/app.js 192.168.10.12:60526 71.791µs
2025/06/24 19:46:52 [GET] /js/db.js 192.168.10.12:60526 77.197µs
2025/06/24 19:46:52 [GET] /js/theme.js 192.168.10.12:60514 157.899µs
2025/06/24 19:46:52 [GET] /js/editor.js 192.168.10.12:60490 126.196µs
2025/06/24 19:46:52 [GET] /js/history.js 192.168.10.12:60544 122.384µs
2025/06/24 19:46:52 [GET] /js/modals.js 192.168.10.12:60542 112.277µs
2025/06/24 19:46:52 [GET] /js/commands.js 192.168.10.12:60482 78.732µs
2025/06/24 19:46:52 [GET] /js/export.js 192.168.10.12:60526 114.183µs
2025/06/24 19:46:52 [GET] /js/keybindings.js 192.168.10.12:60514 34.883µs
2025/06/24 19:46:52 [GET] /js/misc.js 192.168.10.12:60490 51.014µs
2025/06/24 19:46:52 [GET] /js/ui.js 192.168.10.12:60544 93.171µs
2025/06/24 19:46:56 [GET] / 192.168.10.12:60544 314.815µs
2025/06/24 19:46:56 [GET] /style.css 192.168.10.12:60544 146.625µs
2025/06/24 19:46:56 [GET] /js/app.js 192.168.10.12:60526 77.67µs
2025/06/24 19:46:56 [GET] /js/theme.js 192.168.10.12:60544 67.927µs
2025/06/24 19:46:56 [GET] /js/db.js 192.168.10.12:60526 78.943µs
2025/06/24 19:46:56 [GET] /js/editor.js 192.168.10.12:60490 130.483µs
2025/06/24 19:46:56 [GET] /js/history.js 192.168.10.12:60514 104.566µs
2025/06/24 19:46:56 [GET] /js/modals.js 192.168.10.12:60482 58.794µs
2025/06/24 19:46:56 [GET] /js/commands.js 192.168.10.12:60542 114.814µs
2025/06/24 19:46:56 [GET] /js/export.js 192.168.10.12:60544 93.69µs
2025/06/24 19:46:56 [GET] /js/keybindings.js 192.168.10.12:60526 45.03µs
2025/06/24 19:46:56 [GET] /js/misc.js 192.168.10.12:60490 74.066µs
2025/06/24 19:46:56 [GET] /js/ui.js 192.168.10.12:60514 79.238µs
2025/06/24 19:47:12 Mudança detectada em www/index.html, enviando reload
2025/06/24 19:47:12 [GET] / 192.168.10.12:60514 197.461µs
2025/06/24 19:47:12 [GET] /style.css 192.168.10.12:60514 148.785µs
2025/06/24 19:47:12 [GET] /js/app.js 192.168.10.12:60490 82.566µs
2025/06/24 19:47:12 [GET] /js/db.js 192.168.10.12:60490 84.66µs
2025/06/24 19:47:12 [GET] /js/theme.js 192.168.10.12:60514 65.374µs
2025/06/24 19:47:12 [GET] /js/editor.js 192.168.10.12:60544 305.587µs
2025/06/24 19:47:12 [GET] /js/history.js 192.168.10.12:60526 318.578µs
2025/06/24 19:47:12 [GET] /js/modals.js 192.168.10.12:60542 130.671µs
2025/06/24 19:47:12 [GET] /js/commands.js 192.168.10.12:60482 103.841µs
2025/06/24 19:47:12 [GET] /js/ui.js 192.168.10.12:60544 131.68µs
2025/06/24 19:47:12 [GET] /js/misc.js 192.168.10.12:60526 56.011µs
2025/06/24 19:47:12 [GET] /js/keybindings.js 192.168.10.12:60514 35.496µs
2025/06/24 19:47:12 [GET] /js/export.js 192.168.10.12:60490 62.934µs
2025/06/24 19:47:13 [GET] / 192.168.10.12:60490 189.905µs
2025/06/24 19:47:13 [GET] /style.css 192.168.10.12:60490 124.132µs
2025/06/24 19:47:13 [GET] /js/app.js 192.168.10.12:60490 72.972µs
2025/06/24 19:47:13 [GET] /js/theme.js 192.168.10.12:60544 66.068µs
2025/06/24 19:47:13 [GET] /js/db.js 192.168.10.12:60490 51.864µs
2025/06/24 19:47:13 [GET] /js/editor.js 192.168.10.12:60514 85.138µs
2025/06/24 19:47:13 [GET] /js/history.js 192.168.10.12:60526 71.094µs
2025/06/24 19:47:13 [GET] /js/modals.js 192.168.10.12:60482 104.929µs
2025/06/24 19:47:13 [GET] /js/commands.js 192.168.10.12:60542 86.925µs
2025/06/24 19:47:13 [GET] /js/export.js 192.168.10.12:60544 147.39µs
2025/06/24 19:47:13 [GET] /js/keybindings.js 192.168.10.12:60490 51.859µs
2025/06/24 19:47:13 [GET] /js/misc.js 192.168.10.12:60514 55.225µs
2025/06/24 19:47:13 [GET] /js/ui.js 192.168.10.12:60526 116.198µs
2025/06/24 19:47:31 [GET] / 192.168.10.12:60526 193.237µs
2025/06/24 19:47:31 [GET] /style.css 192.168.10.12:60526 143.951µs
2025/06/24 19:47:31 [GET] /js/app.js 192.168.10.12:60526 88.925µs
2025/06/24 19:47:31 [GET] /js/db.js 192.168.10.12:60526 75.165µs
2025/06/24 19:47:31 [GET] /js/theme.js 192.168.10.12:60544 82.935µs
2025/06/24 19:47:31 [GET] /js/editor.js 192.168.10.12:60514 110.079µs
2025/06/24 19:47:31 [GET] /js/history.js 192.168.10.12:60490 117.804µs
2025/06/24 19:47:31 [GET] /js/modals.js 192.168.10.12:60542 136.577µs
2025/06/24 19:47:31 [GET] /js/commands.js 192.168.10.12:60482 66.724µs
2025/06/24 19:47:31 [GET] /js/export.js 192.168.10.12:60526 149.258µs
2025/06/24 19:47:31 [GET] /js/keybindings.js 192.168.10.12:60544 69.675µs
2025/06/24 19:47:31 [GET] /js/misc.js 192.168.10.12:60514 53.882µs
2025/06/24 19:47:31 [GET] /js/ui.js 192.168.10.12:60490 81.392µs
2025/06/24 19:47:58 [GET] / 192.168.10.12:60490 580.631µs
2025/06/24 19:47:58 [GET] /style.css 192.168.10.12:60490 199.862µs
2025/06/24 19:47:58 [GET] /js/app.js 192.168.10.12:60514 98.258µs
2025/06/24 19:47:58 [GET] /js/db.js 192.168.10.12:60514 71.798µs
2025/06/24 19:47:58 [GET] /js/theme.js 192.168.10.12:60490 74.856µs
2025/06/24 19:47:58 [GET] /js/history.js 192.168.10.12:60526 60.253µs
2025/06/24 19:47:58 [GET] /js/modals.js 192.168.10.12:60542 76.015µs
2025/06/24 19:47:58 [GET] /js/editor.js 192.168.10.12:60544 57.493µs
2025/06/24 19:47:58 [GET] /js/commands.js 192.168.10.12:60482 143.996µs
2025/06/24 19:47:58 [GET] /js/export.js 192.168.10.12:60514 125.884µs
2025/06/24 19:47:58 [GET] /js/keybindings.js 192.168.10.12:60490 83.665µs
2025/06/24 19:47:58 [GET] /js/misc.js 192.168.10.12:60526 59.839µs
2025/06/24 19:47:58 [GET] /js/ui.js 192.168.10.12:60542 82.911µs
2025/06/24 19:49:44 [GET] / 192.168.10.12:52072 241.473µs
2025/06/24 19:49:44 [GET] /style.css 192.168.10.12:52072 129.834µs
2025/06/24 19:49:44 [GET] /js/app.js 192.168.10.12:52076 117.229µs
2025/06/24 19:49:44 [GET] /js/db.js 192.168.10.12:52076 77.126µs
2025/06/24 19:49:44 [GET] /js/theme.js 192.168.10.12:52072 36.449µs
2025/06/24 19:49:44 [GET] /js/editor.js 192.168.10.12:52096 136.688µs
2025/06/24 19:49:44 [GET] /js/history.js 192.168.10.12:52112 74.94µs
2025/06/24 19:49:44 [GET] /js/modals.js 192.168.10.12:52122 101.917µs
2025/06/24 19:49:44 [GET] /js/commands.js 192.168.10.12:52136 247.232µs
2025/06/24 19:49:44 [GET] /js/export.js 192.168.10.12:52072 114.477µs
2025/06/24 19:49:44 [GET] /js/keybindings.js 192.168.10.12:52076 37.843µs
2025/06/24 19:49:44 [GET] /js/misc.js 192.168.10.12:52096 84.241µs
2025/06/24 19:49:44 [GET] /js/ui.js 192.168.10.12:52112 77.623µs
2025/06/24 19:50:02 [GET] /style.css 192.168.10.12:52112 107.878µs
2025/06/24 19:52:13 [GET] / 192.168.10.12:52112 141.727µs
2025/06/24 19:52:13 [GET] /js/app.js 192.168.10.12:52096 69.051µs
2025/06/24 19:52:13 [GET] /style.css 192.168.10.12:52112 147.012µs
2025/06/24 19:52:13 [GET] /js/editor.js 192.168.10.12:52072 93.849µs
2025/06/24 19:52:13 [GET] /js/theme.js 192.168.10.12:52096 32.762µs
2025/06/24 19:52:13 [GET] /js/db.js 192.168.10.12:52112 33.713µs
2025/06/24 19:52:13 [GET] /js/modals.js 192.168.10.12:52136 52.388µs
2025/06/24 19:52:13 [GET] /js/history.js 192.168.10.12:52076 50.97µs
2025/06/24 19:52:14 [GET] /js/commands.js 192.168.10.12:52122 126.103µs
2025/06/24 19:52:14 [GET] /js/export.js 192.168.10.12:52096 112.923µs
2025/06/24 19:52:14 [GET] /js/keybindings.js 192.168.10.12:52112 42.666µs
2025/06/24 19:52:14 [GET] /js/misc.js 192.168.10.12:52072 1.987552ms
2025/06/24 19:52:14 [GET] /js/ui.js 192.168.10.12:52136 82.104µs
2025/06/24 19:52:41 [GET] / 192.168.10.12:52136 301.897µs
2025/06/24 19:52:41 [GET] /style.css 192.168.10.12:52136 167.538µs
2025/06/24 19:52:41 [GET] /js/app.js 192.168.10.12:52136 177.718µs
2025/06/24 19:52:41 [GET] /js/db.js 192.168.10.12:52136 83.778µs
2025/06/24 19:52:41 [GET] /js/theme.js 192.168.10.12:52072 59.407µs
2025/06/24 19:52:41 [GET] /js/editor.js 192.168.10.12:52096 57.984µs
2025/06/24 19:52:41 [GET] /js/history.js 192.168.10.12:52112 103.841µs
2025/06/24 19:52:41 [GET] /js/modals.js 192.168.10.12:52122 184.563µs
2025/06/24 19:52:41 [GET] /js/commands.js 192.168.10.12:52076 58.041µs
2025/06/24 19:52:41 [GET] /js/export.js 192.168.10.12:52136 98.167µs
2025/06/24 19:52:41 [GET] /js/misc.js 192.168.10.12:52096 37.132µs
2025/06/24 19:52:41 [GET] /js/keybindings.js 192.168.10.12:52072 33.924µs
2025/06/24 19:52:41 [GET] /js/ui.js 192.168.10.12:52112 63.398µs
2025/06/24 19:52:57 [GET] / 192.168.10.12:52112 253.016µs
2025/06/24 19:52:57 [GET] /js/app.js 192.168.10.12:52136 44.385µs
2025/06/24 19:52:57 [GET] /style.css 192.168.10.12:52112 114.681µs
2025/06/24 19:52:57 [GET] /js/db.js 192.168.10.12:52112 75.51µs
2025/06/24 19:52:57 [GET] /js/theme.js 192.168.10.12:52136 79.029µs
2025/06/24 19:52:57 [GET] /js/modals.js 192.168.10.12:52076 59.267µs
2025/06/24 19:52:57 [GET] /js/history.js 192.168.10.12:52096 53.842µs
2025/06/24 19:52:57 [GET] /js/editor.js 192.168.10.12:52072 81.278µs
2025/06/24 19:52:57 [GET] /js/commands.js 192.168.10.12:52122 119.712µs
2025/06/24 19:52:57 [GET] /js/export.js 192.168.10.12:52112 110.822µs
2025/06/24 19:52:57 [GET] /js/keybindings.js 192.168.10.12:52136 71.574µs
2025/06/24 19:52:57 [GET] /js/misc.js 192.168.10.12:52076 52.212µs
2025/06/24 19:52:57 [GET] /js/ui.js 192.168.10.12:52096 791.596µs
2025/06/24 19:53:37 [GET] /style.css 192.168.10.12:52096 129.231µs
2025/06/24 19:56:23 [GET] / 192.168.10.12:52096 183.058µs
2025/06/24 19:56:23 [GET] /style.css 192.168.10.12:52096 133.124µs
2025/06/24 19:56:23 [GET] /js/app.js 192.168.10.12:52076 71.341µs
2025/06/24 19:56:23 [GET] /js/db.js 192.168.10.12:52076 76.604µs
2025/06/24 19:56:23 [GET] /js/theme.js 192.168.10.12:52096 108.216µs
2025/06/24 19:56:23 [GET] /js/history.js 192.168.10.12:52112 69.713µs
2025/06/24 19:56:23 [GET] /js/editor.js 192.168.10.12:52136 135.928µs
2025/06/24 19:56:23 [GET] /js/commands.js 192.168.10.12:52072 64.75µs
2025/06/24 19:56:23 [GET] /js/modals.js 192.168.10.12:52122 82.13µs
2025/06/24 19:56:23 [GET] /js/export.js 192.168.10.12:52076 104.526µs
2025/06/24 19:56:23 [GET] /js/keybindings.js 192.168.10.12:52096 52.669µs
2025/06/24 19:56:23 [GET] /js/misc.js 192.168.10.12:52136 61.342µs
2025/06/24 19:56:23 [GET] /js/ui.js 192.168.10.12:52112 79.359µs
2025/06/24 19:56:27 [GET] /style.css 192.168.10.12:52112 107.97µs
2025/06/24 20:00:00 Mudança detectada em www/cores, enviando reload
2025/06/24 20:00:00 [GET] / 192.168.10.12:52112 175.884µs
2025/06/24 20:00:00 [GET] /style.css 192.168.10.12:52112 108.537µs
2025/06/24 20:00:00 [GET] /js/app.js 192.168.10.12:52112 72.469µs
2025/06/24 20:00:00 [GET] /js/db.js 192.168.10.12:52112 81.18µs
2025/06/24 20:00:00 [GET] /js/theme.js 192.168.10.12:52076 39.007µs
2025/06/24 20:00:00 [GET] /js/editor.js 192.168.10.12:52136 127.335µs
2025/06/24 20:00:00 [GET] /js/history.js 192.168.10.12:52076 96.369µs
2025/06/24 20:00:00 [GET] /js/modals.js 192.168.10.12:52112 60.285µs
2025/06/24 20:00:00 [GET] /js/commands.js 192.168.10.12:52112 147.682µs
2025/06/24 20:00:00 [GET] /js/export.js 192.168.10.12:52076 63.026µs
2025/06/24 20:00:00 [GET] /js/keybindings.js 192.168.10.12:52136 61.629µs
2025/06/24 20:00:00 [GET] /js/misc.js 192.168.10.12:52076 111.984µs
2025/06/24 20:00:00 [GET] /js/ui.js 192.168.10.12:52136 91.557µs
2025/06/24 20:00:03 Mudança detectada em www/style (copiar 1).css, enviando css-update
2025/06/24 20:00:03 [GET] / 192.168.10.12:52136 188.494µs
2025/06/24 20:00:03 [GET] /style.css 192.168.10.12:52136 106.573µs
2025/06/24 20:00:03 [GET] /js/app.js 192.168.10.12:52076 152.335µs
2025/06/24 20:00:03 [GET] /js/db.js 192.168.10.12:52076 76.587µs
2025/06/24 20:00:03 [GET] /js/theme.js 192.168.10.12:52136 47.284µs
2025/06/24 20:00:03 [GET] /js/editor.js 192.168.10.12:52112 63.695µs
2025/06/24 20:00:03 [GET] /js/history.js 192.168.10.12:52112 112.708µs
2025/06/24 20:00:03 [GET] /js/modals.js 192.168.10.12:52136 93.03µs
2025/06/24 20:00:03 [GET] /js/commands.js 192.168.10.12:52076 65.955µs
2025/06/24 20:00:03 [GET] /js/export.js 192.168.10.12:52076 117.304µs
2025/06/24 20:00:03 [GET] /js/misc.js 192.168.10.12:52112 76.626µs
2025/06/24 20:00:03 [GET] /js/keybindings.js 192.168.10.12:52136 44.78µs
2025/06/24 20:00:03 [GET] /js/ui.js 192.168.10.12:52076 113.078µs
2025/06/24 20:02:55 Mudança detectada em www/index.html, enviando reload
2025/06/24 20:02:55 [GET] / 192.168.10.12:52076 175.913µs
2025/06/24 20:02:55 [GET] /style.css 192.168.10.12:52076 123.793µs
2025/06/24 20:02:55 [GET] /js/app.js 192.168.10.12:52076 96.268µs
2025/06/24 20:02:55 [GET] /js/db.js 192.168.10.12:52076 77.334µs
2025/06/24 20:02:55 [GET] /js/history.js 192.168.10.12:52076 103.382µs
2025/06/24 20:02:55 [GET] /js/editor.js 192.168.10.12:52112 80.302µs
2025/06/24 20:02:55 [GET] /js/theme.js 192.168.10.12:52136 31.311µs
2025/06/24 20:02:55 [GET] /js/modals.js 192.168.10.12:48738 117.415µs
2025/06/24 20:02:55 [GET] /js/commands.js 192.168.10.12:48744 148.848µs
2025/06/24 20:02:55 [GET] /js/keybindings.js 192.168.10.12:52136 50.558µs
2025/06/24 20:02:55 [GET] /js/export.js 192.168.10.12:48756 90.438µs
2025/06/24 20:02:55 [GET] /js/misc.js 192.168.10.12:52076 57.85µs
2025/06/24 20:02:55 [GET] /js/ui.js 192.168.10.12:52112 110.418µs
2025/06/24 20:03:33 [GET] / 192.168.10.12:52112 286.729µs
2025/06/24 20:03:33 [GET] /style.css 192.168.10.12:52112 136.14µs
2025/06/24 20:03:33 [GET] /js/app.js 192.168.10.12:48756 94.525µs
2025/06/24 20:03:33 [GET] /js/theme.js 192.168.10.12:52112 70.83µs
2025/06/24 20:03:33 [GET] /js/db.js 192.168.10.12:48756 36.497µs
2025/06/24 20:03:33 [GET] /js/editor.js 192.168.10.12:48744 115.752µs
2025/06/24 20:03:33 [GET] /js/history.js 192.168.10.12:52076 69.061µs
2025/06/24 20:03:33 [GET] /js/modals.js 192.168.10.12:52136 101.408µs
2025/06/24 20:03:33 [GET] /js/commands.js 192.168.10.12:48738 78.786µs
2025/06/24 20:03:33 [GET] /js/export.js 192.168.10.12:52112 99.21µs
2025/06/24 20:03:33 [GET] /js/keybindings.js 192.168.10.12:48756 126.597µs
2025/06/24 20:03:33 [GET] /js/misc.js 192.168.10.12:48744 64.734µs
2025/06/24 20:03:33 [GET] /js/ui.js 192.168.10.12:52076 79.57µs
2025/06/24 20:03:47 [GET] /style.css 192.168.10.12:52076 190.35µs
2025/06/24 20:05:58 Mudança detectada em www/style.css, enviando css-update
2025/06/24 20:05:58 [GET] / 192.168.10.12:52076 176.453µs
2025/06/24 20:05:58 [GET] /style.css 192.168.10.12:52076 128.7µs
2025/06/24 20:05:58 [GET] /js/app.js 192.168.10.12:52076 70.569µs
2025/06/24 20:05:58 [GET] /js/db.js 192.168.10.12:52076 86.768µs
2025/06/24 20:05:58 [GET] /js/theme.js 192.168.10.12:48744 55.118µs
2025/06/24 20:05:58 [GET] /js/commands.js 192.168.10.12:52136 89.491µs
2025/06/24 20:05:58 [GET] /js/modals.js 192.168.10.12:48738 60.212µs
2025/06/24 20:05:58 [GET] /js/history.js 192.168.10.12:52112 58.341µs
2025/06/24 20:05:58 [GET] /js/editor.js 192.168.10.12:48756 1.9475ms
2025/06/24 20:05:58 [GET] /js/export.js 192.168.10.12:52076 152.426µs
2025/06/24 20:05:58 [GET] /js/keybindings.js 192.168.10.12:48744 98.47µs
2025/06/24 20:05:58 [GET] /js/misc.js 192.168.10.12:52136 55.525µs
2025/06/24 20:05:58 [GET] /js/ui.js 192.168.10.12:48738 104.103µs
2025/06/24 20:08:59 Mudança detectada em www/style.css, enviando css-update
2025/06/24 20:08:59 [GET] / 192.168.10.12:48738 170.21µs
2025/06/24 20:08:59 [GET] /style.css 192.168.10.12:48738 160.501µs
2025/06/24 20:08:59 [GET] /js/app.js 192.168.10.12:48738 88.19µs
2025/06/24 20:08:59 [GET] /js/editor.js 192.168.10.12:48744 108.432µs
2025/06/24 20:08:59 [GET] /js/theme.js 192.168.10.12:52136 37.218µs
2025/06/24 20:08:59 [GET] /js/db.js 192.168.10.12:48738 33.684µs
2025/06/24 20:08:59 [GET] /js/history.js 192.168.10.12:48744 108.17µs
2025/06/24 20:08:59 [GET] /js/modals.js 192.168.10.12:48738 65.14µs
2025/06/24 20:08:59 [GET] /js/commands.js 192.168.10.12:52136 51.002µs
2025/06/24 20:08:59 [GET] /js/export.js 192.168.10.12:52136 120.6µs
2025/06/24 20:08:59 [GET] /js/keybindings.js 192.168.10.12:48738 151.488µs
2025/06/24 20:08:59 [GET] /js/misc.js 192.168.10.12:48744 93.878µs
2025/06/24 20:08:59 [GET] /js/ui.js 192.168.10.12:52136 307.242µs
2025/06/24 20:09:09 [GET] /style.css 192.168.10.12:52136 154.932µs
2025/06/24 20:09:41 Mudança detectada em www/style.css, enviando css-update
2025/06/24 20:09:41 [GET] / 192.168.10.12:52136 189.783µs
2025/06/24 20:09:41 [GET] /style.css 192.168.10.12:52136 135.04µs
2025/06/24 20:09:41 [GET] /js/app.js 192.168.10.12:48744 63.794µs
2025/06/24 20:09:41 [GET] /js/db.js 192.168.10.12:52136 73.816µs
2025/06/24 20:09:41 [GET] /js/theme.js 192.168.10.12:48744 81.673µs
2025/06/24 20:09:41 [GET] /js/editor.js 192.168.10.12:48738 123.532µs
2025/06/24 20:09:41 [GET] /js/history.js 192.168.10.12:52076 537.515µs
2025/06/24 20:09:41 [GET] /js/modals.js 192.168.10.12:48756 137.303µs
2025/06/24 20:09:41 [GET] /js/commands.js 192.168.10.12:52112 63.533µs
2025/06/24 20:09:41 [GET] /js/export.js 192.168.10.12:52136 119.759µs
2025/06/24 20:09:41 [GET] /js/keybindings.js 192.168.10.12:48744 94.258µs
2025/06/24 20:09:41 [GET] /js/misc.js 192.168.10.12:48738 63.76µs
2025/06/24 20:09:41 [GET] /js/ui.js 192.168.10.12:52076 543.605µs
2025/06/24 20:09:55 [GET] /style.css 192.168.10.12:52076 158.479µs
2025/06/24 20:12:23 Mudança detectada em www/index.html, enviando reload
2025/06/24 20:12:23 [GET] / 192.168.10.12:52076 158.226µs
2025/06/24 20:12:23 [GET] /style.css 192.168.10.12:52076 114.787µs
2025/06/24 20:12:23 [GET] /js/app.js 192.168.10.12:48738 279.345µs
2025/06/24 20:12:23 [GET] /js/db.js 192.168.10.12:48738 79.098µs
2025/06/24 20:12:23 [GET] /js/theme.js 192.168.10.12:52076 98.497µs
2025/06/24 20:12:23 [GET] /js/modals.js 192.168.10.12:52112 54.69µs
2025/06/24 20:12:23 [GET] /js/history.js 192.168.10.12:52136 89.4µs
2025/06/24 20:12:23 [GET] /js/editor.js 192.168.10.12:48744 88.032µs
2025/06/24 20:12:23 [GET] /js/commands.js 192.168.10.12:48756 122.792µs
2025/06/24 20:12:23 [GET] /js/export.js 192.168.10.12:48738 96.378µs
2025/06/24 20:12:23 [GET] /js/keybindings.js 192.168.10.12:52076 61.262µs
2025/06/24 20:12:23 [GET] /js/misc.js 192.168.10.12:52112 75.088µs
2025/06/24 20:12:23 [GET] /js/ui.js 192.168.10.12:52136 84.218µs
2025/06/24 20:13:54 Mudança detectada em www/font, enviando reload
2025/06/24 20:13:54 [GET] / 192.168.10.12:52136 196.754µs
2025/06/24 20:13:54 [GET] /style.css 192.168.10.12:52136 184.246µs
2025/06/24 20:13:54 [GET] /js/app.js 192.168.10.12:52112 101.429µs
2025/06/24 20:13:54 [GET] /js/db.js 192.168.10.12:52112 77.274µs
2025/06/24 20:13:54 [GET] /js/theme.js 192.168.10.12:52136 45.644µs
2025/06/24 20:13:54 [GET] /js/editor.js 192.168.10.12:48738 55.781µs
2025/06/24 20:13:54 [GET] /js/history.js 192.168.10.12:48738 103.981µs
2025/06/24 20:13:54 [GET] /js/commands.js 192.168.10.12:52112 53.497µs
2025/06/24 20:13:54 [GET] /js/modals.js 192.168.10.12:52136 54.397µs
2025/06/24 20:13:54 [GET] /js/export.js 192.168.10.12:52136 92.209µs
2025/06/24 20:13:54 [GET] /js/keybindings.js 192.168.10.12:52112 61.305µs
2025/06/24 20:13:54 [GET] /js/misc.js 192.168.10.12:48738 83.809µs
2025/06/24 20:13:54 [GET] /js/ui.js 192.168.10.12:52112 92.222µs
2025/06/24 20:15:05 Mudança detectada em www/style.css, enviando css-update
2025/06/24 20:15:05 [GET] / 192.168.10.12:52112 147.934µs
2025/06/24 20:15:05 [GET] /style.css 192.168.10.12:52112 116.054µs
2025/06/24 20:15:05 [GET] /js/app.js 192.168.10.12:48738 77.054µs
2025/06/24 20:15:05 [GET] /js/db.js 192.168.10.12:48738 82.274µs
2025/06/24 20:15:05 [GET] /js/theme.js 192.168.10.12:52112 48.131µs
2025/06/24 20:15:05 [GET] /js/editor.js 192.168.10.12:52136 210.353µs
2025/06/24 20:15:05 [GET] /js/history.js 192.168.10.12:52112 103.061µs
2025/06/24 20:15:05 [GET] /js/modals.js 192.168.10.12:48738 126.735µs
2025/06/24 20:15:05 [GET] /js/commands.js 192.168.10.12:52136 93.741µs
2025/06/24 20:15:05 [GET] /js/export.js 192.168.10.12:52136 102.409µs
2025/06/24 20:15:05 [GET] /js/keybindings.js 192.168.10.12:48738 65.846µs
2025/06/24 20:15:05 [GET] /js/misc.js 192.168.10.12:52136 203.588µs
2025/06/24 20:15:05 [GET] /js/ui.js 192.168.10.12:52112 116.174µs
2025/06/24 20:16:00 Mudança detectada em www/index.html, enviando reload
2025/06/24 20:16:00 [GET] / 192.168.10.12:52112 156.036µs
2025/06/24 20:16:00 [GET] /style.css 192.168.10.12:52112 150.981µs
2025/06/24 20:16:00 [GET] /js/app.js 192.168.10.12:52136 76.894µs
2025/06/24 20:16:00 [GET] /js/db.js 192.168.10.12:52112 78.394µs
2025/06/24 20:16:00 [GET] /js/theme.js 192.168.10.12:52136 67.264µs
2025/06/24 20:16:00 [GET] /js/editor.js 192.168.10.12:48738 102.879µs
2025/06/24 20:16:00 [GET] /js/history.js 192.168.10.12:52076 97.575µs
2025/06/24 20:16:00 [GET] /js/modals.js 192.168.10.12:48756 67.563µs
2025/06/24 20:16:00 [GET] /js/commands.js 192.168.10.12:48744 105.429µs
2025/06/24 20:16:00 [GET] /js/export.js 192.168.10.12:52112 151.814µs
2025/06/24 20:16:00 [GET] /js/keybindings.js 192.168.10.12:52136 81.06µs
2025/06/24 20:16:00 [GET] /js/misc.js 192.168.10.12:48738 45.854µs
2025/06/24 20:16:00 [GET] /js/ui.js 192.168.10.12:52076 94.708µs
2025/06/24 20:18:31 Mudança detectada em www/foco, enviando reload
2025/06/24 20:18:31 [GET] / 192.168.10.12:54764 212.165µs
2025/06/24 20:18:31 [GET] /style.css 192.168.10.12:54764 123.178µs
2025/06/24 20:18:31 [GET] /js/app.js 192.168.10.12:54778 93.207µs
2025/06/24 20:18:32 [GET] /js/db.js 192.168.10.12:54764 76.819µs
2025/06/24 20:18:32 [GET] /js/theme.js 192.168.10.12:54778 71.817µs
2025/06/24 20:18:32 [GET] /js/editor.js 192.168.10.12:54794 97.703µs
2025/06/24 20:18:32 [GET] /js/history.js 192.168.10.12:54808 159.592µs
2025/06/24 20:18:32 [GET] /js/modals.js 192.168.10.12:54816 142.24µs
2025/06/24 20:18:32 [GET] /js/commands.js 192.168.10.12:54822 117.676µs
2025/06/24 20:18:32 [GET] /js/export.js 192.168.10.12:54764 104.843µs
2025/06/24 20:18:32 [GET] /js/keybindings.js 192.168.10.12:54778 33.363µs
2025/06/24 20:18:32 [GET] /js/misc.js 192.168.10.12:54794 74.433µs
2025/06/24 20:18:32 [GET] /js/ui.js 192.168.10.12:54808 92.683µs
2025/06/24 20:18:53 Mudança detectada em www/style.css, enviando css-update
2025/06/24 20:18:53 [GET] / 192.168.10.12:54808 173.218µs
2025/06/24 20:18:53 [GET] /style.css 192.168.10.12:54808 135.553µs
2025/06/24 20:18:53 [GET] /js/app.js 192.168.10.12:54794 39.102µs
2025/06/24 20:18:53 [GET] /js/db.js 192.168.10.12:54808 117.696µs
2025/06/24 20:18:53 [GET] /js/editor.js 192.168.10.12:54764 116.078µs
2025/06/24 20:18:53 [GET] /js/theme.js 192.168.10.12:54794 75.177µs
2025/06/24 20:18:53 [GET] /js/history.js 192.168.10.12:54808 113.393µs
2025/06/24 20:18:53 [GET] /js/modals.js 192.168.10.12:54794 102.572µs
2025/06/24 20:18:53 [GET] /js/commands.js 192.168.10.12:54794 119.139µs
2025/06/24 20:18:53 [GET] /js/keybindings.js 192.168.10.12:54764 51.727µs
2025/06/24 20:18:53 [GET] /js/export.js 192.168.10.12:54808 75.231µs
2025/06/24 20:18:53 [GET] /js/misc.js 192.168.10.12:54808 71.69µs
2025/06/24 20:18:53 [GET] /js/ui.js 192.168.10.12:54794 67.401µs
2025/06/24 20:20:03 [GET] / 192.168.10.12:54794 156.517µs
2025/06/24 20:20:03 [GET] /style.css 192.168.10.12:54794 116.727µs
2025/06/24 20:20:03 [GET] /js/app.js 192.168.10.12:54794 68.837µs
2025/06/24 20:20:03 [GET] /js/db.js 192.168.10.12:54794 74.352µs
2025/06/24 20:20:03 [GET] /js/theme.js 192.168.10.12:54808 70.353µs
2025/06/24 20:20:03 [GET] /js/editor.js 192.168.10.12:54764 66.778µs
2025/06/24 20:20:03 [GET] /js/history.js 192.168.10.12:54778 99.32µs
2025/06/24 20:20:03 [GET] /js/modals.js 192.168.10.12:54822 56.777µs
2025/06/24 20:20:03 [GET] /js/commands.js 192.168.10.12:54816 50.753µs
2025/06/24 20:20:03 [GET] /js/export.js 192.168.10.12:54794 100.659µs
2025/06/24 20:20:03 [GET] /js/misc.js 192.168.10.12:54764 35.032µs
2025/06/24 20:20:03 [GET] /js/keybindings.js 192.168.10.12:54808 29.682µs
2025/06/24 20:20:03 [GET] /js/ui.js 192.168.10.12:54778 88.421µs
2025/06/24 20:21:15 Mudança detectada em www/index.html, enviando reload
2025/06/24 20:21:15 [GET] / 192.168.10.12:54778 154.374µs
2025/06/24 20:21:16 [GET] /style.css 192.168.10.12:54778 127.032µs
2025/06/24 20:21:16 [GET] /js/app.js 192.168.10.12:54794 78.68µs
2025/06/24 20:21:16 [GET] /js/db.js 192.168.10.12:54778 75.725µs
2025/06/24 20:21:16 [GET] /js/theme.js 192.168.10.12:54794 79.073µs
2025/06/24 20:21:16 [GET] /js/editor.js 192.168.10.12:54808 116.942µs
2025/06/24 20:21:16 [GET] /js/history.js 192.168.10.12:54764 60.682µs
2025/06/24 20:21:16 [GET] /js/modals.js 192.168.10.12:54816 103.228µs
2025/06/24 20:21:16 [GET] /js/commands.js 192.168.10.12:54822 67.099µs
2025/06/24 20:21:16 [GET] /js/export.js 192.168.10.12:54778 85.056µs
2025/06/24 20:21:16 [GET] /js/keybindings.js 192.168.10.12:54794 40.392µs
2025/06/24 20:21:16 [GET] /js/misc.js 192.168.10.12:54808 42.377µs
2025/06/24 20:21:16 [GET] /js/ui.js 192.168.10.12:54764 83.244µs
2025/06/24 20:21:30 [GET] /style.css 192.168.10.12:54764 117.151µs
2025/06/24 20:21:48 Mudança detectada em www/index.html, enviando reload
2025/06/24 20:21:48 [GET] / 192.168.10.12:54764 288.788µs
2025/06/24 20:21:48 [GET] /style.css 192.168.10.12:54764 132.519µs
2025/06/24 20:21:48 [GET] /js/app.js 192.168.10.12:54778 88.769µs
2025/06/24 20:21:49 [GET] /js/db.js 192.168.10.12:54778 83.227µs
2025/06/24 20:21:49 [GET] /js/theme.js 192.168.10.12:54764 57.879µs
2025/06/24 20:21:49 [GET] /js/editor.js 192.168.10.12:54808 98.562µs
2025/06/24 20:21:49 [GET] /js/history.js 192.168.10.12:54778 123.786µs
2025/06/24 20:21:49 [GET] /js/modals.js 192.168.10.12:54764 108.258µs
2025/06/24 20:21:49 [GET] /js/commands.js 192.168.10.12:54778 110.015µs
2025/06/24 20:21:49 [GET] /js/export.js 192.168.10.12:54764 65.787µs
2025/06/24 20:21:49 [GET] /js/keybindings.js 192.168.10.12:54808 61.997µs
2025/06/24 20:21:49 [GET] /js/misc.js 192.168.10.12:54808 75.476µs
2025/06/24 20:21:49 [GET] /js/ui.js 192.168.10.12:54778 103.072µs
2025/06/24 20:23:36 [GET] / 192.168.10.12:54778 235.498µs
2025/06/24 20:23:36 [GET] /style.css 192.168.10.12:54778 171.423µs
2025/06/24 20:23:36 [GET] /js/app.js 192.168.10.12:54808 91.875µs
2025/06/24 20:23:36 [GET] /js/db.js 192.168.10.12:54808 78.272µs
2025/06/24 20:23:36 [GET] /js/theme.js 192.168.10.12:54778 76.897µs
2025/06/24 20:23:36 [GET] /js/editor.js 192.168.10.12:54764 92.111µs
2025/06/24 20:23:36 [GET] /js/history.js 192.168.10.12:54794 113.709µs
2025/06/24 20:23:36 [GET] /js/modals.js 192.168.10.12:54822 102.293µs
2025/06/24 20:23:36 [GET] /js/commands.js 192.168.10.12:54816 61.121µs
2025/06/24 20:23:36 [GET] /js/export.js 192.168.10.12:54808 101.712µs
2025/06/24 20:23:36 [GET] /js/keybindings.js 192.168.10.12:54778 62.059µs
2025/06/24 20:23:36 [GET] /js/misc.js 192.168.10.12:54764 49.422µs
2025/06/24 20:23:36 [GET] /js/ui.js 192.168.10.12:54794 69.391µs
2025/06/24 20:27:20 Mudança detectada em www/style.css, enviando css-update
2025/06/24 20:27:20 [GET] / 192.168.10.12:54794 168.069µs
2025/06/24 20:27:20 [GET] /style.css 192.168.10.12:54794 132.185µs
2025/06/24 20:27:20 [GET] /js/app.js 192.168.10.12:54764 85.549µs
2025/06/24 20:27:21 [GET] /js/db.js 192.168.10.12:54794 110.765µs
2025/06/24 20:27:21 [GET] /js/theme.js 192.168.10.12:54764 73.874µs
2025/06/24 20:27:21 [GET] /js/editor.js 192.168.10.12:54778 86.22µs
2025/06/24 20:27:21 [GET] /js/history.js 192.168.10.12:54808 69.371µs
2025/06/24 20:27:21 [GET] /js/modals.js 192.168.10.12:54816 61.245µs
2025/06/24 20:27:21 [GET] /js/commands.js 192.168.10.12:54822 105.852µs
2025/06/24 20:27:21 [GET] /js/export.js 192.168.10.12:54794 117.225µs
2025/06/24 20:27:21 [GET] /js/keybindings.js 192.168.10.12:54764 85.126µs
2025/06/24 20:27:21 [GET] /js/misc.js 192.168.10.12:54778 47.681µs
2025/06/24 20:27:21 [GET] /js/ui.js 192.168.10.12:54808 68.02µs
2025/06/24 20:29:26 [GET] / 192.168.10.12:54808 213.309µs
2025/06/24 20:29:26 [GET] /style.css 192.168.10.12:54808 113.404µs
2025/06/24 20:29:26 [GET] /js/app.js 192.168.10.12:54808 88.418µs
2025/06/24 20:29:26 [GET] /js/db.js 192.168.10.12:54808 67.204µs
2025/06/24 20:29:26 [GET] /js/theme.js 192.168.10.12:54778 44.58µs
2025/06/24 20:29:26 [GET] /js/editor.js 192.168.10.12:54764 61.254µs
2025/06/24 20:29:26 [GET] /js/history.js 192.168.10.12:54764 94.235µs
2025/06/24 20:29:26 [GET] /js/modals.js 192.168.10.12:54778 62.288µs
2025/06/24 20:29:26 [GET] /js/commands.js 192.168.10.12:54808 69.182µs
2025/06/24 20:29:26 [GET] /js/export.js 192.168.10.12:54764 94.938µs
2025/06/24 20:29:26 [GET] /js/misc.js 192.168.10.12:54778 48.647µs
2025/06/24 20:29:26 [GET] /js/keybindings.js 192.168.10.12:54808 277.158µs
2025/06/24 20:29:26 [GET] /js/ui.js 192.168.10.12:54764 84.704µs
2025/06/24 20:31:46 Mudança detectada em www/index.html, enviando reload
2025/06/24 20:31:46 [GET] / 192.168.10.12:54764 166.725µs
2025/06/24 20:31:46 [GET] /style.css 192.168.10.12:54764 129.726µs
2025/06/24 20:31:46 [GET] /js/app.js 192.168.10.12:54808 89.481µs
2025/06/24 20:31:46 [GET] /js/db.js 192.168.10.12:54808 86.006µs
2025/06/24 20:31:46 [GET] /js/theme.js 192.168.10.12:54808 73.507µs
2025/06/24 20:31:46 [GET] /js/editor.js 192.168.10.12:54764 63.589µs
2025/06/24 20:31:46 [GET] /js/history.js 192.168.10.12:54778 72.582µs
2025/06/24 20:31:46 [GET] /js/modals.js 192.168.10.12:54794 105.311µs
2025/06/24 20:31:46 [GET] /js/export.js 192.168.10.12:54816 90.331µs
2025/06/24 20:31:46 [GET] /js/commands.js 192.168.10.12:54822 424.122µs
2025/06/24 20:31:46 [GET] /js/keybindings.js 192.168.10.12:54808 83.507µs
2025/06/24 20:31:46 [GET] /js/misc.js 192.168.10.12:54778 40.778µs
2025/06/24 20:31:46 [GET] /js/ui.js 192.168.10.12:54764 91.786µs
2025/06/24 20:31:52 Mudança detectada em www/index.html, enviando reload
2025/06/24 20:31:52 [GET] / 192.168.10.12:54764 171.847µs
2025/06/24 20:31:52 [GET] /style.css 192.168.10.12:54764 117.156µs
2025/06/24 20:31:52 [GET] /js/app.js 192.168.10.12:54764 83.731µs
2025/06/24 20:31:52 [GET] /js/db.js 192.168.10.12:54764 98.919µs
2025/06/24 20:31:52 [GET] /js/theme.js 192.168.10.12:54778 98.298µs
2025/06/24 20:31:52 [GET] /js/editor.js 192.168.10.12:54808 93.514µs
2025/06/24 20:31:52 [GET] /js/history.js 192.168.10.12:54822 251.169µs
2025/06/24 20:31:52 [GET] /js/modals.js 192.168.10.12:54816 89.501µs
2025/06/24 20:31:52 [GET] /js/commands.js 192.168.10.12:54794 258.026µs
2025/06/24 20:31:52 [GET] /js/export.js 192.168.10.12:54764 162.902µs
2025/06/24 20:31:52 [GET] /js/keybindings.js 192.168.10.12:54778 121.702µs
2025/06/24 20:31:52 [GET] /js/misc.js 192.168.10.12:54808 40.702µs
2025/06/24 20:31:52 [GET] /js/ui.js 192.168.10.12:54822 58.71µs
2025/06/24 20:33:45 Mudança detectada em www/style.css, enviando css-update
2025/06/24 20:33:45 [GET] / 192.168.10.12:54822 164.185µs
2025/06/24 20:33:45 [GET] /style.css 192.168.10.12:54822 114.55µs
2025/06/24 20:33:45 [GET] /js/app.js 192.168.10.12:54764 59.98µs
2025/06/24 20:33:46 [GET] /js/db.js 192.168.10.12:54822 86.386µs
2025/06/24 20:33:46 [GET] /js/theme.js 192.168.10.12:54764 90.388µs
2025/06/24 20:33:46 [GET] /js/history.js 192.168.10.12:54778 82.493µs
2025/06/24 20:33:46 [GET] /js/editor.js 192.168.10.12:54808 79.395µs
2025/06/24 20:33:46 [GET] /js/modals.js 192.168.10.12:54794 99.123µs
2025/06/24 20:33:46 [GET] /js/commands.js 192.168.10.12:54816 70.79µs
2025/06/24 20:33:46 [GET] /js/keybindings.js 192.168.10.12:54764 40.098µs
2025/06/24 20:33:46 [GET] /js/export.js 192.168.10.12:54822 116.985µs
2025/06/24 20:33:46 [GET] /js/misc.js 192.168.10.12:54778 38.663µs
2025/06/24 20:33:46 [GET] /js/ui.js 192.168.10.12:54808 230.624µs
2025/06/24 20:35:01 [GET] / 192.168.10.12:54808 251.5µs
2025/06/24 20:35:01 [GET] /style.css 192.168.10.12:54808 124.398µs
2025/06/24 20:35:01 [GET] /js/app.js 192.168.10.12:54822 80.491µs
2025/06/24 20:35:01 [GET] /js/db.js 192.168.10.12:54822 74.777µs
2025/06/24 20:35:01 [GET] /js/theme.js 192.168.10.12:54808 68.013µs
2025/06/24 20:35:01 [GET] /js/editor.js 192.168.10.12:54778 107.624µs
2025/06/24 20:35:01 [GET] /js/commands.js 192.168.10.12:54794 110.331µs
2025/06/24 20:35:01 [GET] /js/modals.js 192.168.10.12:54816 115.698µs
2025/06/24 20:35:01 [GET] /js/history.js 192.168.10.12:54764 60.132µs
2025/06/24 20:35:01 [GET] /js/export.js 192.168.10.12:54822 202.182µs
2025/06/24 20:35:01 [GET] /js/keybindings.js 192.168.10.12:54808 57.432µs
2025/06/24 20:35:01 [GET] /js/ui.js 192.168.10.12:54794 111.044µs
2025/06/24 20:35:01 [GET] /js/misc.js 192.168.10.12:54778 40.713µs
2025/06/24 20:35:08 [GET] / 192.168.10.12:54794 162.782µs
2025/06/24 20:35:08 [GET] /style.css 192.168.10.12:54794 105.022µs
2025/06/24 20:35:08 [GET] /js/app.js 192.168.10.12:54794 70.29µs
2025/06/24 20:35:08 [GET] /js/db.js 192.168.10.12:54794 73.65µs
2025/06/24 20:35:08 [GET] /js/theme.js 192.168.10.12:54778 79.077µs
2025/06/24 20:35:08 [GET] /js/modals.js 192.168.10.12:54764 56.557µs
2025/06/24 20:35:08 [GET] /js/editor.js 192.168.10.12:54822 117.982µs
2025/06/24 20:35:08 [GET] /js/history.js 192.168.10.12:54808 87.588µs
2025/06/24 20:35:08 [GET] /js/commands.js 192.168.10.12:54816 146.7µs
2025/06/24 20:35:08 [GET] /js/keybindings.js 192.168.10.12:54778 1.098244ms
2025/06/24 20:35:08 [GET] /js/ui.js 192.168.10.12:54822 970.53µs
2025/06/24 20:35:08 [GET] /js/misc.js 192.168.10.12:54764 643.145µs
2025/06/24 20:35:08 [GET] /js/export.js 192.168.10.12:54794 2.607181ms
2025/06/24 20:37:25 Mudança detectada em www/style.css, enviando css-update
2025/06/24 20:37:25 [GET] / 192.168.10.12:54794 168.957µs
2025/06/24 20:37:25 [GET] /style.css 192.168.10.12:54794 621.578µs
2025/06/24 20:37:25 [GET] /js/app.js 192.168.10.12:54822 75.684µs
2025/06/24 20:37:25 [GET] /js/db.js 192.168.10.12:54822 76.094µs
2025/06/24 20:37:25 [GET] /js/theme.js 192.168.10.12:54794 46.154µs
2025/06/24 20:37:25 [GET] /js/editor.js 192.168.10.12:54764 64.785µs
2025/06/24 20:37:25 [GET] /js/history.js 192.168.10.12:54778 102.754µs
2025/06/24 20:37:25 [GET] /js/modals.js 192.168.10.12:54816 82.461µs
2025/06/24 20:37:25 [GET] /js/commands.js 192.168.10.12:54808 65.311µs
2025/06/24 20:37:25 [GET] /js/export.js 192.168.10.12:54822 113.542µs
2025/06/24 20:37:25 [GET] /js/keybindings.js 192.168.10.12:54794 34.754µs
2025/06/24 20:37:25 [GET] /js/misc.js 192.168.10.12:54764 488.617µs
2025/06/24 20:37:25 [GET] /js/ui.js 192.168.10.12:54778 75.865µs
2025/06/24 20:37:49 [GET] / 192.168.10.12:54778 175.801µs
2025/06/24 20:37:49 [GET] /style.css 192.168.10.12:54778 109.632µs
2025/06/24 20:37:49 [GET] /js/app.js 192.168.10.12:54764 74.884µs
2025/06/24 20:37:49 [GET] /js/db.js 192.168.10.12:54778 89.778µs
2025/06/24 20:37:49 [GET] /js/theme.js 192.168.10.12:54764 57.648µs
2025/06/24 20:37:49 [GET] /js/editor.js 192.168.10.12:54822 53.236µs
2025/06/24 20:37:49 [GET] /js/history.js 192.168.10.12:54794 60.957µs
2025/06/24 20:37:49 [GET] /js/modals.js 192.168.10.12:54808 118.039µs
2025/06/24 20:37:49 [GET] /js/commands.js 192.168.10.12:54816 125.567µs
2025/06/24 20:37:49 [GET] /js/keybindings.js 192.168.10.12:54764 71.302µs
2025/06/24 20:37:49 [GET] /js/export.js 192.168.10.12:54778 76.129µs
2025/06/24 20:37:49 [GET] /js/ui.js 192.168.10.12:54794 50.928µs
2025/06/24 20:37:49 [GET] /js/misc.js 192.168.10.12:54822 54.602µs
2025/06/24 20:37:55 [GET] / 192.168.10.12:54794 211.861µs
2025/06/24 20:37:55 [GET] /style.css 192.168.10.12:54794 135.792µs
2025/06/24 20:37:55 [GET] /js/app.js 192.168.10.12:54778 68.996µs
2025/06/24 20:37:55 [GET] /js/db.js 192.168.10.12:54778 87.821µs
2025/06/24 20:37:55 [GET] /js/theme.js 192.168.10.12:54794 80.312µs
2025/06/24 20:37:55 [GET] /js/editor.js 192.168.10.12:54822 64.407µs
2025/06/24 20:37:55 [GET] /js/history.js 192.168.10.12:54764 124.723µs
2025/06/24 20:37:55 [GET] /js/modals.js 192.168.10.12:54816 84.197µs
2025/06/24 20:37:55 [GET] /js/export.js 192.168.10.12:54778 62.753µs
2025/06/24 20:37:55 [GET] /js/commands.js 192.168.10.12:54808 110.427µs
2025/06/24 20:37:55 [GET] /js/keybindings.js 192.168.10.12:54794 78.506µs
2025/06/24 20:37:55 [GET] /js/misc.js 192.168.10.12:54822 54.133µs
2025/06/24 20:37:55 [GET] /js/ui.js 192.168.10.12:54764 62.316µs
2025/06/24 20:38:19 [GET] /style.css 192.168.10.12:54764 112.713µs
2025/06/24 20:38:55 Mudança detectada em www/index.html, enviando reload
2025/06/24 20:38:55 [GET] / 192.168.10.12:54764 188.891µs
2025/06/24 20:38:55 [GET] /style.css 192.168.10.12:54764 705.349µs
2025/06/24 20:38:55 [GET] /js/app.js 192.168.10.12:54822 58.376µs
2025/06/24 20:38:55 [GET] /js/db.js 192.168.10.12:54764 82.109µs
2025/06/24 20:38:55 [GET] /js/theme.js 192.168.10.12:54822 69.859µs
2025/06/24 20:38:55 [GET] /js/history.js 192.168.10.12:54808 71.839µs
2025/06/24 20:38:55 [GET] /js/editor.js 192.168.10.12:54794 79.638µs
2025/06/24 20:38:55 [GET] /js/modals.js 192.168.10.12:54778 140.49µs
2025/06/24 20:38:55 [GET] /js/commands.js 192.168.10.12:54816 81.81µs
2025/06/24 20:38:55 [GET] /js/keybindings.js 192.168.10.12:54822 54.152µs
2025/06/24 20:38:55 [GET] /js/export.js 192.168.10.12:54764 302.725µs
2025/06/24 20:38:55 [GET] /js/misc.js 192.168.10.12:54808 46.875µs
2025/06/24 20:38:55 [GET] /js/ui.js 192.168.10.12:54794 137.33µs
2025/06/24 20:40:11 Mudança detectada em www/style.css, enviando css-update
2025/06/24 20:40:11 [GET] / 192.168.10.12:54794 211.437µs
2025/06/24 20:40:11 [GET] /style.css 192.168.10.12:54794 126.651µs
2025/06/24 20:40:11 [GET] /js/app.js 192.168.10.12:54794 74.602µs
2025/06/24 20:40:11 [GET] /js/db.js 192.168.10.12:54794 79.514µs
2025/06/24 20:40:11 [GET] /js/theme.js 192.168.10.12:54764 80.95µs
2025/06/24 20:40:11 [GET] /js/editor.js 192.168.10.12:54808 74.571µs
2025/06/24 20:40:11 [GET] /js/history.js 192.168.10.12:54822 140.46µs
2025/06/24 20:40:11 [GET] /js/modals.js 192.168.10.12:54816 108.094µs
2025/06/24 20:40:11 [GET] /js/commands.js 192.168.10.12:54778 92.194µs
2025/06/24 20:40:11 [GET] /js/export.js 192.168.10.12:54794 101.716µs
2025/06/24 20:40:11 [GET] /js/keybindings.js 192.168.10.12:54764 45.765µs
2025/06/24 20:40:11 [GET] /js/misc.js 192.168.10.12:54808 93.681µs
2025/06/24 20:40:11 [GET] /js/ui.js 192.168.10.12:54822 106.725µs
2025/06/24 20:41:34 [GET] / 192.168.10.12:54822 202.8µs
2025/06/24 20:41:34 [GET] /style.css 192.168.10.12:54822 135.038µs
2025/06/24 20:41:34 [GET] /js/app.js 192.168.10.12:54822 72.997µs
2025/06/24 20:41:35 [GET] /js/db.js 192.168.10.12:54822 79.506µs
2025/06/24 20:41:35 [GET] /js/theme.js 192.168.10.12:54808 85.251µs
2025/06/24 20:41:35 [GET] /js/editor.js 192.168.10.12:54794 115.538µs
2025/06/24 20:41:35 [GET] /js/history.js 192.168.10.12:54764 565.136µs
2025/06/24 20:41:35 [GET] /js/modals.js 192.168.10.12:54778 95.602µs
2025/06/24 20:41:35 [GET] /js/commands.js 192.168.10.12:54816 106.723µs
2025/06/24 20:41:35 [GET] /js/export.js 192.168.10.12:54822 90.364µs
2025/06/24 20:41:35 [GET] /js/keybindings.js 192.168.10.12:54808 85.387µs
2025/06/24 20:41:35 [GET] /js/misc.js 192.168.10.12:54764 44.788µs
2025/06/24 20:41:35 [GET] /js/ui.js 192.168.10.12:54794 106.673µs
2025/06/24 20:41:42 [GET] / 192.168.10.12:54794 392.853µs
2025/06/24 20:41:42 [GET] /style.css 192.168.10.12:54794 247.07µs
2025/06/24 20:41:42 [GET] /js/app.js 192.168.10.12:54764 116.046µs
2025/06/24 20:41:42 [GET] /js/db.js 192.168.10.12:54764 86.736µs
2025/06/24 20:41:42 [GET] /js/theme.js 192.168.10.12:54794 69.806µs
2025/06/24 20:41:42 [GET] /js/editor.js 192.168.10.12:54808 86.975µs
2025/06/24 20:41:42 [GET] /js/history.js 192.168.10.12:54822 99.796µs
2025/06/24 20:41:42 [GET] /js/modals.js 192.168.10.12:54816 101.373µs
2025/06/24 20:41:42 [GET] /js/commands.js 192.168.10.12:54778 51.265µs
2025/06/24 20:41:42 [GET] /js/export.js 192.168.10.12:54764 105.212µs
2025/06/24 20:41:42 [GET] /js/keybindings.js 192.168.10.12:54794 56.265µs
2025/06/24 20:41:42 [GET] /js/misc.js 192.168.10.12:54808 50.924µs
2025/06/24 20:41:42 [GET] /js/ui.js 192.168.10.12:54822 70.075µs
2025/06/24 20:41:50 [GET] / 192.168.10.12:54822 339.593µs
2025/06/24 20:41:50 [GET] /style.css 192.168.10.12:54822 171.997µs
2025/06/24 20:41:50 [GET] /js/app.js 192.168.10.12:54808 101.284µs
2025/06/24 20:41:51 [GET] /js/db.js 192.168.10.12:54808 85.116µs
2025/06/24 20:41:51 [GET] /js/editor.js 192.168.10.12:54794 78.084µs
2025/06/24 20:41:51 [GET] /js/theme.js 192.168.10.12:54822 46.287µs
2025/06/24 20:41:51 [GET] /js/history.js 192.168.10.12:54764 73.85µs
2025/06/24 20:41:51 [GET] /js/modals.js 192.168.10.12:54778 126.22µs
2025/06/24 20:41:51 [GET] /js/commands.js 192.168.10.12:54816 60.186µs
2025/06/24 20:41:51 [GET] /js/export.js 192.168.10.12:54808 116.049µs
2025/06/24 20:41:51 [GET] /js/misc.js 192.168.10.12:54794 42.083µs
2025/06/24 20:41:51 [GET] /js/keybindings.js 192.168.10.12:54822 29.072µs
2025/06/24 20:41:51 [GET] /js/ui.js 192.168.10.12:54764 68.224µs
2025/06/24 20:41:58 [GET] / 192.168.10.12:59234 237.001µs
2025/06/24 20:41:58 [GET] /style.css 192.168.10.12:59234 111.263µs
2025/06/24 20:41:58 [GET] /js/app.js 192.168.10.12:59234 77.427µs
2025/06/24 20:41:59 [GET] /js/db.js 192.168.10.12:59234 74.802µs
2025/06/24 20:41:59 [GET] /js/theme.js 192.168.10.12:59244 83.488µs
2025/06/24 20:41:59 [GET] /js/editor.js 192.168.10.12:59248 93.542µs
2025/06/24 20:41:59 [GET] /js/history.js 192.168.10.12:59252 101.018µs
2025/06/24 20:41:59 [GET] /js/modals.js 192.168.10.12:59262 100.748µs
2025/06/24 20:41:59 [GET] /js/commands.js 192.168.10.12:59266 102.374µs
2025/06/24 20:41:59 [GET] /js/export.js 192.168.10.12:59234 432.611µs
2025/06/24 20:41:59 [GET] /js/keybindings.js 192.168.10.12:59244 70.336µs
2025/06/24 20:41:59 [GET] /js/misc.js 192.168.10.12:59248 38.928µs
2025/06/24 20:41:59 [GET] /js/ui.js 192.168.10.12:59252 131.097µs
2025/06/24 20:44:37 [GET] /style.css 192.168.10.12:54764 148.034µs
2025/06/24 20:44:48 Mudança detectada em www/style.css, enviando css-update
2025/06/24 20:44:48 [GET] / 192.168.10.12:54764 151.578µs
2025/06/24 20:44:48 [GET] /style.css 192.168.10.12:54764 138.222µs
2025/06/24 20:44:48 [GET] /js/app.js 192.168.10.12:54808 85.563µs
2025/06/24 20:44:48 [GET] /js/db.js 192.168.10.12:54764 85.842µs
2025/06/24 20:44:48 [GET] /js/theme.js 192.168.10.12:54808 99.271µs
2025/06/24 20:44:48 [GET] /js/editor.js 192.168.10.12:54822 59.85µs
2025/06/24 20:44:48 [GET] /js/history.js 192.168.10.12:54794 63.401µs
2025/06/24 20:44:48 [GET] /js/modals.js 192.168.10.12:54816 107.313µs
2025/06/24 20:44:48 [GET] /js/commands.js 192.168.10.12:54778 64.86µs
2025/06/24 20:44:48 [GET] /js/export.js 192.168.10.12:54764 113.41µs
2025/06/24 20:44:48 [GET] /js/keybindings.js 192.168.10.12:54808 44.127µs
2025/06/24 20:44:48 [GET] /js/misc.js 192.168.10.12:54822 89.515µs
2025/06/24 20:44:48 [GET] /js/ui.js 192.168.10.12:54794 103.466µs
2025/06/24 20:46:38 [GET] / 192.168.10.12:54794 178.054µs
2025/06/24 20:46:38 [GET] /style.css 192.168.10.12:54794 118.599µs
2025/06/24 20:46:38 [GET] /js/app.js 192.168.10.12:54794 99.895µs
2025/06/24 20:46:38 [GET] /js/db.js 192.168.10.12:54794 79.853µs
2025/06/24 20:46:38 [GET] /js/theme.js 192.168.10.12:54822 96.605µs
2025/06/24 20:46:38 [GET] /js/editor.js 192.168.10.12:54764 68.283µs
2025/06/24 20:46:38 [GET] /js/history.js 192.168.10.12:54808 109.482µs
2025/06/24 20:46:38 [GET] /js/modals.js 192.168.10.12:54778 65.083µs
2025/06/24 20:46:38 [GET] /js/commands.js 192.168.10.12:54816 109.799µs
2025/06/24 20:46:38 [GET] /js/export.js 192.168.10.12:54794 108.03µs
2025/06/24 20:46:38 [GET] /js/keybindings.js 192.168.10.12:54822 62.326µs
2025/06/24 20:46:38 [GET] /js/misc.js 192.168.10.12:54764 68.154µs
2025/06/24 20:46:38 [GET] /js/ui.js 192.168.10.12:54808 57.925µs
2025/06/24 20:46:48 [GET] /style.css 192.168.10.12:54808 109.338µs
2025/06/24 20:49:01 Mudança detectada em www/style.css, enviando css-update
2025/06/24 20:49:01 [GET] / 192.168.10.12:60326 170.08µs
2025/06/24 20:49:01 [GET] /js/app.js 192.168.10.12:60332 134.151µs
2025/06/24 20:49:01 [GET] /style.css 192.168.10.12:60326 76.305µs
2025/06/24 20:49:01 [GET] /js/db.js 192.168.10.12:60326 74.468µs
2025/06/24 20:49:01 [GET] /js/commands.js 192.168.10.12:60384 128.908µs
2025/06/24 20:49:01 [GET] /js/modals.js 192.168.10.12:60376 67.832µs
2025/06/24 20:49:01 [GET] /js/history.js 192.168.10.12:60366 64.395µs
2025/06/24 20:49:01 [GET] /js/editor.js 192.168.10.12:60360 105.026µs
2025/06/24 20:49:01 [GET] /js/theme.js 192.168.10.12:60332 35.166µs
2025/06/24 20:49:01 [GET] /js/export.js 192.168.10.12:60326 84.977µs
2025/06/24 20:49:01 [GET] /js/keybindings.js 192.168.10.12:60332 62.292µs
2025/06/24 20:49:01 [GET] /js/misc.js 192.168.10.12:60384 36.331µs
2025/06/24 20:49:01 [GET] /js/ui.js 192.168.10.12:60376 50.308µs
2025/06/24 20:50:23 [GET] / 192.168.10.12:60376 167.078µs
2025/06/24 20:50:23 [GET] /style.css 192.168.10.12:60376 102.132µs
2025/06/24 20:50:23 [GET] /js/app.js 192.168.10.12:60384 83.057µs
2025/06/24 20:50:23 [GET] /js/db.js 192.168.10.12:60384 103.033µs
2025/06/24 20:50:23 [GET] /js/theme.js 192.168.10.12:60376 75.599µs
2025/06/24 20:50:23 [GET] /js/editor.js 192.168.10.12:60332 76.441µs
2025/06/24 20:50:23 [GET] /js/modals.js 192.168.10.12:60360 82.351µs
2025/06/24 20:50:23 [GET] /js/commands.js 192.168.10.12:60366 56.894µs
2025/06/24 20:50:23 [GET] /js/history.js 192.168.10.12:60326 674.965µs
2025/06/24 20:50:23 [GET] /js/keybindings.js 192.168.10.12:60376 37.259µs
2025/06/24 20:50:23 [GET] /js/export.js 192.168.10.12:60384 111.194µs
2025/06/24 20:50:23 [GET] /js/misc.js 192.168.10.12:60332 38.523µs
2025/06/24 20:50:23 [GET] /js/ui.js 192.168.10.12:60360 259.677µs
2025/06/24 20:50:32 [GET] / 192.168.10.12:60360 168.175µs
2025/06/24 20:50:32 [GET] /style.css 192.168.10.12:60360 122.11µs
2025/06/24 20:50:32 [GET] /js/app.js 192.168.10.12:60360 82.101µs
2025/06/24 20:50:32 [GET] /js/db.js 192.168.10.12:60360 84.413µs
2025/06/24 20:50:32 [GET] /js/theme.js 192.168.10.12:60384 83.584µs
2025/06/24 20:50:32 [GET] /js/editor.js 192.168.10.12:60332 83.339µs
2025/06/24 20:50:32 [GET] /js/history.js 192.168.10.12:60376 118.221µs
2025/06/24 20:50:32 [GET] /js/modals.js 192.168.10.12:60326 67.368µs
2025/06/24 20:50:32 [GET] /js/commands.js 192.168.10.12:60366 72.387µs
2025/06/24 20:50:32 [GET] /js/export.js 192.168.10.12:60360 102.837µs
2025/06/24 20:50:32 [GET] /js/keybindings.js 192.168.10.12:60384 72.177µs
2025/06/24 20:50:32 [GET] /js/misc.js 192.168.10.12:60332 51.03µs
2025/06/24 20:50:32 [GET] /js/ui.js 192.168.10.12:60376 66.93µs
2025/06/24 20:50:36 [GET] / 192.168.10.12:60376 371.381µs
2025/06/24 20:50:36 [GET] /style.css 192.168.10.12:60376 172.153µs
2025/06/24 20:50:36 [GET] /js/app.js 192.168.10.12:60376 101.305µs
2025/06/24 20:50:36 [GET] /js/db.js 192.168.10.12:60376 113.049µs
2025/06/24 20:50:36 [GET] /js/theme.js 192.168.10.12:60384 83.216µs
2025/06/24 20:50:36 [GET] /js/editor.js 192.168.10.12:60332 253.537µs
2025/06/24 20:50:36 [GET] /js/commands.js 192.168.10.12:60326 78.217µs
2025/06/24 20:50:36 [GET] /js/modals.js 192.168.10.12:60366 86.335µs
2025/06/24 20:50:36 [GET] /js/history.js 192.168.10.12:60360 91.834µs
2025/06/24 20:50:36 [GET] /js/ui.js 192.168.10.12:60326 168.151µs
2025/06/24 20:50:36 [GET] /js/misc.js 192.168.10.12:60332 51.63µs
2025/06/24 20:50:36 [GET] /js/keybindings.js 192.168.10.12:60384 36.817µs
2025/06/24 20:50:36 [GET] /js/export.js 192.168.10.12:60376 58.92µs
2025/06/24 20:51:19 [GET] /style.css 192.168.10.12:60376 110.299µs
2025/06/24 20:53:12 Mudança detectada em www/style.css, enviando css-update
2025/06/24 20:53:12 [GET] / 192.168.10.12:60376 145.957µs
2025/06/24 20:53:12 [GET] /style.css 192.168.10.12:60376 120.956µs
2025/06/24 20:53:12 [GET] /js/app.js 192.168.10.12:60326 75.533µs
2025/06/24 20:53:12 [GET] /js/db.js 192.168.10.12:60326 82.314µs
2025/06/24 20:53:12 [GET] /js/theme.js 192.168.10.12:60376 42.703µs
2025/06/24 20:53:12 [GET] /js/editor.js 192.168.10.12:60384 71.423µs
2025/06/24 20:53:12 [GET] /js/history.js 192.168.10.12:60332 110.037µs
2025/06/24 20:53:12 [GET] /js/modals.js 192.168.10.12:60360 77.496µs
2025/06/24 20:53:12 [GET] /js/commands.js 192.168.10.12:60366 277.402µs
2025/06/24 20:53:12 [GET] /js/export.js 192.168.10.12:60326 101.185µs
2025/06/24 20:53:12 [GET] /js/keybindings.js 192.168.10.12:60376 61.604µs
2025/06/24 20:53:12 [GET] /js/misc.js 192.168.10.12:60384 72.372µs
2025/06/24 20:53:12 [GET] /js/ui.js 192.168.10.12:60360 116.445µs
2025/06/24 20:53:51 [GET] / 192.168.10.12:60360 154.3µs
2025/06/24 20:53:52 [GET] /style.css 192.168.10.12:60360 132.371µs
2025/06/24 20:53:52 [GET] /js/app.js 192.168.10.12:60384 86.699µs
2025/06/24 20:53:52 [GET] /js/commands.js 192.168.10.12:60332 107.092µs
2025/06/24 20:53:52 [GET] /js/theme.js 192.168.10.12:60384 37.849µs
2025/06/24 20:53:52 [GET] /js/db.js 192.168.10.12:60360 36.111µs
2025/06/24 20:53:52 [GET] /js/modals.js 192.168.10.12:60366 60.202µs
2025/06/24 20:53:52 [GET] /js/history.js 192.168.10.12:60376 53.701µs
2025/06/24 20:53:52 [GET] /js/editor.js 192.168.10.12:60326 55.931µs
2025/06/24 20:53:52 [GET] /js/export.js 192.168.10.12:60384 127.474µs
2025/06/24 20:53:52 [GET] /js/keybindings.js 192.168.10.12:60360 91.255µs
2025/06/24 20:53:52 [GET] /js/misc.js 192.168.10.12:60332 79.539µs
2025/06/24 20:53:52 [GET] /js/ui.js 192.168.10.12:60366 97.657µs
2025/06/24 20:53:54 [GET] / 192.168.10.12:60366 173.953µs
2025/06/24 20:53:54 [GET] /js/app.js 192.168.10.12:60384 104.546µs
2025/06/24 20:53:54 [GET] /style.css 192.168.10.12:60366 63.275µs
2025/06/24 20:53:54 [GET] /js/db.js 192.168.10.12:60366 88.263µs
2025/06/24 20:53:54 [GET] /js/editor.js 192.168.10.12:60332 149.584µs
2025/06/24 20:53:54 [GET] /js/history.js 192.168.10.12:60360 90.613µs
2025/06/24 20:53:54 [GET] /js/theme.js 192.168.10.12:60384 53.604µs
2025/06/24 20:53:54 [GET] /js/modals.js 192.168.10.12:60326 123.366µs
2025/06/24 20:53:54 [GET] /js/commands.js 192.168.10.12:60376 133.748µs
2025/06/24 20:53:54 [GET] /js/export.js 192.168.10.12:60366 103.211µs
2025/06/24 20:53:54 [GET] /js/keybindings.js 192.168.10.12:60384 67.691µs
2025/06/24 20:53:54 [GET] /js/misc.js 192.168.10.12:60332 222.398µs
2025/06/24 20:53:54 [GET] /js/ui.js 192.168.10.12:60360 82.481µs
2025/06/24 20:53:59 [GET] / 192.168.10.12:60360 200.707µs
2025/06/24 20:53:59 [GET] /style.css 192.168.10.12:60360 122.412µs
2025/06/24 20:53:59 [GET] /js/app.js 192.168.10.12:60332 90.316µs
2025/06/24 20:53:59 [GET] /js/db.js 192.168.10.12:60332 78.123µs
2025/06/24 20:53:59 [GET] /js/theme.js 192.168.10.12:60360 72.475µs
2025/06/24 20:53:59 [GET] /js/editor.js 192.168.10.12:60384 109.477µs
2025/06/24 20:53:59 [GET] /js/history.js 192.168.10.12:60366 87.851µs
2025/06/24 20:53:59 [GET] /js/modals.js 192.168.10.12:60376 110.282µs
2025/06/24 20:53:59 [GET] /js/commands.js 192.168.10.12:60326 149.376µs
2025/06/24 20:53:59 [GET] /js/export.js 192.168.10.12:60332 467.221µs
2025/06/24 20:53:59 [GET] /js/keybindings.js 192.168.10.12:60360 294.063µs
2025/06/24 20:53:59 [GET] /js/misc.js 192.168.10.12:60384 85.982µs
2025/06/24 20:53:59 [GET] /js/ui.js 192.168.10.12:60366 382.435µs
2025/06/24 20:54:12 [GET] / 192.168.10.12:60366 209.563µs
2025/06/24 20:54:12 [GET] /style.css 192.168.10.12:60366 125.228µs
2025/06/24 20:54:12 [GET] /js/app.js 192.168.10.12:60384 108.254µs
2025/06/24 20:54:12 [GET] /js/db.js 192.168.10.12:60366 69.359µs
2025/06/24 20:54:12 [GET] /js/theme.js 192.168.10.12:60366 71.781µs
2025/06/24 20:54:12 [GET] /js/editor.js 192.168.10.12:60384 88.475µs
2025/06/24 20:54:12 [GET] /js/history.js 192.168.10.12:60332 91.708µs
2025/06/24 20:54:12 [GET] /js/modals.js 192.168.10.12:60360 91.524µs
2025/06/24 20:54:12 [GET] /js/commands.js 192.168.10.12:60326 105.637µs
2025/06/24 20:54:12 [GET] /js/export.js 192.168.10.12:60376 108.016µs
2025/06/24 20:54:12 [GET] /js/keybindings.js 192.168.10.12:60366 60.316µs
2025/06/24 20:54:12 [GET] /js/misc.js 192.168.10.12:60384 77.124µs
2025/06/24 20:54:12 [GET] /js/ui.js 192.168.10.12:60332 103.388µs
2025/06/24 20:54:36 Mudança detectada em www/style.css, enviando css-update
2025/06/24 20:54:36 [GET] / 192.168.10.12:60332 191.439µs
2025/06/24 20:54:36 [GET] /style.css 192.168.10.12:60332 145.669µs
2025/06/24 20:54:36 [GET] /js/app.js 192.168.10.12:60384 74.168µs
2025/06/24 20:54:36 [GET] /js/editor.js 192.168.10.12:60366 109.477µs
2025/06/24 20:54:36 [GET] /js/history.js 192.168.10.12:60376 107.818µs
2025/06/24 20:54:36 [GET] /js/theme.js 192.168.10.12:60384 46.481µs
2025/06/24 20:54:36 [GET] /js/db.js 192.168.10.12:60332 36.404µs
2025/06/24 20:54:36 [GET] /js/modals.js 192.168.10.12:60326 99.868µs
2025/06/24 20:54:36 [GET] /js/commands.js 192.168.10.12:60360 151.625µs
2025/06/24 20:54:36 [GET] /js/export.js 192.168.10.12:60384 120.274µs
2025/06/24 20:54:36 [GET] /js/misc.js 192.168.10.12:60376 40.461µs
2025/06/24 20:54:36 [GET] /js/keybindings.js 192.168.10.12:60332 37.785µs
2025/06/24 20:54:36 [GET] /js/ui.js 192.168.10.12:60366 72.702µs
2025/06/24 20:57:45 Mudança detectada em www/style.css, enviando css-update
2025/06/24 20:57:45 [GET] / 192.168.10.12:60366 165.528µs
2025/06/24 20:57:45 [GET] /style.css 192.168.10.12:60366 134.153µs
2025/06/24 20:57:45 [GET] /js/app.js 192.168.10.12:60384 40.021µs
2025/06/24 20:57:45 [GET] /js/db.js 192.168.10.12:60366 81.517µs
2025/06/24 20:57:45 [GET] /js/theme.js 192.168.10.12:60384 99.402µs
2025/06/24 20:57:45 [GET] /js/editor.js 192.168.10.12:60332 68.564µs
2025/06/24 20:57:45 [GET] /js/history.js 192.168.10.12:60376 69.879µs
2025/06/24 20:57:45 [GET] /js/modals.js 192.168.10.12:60360 125.378µs
2025/06/24 20:57:45 [GET] /js/commands.js 192.168.10.12:60326 83.99µs
2025/06/24 20:57:45 [GET] /js/keybindings.js 192.168.10.12:60384 71.204µs
2025/06/24 20:57:45 [GET] /js/ui.js 192.168.10.12:60376 59.063µs
2025/06/24 20:57:45 [GET] /js/misc.js 192.168.10.12:60332 55.42µs
2025/06/24 20:57:45 [GET] /js/export.js 192.168.10.12:60366 54.676µs
2025/06/24 21:02:15 Mudança detectada em www/style.css, enviando css-update
2025/06/24 21:02:15 [GET] / 192.168.10.12:60366 164.232µs
2025/06/24 21:02:15 [GET] /style.css 192.168.10.12:60366 89.652µs
2025/06/24 21:02:15 [GET] /js/app.js 192.168.10.12:60376 68.898µs
2025/06/24 21:02:15 [GET] /js/db.js 192.168.10.12:60376 72.924µs
2025/06/24 21:02:15 [GET] /js/modals.js 192.168.10.12:60326 91.405µs
2025/06/24 21:02:15 [GET] /js/commands.js 192.168.10.12:60360 99.285µs
2025/06/24 21:02:15 [GET] /js/theme.js 192.168.10.12:60366 35.891µs
2025/06/24 21:02:15 [GET] /js/history.js 192.168.10.12:60384 75.616µs
2025/06/24 21:02:15 [GET] /js/editor.js 192.168.10.12:60332 60.936µs
2025/06/24 21:02:15 [GET] /js/export.js 192.168.10.12:60376 300.586µs
2025/06/24 21:02:15 [GET] /js/keybindings.js 192.168.10.12:60366 64.116µs
2025/06/24 21:02:15 [GET] /js/ui.js 192.168.10.12:60326 102.101µs
2025/06/24 21:02:15 [GET] /js/misc.js 192.168.10.12:60376 37.429µs
2025/06/24 21:02:22 Mudança detectada em www/style.css, enviando css-update
2025/06/24 21:02:22 [GET] / 192.168.10.12:60326 180.89µs
2025/06/24 21:02:22 [GET] /style.css 192.168.10.12:60326 133.479µs
2025/06/24 21:02:22 [GET] /js/app.js 192.168.10.12:60376 71.256µs
2025/06/24 21:02:22 [GET] /js/db.js 192.168.10.12:60376 78.864µs
2025/06/24 21:02:22 [GET] /js/editor.js 192.168.10.12:60366 73.425µs
2025/06/24 21:02:22 [GET] /js/theme.js 192.168.10.12:60326 54.639µs
2025/06/24 21:02:22 [GET] /js/history.js 192.168.10.12:60366 101.3µs
2025/06/24 21:02:22 [GET] /js/modals.js 192.168.10.12:60326 113.787µs
2025/06/24 21:02:22 [GET] /js/commands.js 192.168.10.12:60376 121.731µs
2025/06/24 21:02:22 [GET] /js/export.js 192.168.10.12:60366 104.011µs
2025/06/24 21:02:22 [GET] /js/keybindings.js 192.168.10.12:60376 67.356µs
2025/06/24 21:02:22 [GET] /js/misc.js 192.168.10.12:60326 49.119µs
2025/06/24 21:02:22 [GET] /js/ui.js 192.168.10.12:60326 91.802µs
2025/06/24 21:03:59 Mudança detectada em www/style.css, enviando css-update
2025/06/24 21:03:59 [GET] / 192.168.10.12:60326 155.112µs
2025/06/24 21:03:59 [GET] /style.css 192.168.10.12:60326 127.876µs
2025/06/24 21:03:59 [GET] /js/app.js 192.168.10.12:60376 129.825µs
2025/06/24 21:03:59 [GET] /js/db.js 192.168.10.12:60376 78.801µs
2025/06/24 21:03:59 [GET] /js/theme.js 192.168.10.12:60326 71.304µs
2025/06/24 21:03:59 [GET] /js/editor.js 192.168.10.12:60366 61.499µs
2025/06/24 21:03:59 [GET] /js/history.js 192.168.10.12:60332 129.353µs
2025/06/24 21:03:59 [GET] /js/modals.js 192.168.10.12:60384 89.489µs
2025/06/24 21:03:59 [GET] /js/commands.js 192.168.10.12:60360 65.327µs
2025/06/24 21:03:59 [GET] /js/export.js 192.168.10.12:60376 111.669µs
2025/06/24 21:03:59 [GET] /js/keybindings.js 192.168.10.12:60326 78.988µs
2025/06/24 21:03:59 [GET] /js/misc.js 192.168.10.12:60366 97.884µs
2025/06/24 21:03:59 [GET] /js/ui.js 192.168.10.12:60332 153.326µs
2025/06/24 21:08:06 [GET] / 192.168.10.12:60332 160.861µs
2025/06/24 21:08:06 [GET] /style.css 192.168.10.12:60332 128.871µs
2025/06/24 21:08:06 [GET] /js/app.js 192.168.10.12:60366 64.451µs
2025/06/24 21:08:06 [GET] /js/db.js 192.168.10.12:60366 74.576µs
2025/06/24 21:08:06 [GET] /js/theme.js 192.168.10.12:60332 41.931µs
2025/06/24 21:08:06 [GET] /js/editor.js 192.168.10.12:60376 57.081µs
2025/06/24 21:08:06 [GET] /js/history.js 192.168.10.12:60326 132.82µs
2025/06/24 21:08:06 [GET] /js/commands.js 192.168.10.12:60384 60.225µs
2025/06/24 21:08:06 [GET] /js/modals.js 192.168.10.12:60360 61.735µs
2025/06/24 21:08:06 [GET] /js/export.js 192.168.10.12:60366 115.809µs
2025/06/24 21:08:06 [GET] /js/ui.js 192.168.10.12:60326 90.864µs
2025/06/24 21:08:06 [GET] /js/misc.js 192.168.10.12:60376 57.348µs
2025/06/24 21:08:06 [GET] /js/keybindings.js 192.168.10.12:60332 29.918µs
2025/06/24 21:10:21 [GET] / 192.168.10.12:60326 336.057µs
2025/06/24 21:10:21 [GET] /style.css 192.168.10.12:60326 169.012µs
2025/06/24 21:10:21 [GET] /js/app.js 192.168.10.12:60326 87.066µs
2025/06/24 21:10:21 [GET] /js/db.js 192.168.10.12:60326 73.088µs
2025/06/24 21:10:21 [GET] /js/theme.js 192.168.10.12:60332 103.129µs
2025/06/24 21:10:21 [GET] /js/editor.js 192.168.10.12:60376 66.206µs
2025/06/24 21:10:21 [GET] /js/history.js 192.168.10.12:60366 116.11µs
2025/06/24 21:10:21 [GET] /js/modals.js 192.168.10.12:60360 78.285µs
2025/06/24 21:10:21 [GET] /js/commands.js 192.168.10.12:60384 106.61µs
2025/06/24 21:10:21 [GET] /js/export.js 192.168.10.12:60326 106.325µs
2025/06/24 21:10:21 [GET] /js/keybindings.js 192.168.10.12:60332 42.076µs
2025/06/24 21:10:21 [GET] /js/misc.js 192.168.10.12:60376 45.531µs
2025/06/24 21:10:21 [GET] /js/ui.js 192.168.10.12:60366 57.429µs
2025/06/24 21:10:31 [GET] / 192.168.10.12:60366 182.077µs
2025/06/24 21:10:31 [GET] /style.css 192.168.10.12:60366 533.982µs
2025/06/24 21:10:31 [GET] /js/app.js 192.168.10.12:60326 62.815µs
2025/06/24 21:10:32 [GET] /js/db.js 192.168.10.12:60366 89.3µs
2025/06/24 21:10:32 [GET] /js/theme.js 192.168.10.12:60326 79.314µs
2025/06/24 21:10:32 [GET] /js/editor.js 192.168.10.12:60376 70.01µs
2025/06/24 21:10:32 [GET] /js/history.js 192.168.10.12:60332 129.914µs
2025/06/24 21:10:32 [GET] /js/modals.js 192.168.10.12:60384 121.856µs
2025/06/24 21:10:32 [GET] /js/commands.js 192.168.10.12:60360 62.696µs
2025/06/24 21:10:32 [GET] /js/misc.js 192.168.10.12:60376 73.032µs
2025/06/24 21:10:32 [GET] /js/ui.js 192.168.10.12:60332 100.185µs
2025/06/24 21:10:32 [GET] /js/keybindings.js 192.168.10.12:60326 27.736µs
2025/06/24 21:10:32 [GET] /js/export.js 192.168.10.12:60366 53.162µs
2025/06/24 21:12:31 [GET] / 192.168.10.12:60366 360.194µs
2025/06/24 21:12:31 [GET] /style.css 192.168.10.12:60366 190.042µs
2025/06/24 21:12:31 [GET] /js/app.js 192.168.10.12:60332 318.462µs
2025/06/24 21:12:32 [GET] /js/db.js 192.168.10.12:60332 76.404µs
2025/06/24 21:12:32 [GET] /js/theme.js 192.168.10.12:60366 77.893µs
2025/06/24 21:12:32 [GET] /js/editor.js 192.168.10.12:60326 66.858µs
2025/06/24 21:12:32 [GET] /js/history.js 192.168.10.12:60376 134.548µs
2025/06/24 21:12:32 [GET] /js/modals.js 192.168.10.12:60360 127.019µs
2025/06/24 21:12:32 [GET] /js/commands.js 192.168.10.12:60384 74.321µs
2025/06/24 21:12:32 [GET] /js/export.js 192.168.10.12:60332 97.877µs
2025/06/24 21:12:32 [GET] /js/misc.js 192.168.10.12:60326 38.586µs
2025/06/24 21:12:32 [GET] /js/keybindings.js 192.168.10.12:60366 38.467µs
2025/06/24 21:12:32 [GET] /js/ui.js 192.168.10.12:60376 78.238µs
2025/06/24 21:13:14 [GET] / 192.168.10.12:60376 239.323µs
2025/06/24 21:13:14 [GET] /style.css 192.168.10.12:60376 525.083µs
2025/06/24 21:13:14 [GET] /js/app.js 192.168.10.12:60332 73.622µs
2025/06/24 21:13:14 [GET] /js/db.js 192.168.10.12:60376 76.289µs
2025/06/24 21:13:14 [GET] /js/theme.js 192.168.10.12:60332 67.806µs
2025/06/24 21:13:14 [GET] /js/editor.js 192.168.10.12:60366 75.286µs
2025/06/24 21:13:14 [GET] /js/commands.js 192.168.10.12:60360 117.202µs
2025/06/24 21:13:14 [GET] /js/modals.js 192.168.10.12:60384 57.808µs
2025/06/24 21:13:14 [GET] /js/history.js 192.168.10.12:60326 59.734µs
2025/06/24 21:13:14 [GET] /js/export.js 192.168.10.12:60376 93.032µs
2025/06/24 21:13:14 [GET] /js/keybindings.js 192.168.10.12:60332 44.104µs
2025/06/24 21:13:14 [GET] /js/misc.js 192.168.10.12:60366 81.28µs
2025/06/24 21:13:14 [GET] /js/ui.js 192.168.10.12:60360 108.123µs
2025/06/24 21:13:45 [GET] / 192.168.10.12:60360 165.345µs
2025/06/24 21:13:45 [GET] /style.css 192.168.10.12:60360 156.693µs
2025/06/24 21:13:45 [GET] /js/app.js 192.168.10.12:60366 85.257µs
2025/06/24 21:13:45 [GET] /js/db.js 192.168.10.12:60360 87.592µs
2025/06/24 21:13:45 [GET] /js/theme.js 192.168.10.12:60366 90.835µs
2025/06/24 21:13:45 [GET] /js/editor.js 192.168.10.12:60376 127.934µs
2025/06/24 21:13:45 [GET] /js/history.js 192.168.10.12:60332 110.488µs
2025/06/24 21:13:45 [GET] /js/modals.js 192.168.10.12:60326 125.007µs
2025/06/24 21:13:45 [GET] /js/commands.js 192.168.10.12:60384 73.192µs
2025/06/24 21:13:45 [GET] /js/export.js 192.168.10.12:60360 95.125µs
2025/06/24 21:13:45 [GET] /js/keybindings.js 192.168.10.12:60366 73.85µs
2025/06/24 21:13:45 [GET] /js/ui.js 192.168.10.12:60332 60.162µs
2025/06/24 21:13:45 [GET] /js/misc.js 192.168.10.12:60376 44.316µs
2025/06/24 21:14:38 [GET] / 192.168.10.12:60332 193.791µs
2025/06/24 21:14:38 [GET] /style.css 192.168.10.12:60332 166.631µs
2025/06/24 21:14:38 [GET] /js/app.js 192.168.10.12:60376 76.475µs
2025/06/24 21:14:38 [GET] /js/db.js 192.168.10.12:60332 84.881µs
2025/06/24 21:14:38 [GET] /js/theme.js 192.168.10.12:60376 88.345µs
2025/06/24 21:14:38 [GET] /js/history.js 192.168.10.12:60360 63.283µs
2025/06/24 21:14:38 [GET] /js/editor.js 192.168.10.12:60366 61.267µs
2025/06/24 21:14:38 [GET] /js/modals.js 192.168.10.12:60384 160.105µs
2025/06/24 21:14:38 [GET] /js/commands.js 192.168.10.12:60326 82.528µs
2025/06/24 21:14:38 [GET] /js/keybindings.js 192.168.10.12:60376 41.839µs
2025/06/24 21:14:38 [GET] /js/export.js 192.168.10.12:60332 103.104µs
2025/06/24 21:14:38 [GET] /js/misc.js 192.168.10.12:60360 42.647µs
2025/06/24 21:14:38 [GET] /js/ui.js 192.168.10.12:60366 85.756µs
2025/06/24 21:14:47 [GET] / 192.168.10.12:35202 176.503µs
2025/06/24 21:14:47 [GET] /style.css 192.168.10.12:35202 123.922µs
2025/06/24 21:14:47 [GET] /js/app.js 192.168.10.12:35202 84.406µs
2025/06/24 21:14:48 [GET] /js/db.js 192.168.10.12:35202 92.81µs
2025/06/24 21:14:48 [GET] /js/editor.js 192.168.10.12:35242 102.785µs
2025/06/24 21:14:48 [GET] /js/modals.js 192.168.10.12:35256 89.128µs
2025/06/24 21:14:48 [GET] /js/theme.js 192.168.10.12:35228 420.65µs
2025/06/24 21:14:48 [GET] /js/history.js 192.168.10.12:35248 221.137µs
2025/06/24 21:14:48 [GET] /js/commands.js 192.168.10.12:35266 89.596µs
2025/06/24 21:14:48 [GET] /js/export.js 192.168.10.12:35202 110.036µs
2025/06/24 21:14:48 [GET] /js/keybindings.js 192.168.10.12:35228 73.786µs
2025/06/24 21:14:48 [GET] /js/misc.js 192.168.10.12:35242 41.391µs
2025/06/24 21:14:48 [GET] /js/ui.js 192.168.10.12:35256 103.378µs
2025/06/24 21:17:29 Mudança detectada em www/style.css, enviando css-update
2025/06/24 21:17:29 [GET] / 192.168.10.12:60366 223.565µs
2025/06/24 21:17:29 [GET] /style.css 192.168.10.12:60366 125.581µs
2025/06/24 21:17:29 [GET] /js/app.js 192.168.10.12:60332 90.535µs
2025/06/24 21:17:29 [GET] /js/db.js 192.168.10.12:60332 87.702µs
2025/06/24 21:17:29 [GET] /js/theme.js 192.168.10.12:60366 74.698µs
2025/06/24 21:17:29 [GET] /js/editor.js 192.168.10.12:60360 105.447µs
2025/06/24 21:17:29 [GET] /js/history.js 192.168.10.12:60376 84.149µs
2025/06/24 21:17:29 [GET] /js/modals.js 192.168.10.12:60326 73.472µs
2025/06/24 21:17:29 [GET] /js/commands.js 192.168.10.12:60384 115.866µs
2025/06/24 21:17:29 [GET] /js/export.js 192.168.10.12:60332 104.45µs
2025/06/24 21:17:29 [GET] /js/keybindings.js 192.168.10.12:60366 32.291µs
2025/06/24 21:17:29 [GET] /js/misc.js 192.168.10.12:60360 223.034µs
2025/06/24 21:17:29 [GET] /js/ui.js 192.168.10.12:60376 64.537µs
2025/06/24 21:17:35 Mudança detectada em www/style.css, enviando css-update
2025/06/24 21:17:35 [GET] / 192.168.10.12:60376 162.554µs
2025/06/24 21:17:35 [GET] /style.css 192.168.10.12:60376 150.879µs
2025/06/24 21:17:35 [GET] /js/app.js 192.168.10.12:60360 101.406µs
2025/06/24 21:17:35 [GET] /js/db.js 192.168.10.12:60360 84.619µs
2025/06/24 21:17:35 [GET] /js/theme.js 192.168.10.12:60376 44.826µs
2025/06/24 21:17:35 [GET] /js/editor.js 192.168.10.12:60332 116.359µs
2025/06/24 21:17:35 [GET] /js/modals.js 192.168.10.12:60384 67.171µs
2025/06/24 21:17:35 [GET] /js/history.js 192.168.10.12:60366 66.884µs
2025/06/24 21:17:35 [GET] /js/commands.js 192.168.10.12:60326 128.122µs
2025/06/24 21:17:35 [GET] /js/keybindings.js 192.168.10.12:60376 48.996µs
2025/06/24 21:17:35 [GET] /js/export.js 192.168.10.12:60360 109µs
2025/06/24 21:17:35 [GET] /js/misc.js 192.168.10.12:60332 74.552µs
2025/06/24 21:17:35 [GET] /js/ui.js 192.168.10.12:60384 52.367µs
2025/06/24 21:17:38 Mudança detectada em www/style.css, enviando css-update
2025/06/24 21:17:38 [GET] / 192.168.10.12:60384 162.812µs
2025/06/24 21:17:38 [GET] /style.css 192.168.10.12:60384 123.234µs
2025/06/24 21:17:38 [GET] /js/app.js 192.168.10.12:60384 71.369µs
2025/06/24 21:17:38 [GET] /js/db.js 192.168.10.12:60384 90.213µs
2025/06/24 21:17:38 [GET] /js/theme.js 192.168.10.12:60332 42.523µs
2025/06/24 21:17:38 [GET] /js/editor.js 192.168.10.12:60360 54.682µs
2025/06/24 21:17:38 [GET] /js/history.js 192.168.10.12:60376 70.868µs
2025/06/24 21:17:38 [GET] /js/modals.js 192.168.10.12:60326 147.321µs
2025/06/24 21:17:38 [GET] /js/commands.js 192.168.10.12:60366 70.383µs
2025/06/24 21:17:38 [GET] /js/export.js 192.168.10.12:60384 99.123µs
2025/06/24 21:17:38 [GET] /js/keybindings.js 192.168.10.12:60332 33.982µs
2025/06/24 21:17:38 [GET] /js/misc.js 192.168.10.12:60360 63.715µs
2025/06/24 21:17:38 [GET] /js/ui.js 192.168.10.12:60376 91.332µs
2025/06/24 21:17:40 Mudança detectada em www/style.css, enviando css-update
2025/06/24 21:17:40 [GET] / 192.168.10.12:60376 162.343µs
2025/06/24 21:17:40 [GET] /style.css 192.168.10.12:60376 107.599µs
2025/06/24 21:17:40 [GET] /js/app.js 192.168.10.12:60384 85.702µs
2025/06/24 21:17:40 [GET] /js/db.js 192.168.10.12:60384 76.157µs
2025/06/24 21:17:40 [GET] /js/theme.js 192.168.10.12:60376 37.374µs
2025/06/24 21:17:40 [GET] /js/editor.js 192.168.10.12:60360 101.499µs
2025/06/24 21:17:40 [GET] /js/history.js 192.168.10.12:60332 73.163µs
2025/06/24 21:17:40 [GET] /js/modals.js 192.168.10.12:60366 58.08µs
2025/06/24 21:17:40 [GET] /js/commands.js 192.168.10.12:60326 113.138µs
2025/06/24 21:17:40 [GET] /js/export.js 192.168.10.12:60384 106.925µs
2025/06/24 21:17:40 [GET] /js/misc.js 192.168.10.12:60360 52.443µs
2025/06/24 21:17:40 [GET] /js/keybindings.js 192.168.10.12:60376 43.395µs
2025/06/24 21:17:40 [GET] /js/ui.js 192.168.10.12:60332 60.379µs
2025/06/24 21:19:15 Mudança detectada em www/style.css, enviando css-update
2025/06/24 21:19:15 [GET] / 192.168.10.12:39474 185.848µs
2025/06/24 21:19:15 [GET] /style.css 192.168.10.12:39474 109.534µs
2025/06/24 21:19:15 [GET] /js/app.js 192.168.10.12:39490 89.042µs
2025/06/24 21:19:15 [GET] /js/db.js 192.168.10.12:39474 66.518µs
2025/06/24 21:19:15 [GET] /js/theme.js 192.168.10.12:39490 80.661µs
2025/06/24 21:19:15 [GET] /js/editor.js 192.168.10.12:39506 112.15µs
2025/06/24 21:19:15 [GET] /js/history.js 192.168.10.12:39512 201.543µs
2025/06/24 21:19:15 [GET] /js/keybindings.js 192.168.10.12:39490 36.146µs
2025/06/24 21:19:15 [GET] /js/export.js 192.168.10.12:39474 61.418µs
2025/06/24 21:19:15 [GET] /js/modals.js 192.168.10.12:39518 725.128µs
2025/06/24 21:19:15 [GET] /js/commands.js 192.168.10.12:39528 69.108µs
2025/06/24 21:19:15 [GET] /js/misc.js 192.168.10.12:39506 73.21µs
2025/06/24 21:19:15 [GET] /js/ui.js 192.168.10.12:39490 105.292µs
2025/06/24 21:19:26 Mudança detectada em www/style.css, enviando css-update
2025/06/24 21:19:26 [GET] / 192.168.10.12:39490 180.691µs
2025/06/24 21:19:26 [GET] /style.css 192.168.10.12:39490 121.515µs
2025/06/24 21:19:26 [GET] /js/app.js 192.168.10.12:39506 80.809µs
2025/06/24 21:19:26 [GET] /js/db.js 192.168.10.12:39490 77.302µs
2025/06/24 21:19:26 [GET] /js/theme.js 192.168.10.12:39506 195.321µs
2025/06/24 21:19:26 [GET] /js/editor.js 192.168.10.12:39528 118.356µs
2025/06/24 21:19:26 [GET] /js/history.js 192.168.10.12:39518 102.447µs
2025/06/24 21:19:26 [GET] /js/modals.js 192.168.10.12:39474 104.307µs
2025/06/24 21:19:26 [GET] /js/commands.js 192.168.10.12:39512 96.93µs
2025/06/24 21:19:26 [GET] /js/export.js 192.168.10.12:39490 94.559µs
2025/06/24 21:19:26 [GET] /js/keybindings.js 192.168.10.12:39506 41.108µs
2025/06/24 21:19:26 [GET] /js/misc.js 192.168.10.12:39528 41.792µs
2025/06/24 21:19:26 [GET] /js/ui.js 192.168.10.12:39518 91.288µs
2025/06/24 21:20:11 Mudança detectada em www/style.css, enviando css-update
2025/06/24 21:20:11 [GET] / 192.168.10.12:39518 142.516µs
2025/06/24 21:20:11 [GET] /style.css 192.168.10.12:39518 130.286µs
2025/06/24 21:20:11 [GET] /js/app.js 192.168.10.12:39490 37.935µs
2025/06/24 21:20:11 [GET] /js/db.js 192.168.10.12:39518 85.416µs
2025/06/24 21:20:11 [GET] /js/theme.js 192.168.10.12:39490 70.571µs
2025/06/24 21:20:11 [GET] /js/editor.js 192.168.10.12:39528 107.85µs
2025/06/24 21:20:11 [GET] /js/history.js 192.168.10.12:39506 120.194µs
2025/06/24 21:20:11 [GET] /js/modals.js 192.168.10.12:39512 102.25µs
2025/06/24 21:20:11 [GET] /js/commands.js 192.168.10.12:39474 108.059µs
2025/06/24 21:20:11 [GET] /js/export.js 192.168.10.12:39518 91.634µs
2025/06/24 21:20:11 [GET] /js/keybindings.js 192.168.10.12:39490 66.047µs
2025/06/24 21:20:11 [GET] /js/misc.js 192.168.10.12:39528 88.55µs
2025/06/24 21:20:11 [GET] /js/ui.js 192.168.10.12:39506 105.848µs
2025/06/24 21:22:26 Mudança detectada em www/style.css, enviando css-update
2025/06/24 21:22:26 [GET] / 192.168.10.12:39506 172.163µs
2025/06/24 21:22:26 [GET] /js/app.js 192.168.10.12:39528 85.283µs
2025/06/24 21:22:26 [GET] /style.css 192.168.10.12:39506 92.549µs
2025/06/24 21:22:26 [GET] /js/db.js 192.168.10.12:39528 71.469µs
2025/06/24 21:22:26 [GET] /js/theme.js 192.168.10.12:39506 88.009µs
2025/06/24 21:22:26 [GET] /js/editor.js 192.168.10.12:39518 123.006µs
2025/06/24 21:22:26 [GET] /js/history.js 192.168.10.12:39490 106.964µs
2025/06/24 21:22:26 [GET] /js/modals.js 192.168.10.12:39474 114.59µs
2025/06/24 21:22:26 [GET] /js/commands.js 192.168.10.12:39512 59.813µs
2025/06/24 21:22:26 [GET] /js/export.js 192.168.10.12:39528 106.812µs
2025/06/24 21:22:26 [GET] /js/keybindings.js 192.168.10.12:39506 33.901µs
2025/06/24 21:22:26 [GET] /js/misc.js 192.168.10.12:39518 76.319µs
2025/06/24 21:22:26 [GET] /js/ui.js 192.168.10.12:39490 77.76µs
2025/06/24 21:22:47 [GET] / 192.168.10.12:39490 294.727µs
2025/06/24 21:22:47 [GET] /style.css 192.168.10.12:39490 173.032µs
2025/06/24 21:22:47 [GET] /js/app.js 192.168.10.12:39528 110.372µs
2025/06/24 21:22:47 [GET] /js/db.js 192.168.10.12:39528 73.03µs
2025/06/24 21:22:47 [GET] /js/theme.js 192.168.10.12:39490 75.014µs
2025/06/24 21:22:47 [GET] /js/editor.js 192.168.10.12:39518 54.991µs
2025/06/24 21:22:47 [GET] /js/history.js 192.168.10.12:39506 116.404µs
2025/06/24 21:22:47 [GET] /js/modals.js 192.168.10.12:39512 102.647µs
2025/06/24 21:22:47 [GET] /js/commands.js 192.168.10.12:39474 68.879µs
2025/06/24 21:22:47 [GET] /js/export.js 192.168.10.12:39528 107.514µs
2025/06/24 21:22:47 [GET] /js/keybindings.js 192.168.10.12:39490 83.641µs
2025/06/24 21:22:47 [GET] /js/misc.js 192.168.10.12:39518 43.438µs
2025/06/24 21:22:47 [GET] /js/ui.js 192.168.10.12:39506 71.287µs
2025/06/24 21:22:47 [GET] / 192.168.10.12:39506 303.491µs
2025/06/24 21:22:47 [GET] /style.css 192.168.10.12:39506 243.637µs
2025/06/24 21:22:47 [GET] /js/app.js 192.168.10.12:39506 132.298µs
2025/06/24 21:22:47 [GET] /js/db.js 192.168.10.12:39506 70.591µs
2025/06/24 21:22:47 [GET] /js/theme.js 192.168.10.12:39518 70.255µs
2025/06/24 21:22:47 [GET] /js/editor.js 192.168.10.12:39490 72.247µs
2025/06/24 21:22:47 [GET] /js/history.js 192.168.10.12:39528 60.224µs
2025/06/24 21:22:47 [GET] /js/modals.js 192.168.10.12:39474 240.17µs
2025/06/24 21:22:47 [GET] /js/commands.js 192.168.10.12:39512 113.04µs
2025/06/24 21:22:47 [GET] /js/keybindings.js 192.168.10.12:39518 59.793µs
2025/06/24 21:22:47 [GET] /js/export.js 192.168.10.12:39506 85.999µs
2025/06/24 21:22:47 [GET] /js/misc.js 192.168.10.12:39490 42.573µs
2025/06/24 21:22:47 [GET] /js/ui.js 192.168.10.12:39528 51.148µs
2025/06/24 21:24:27 Mudança detectada em www/style.css, enviando css-update
2025/06/24 21:24:27 [GET] / 192.168.10.12:39528 182.428µs
2025/06/24 21:24:27 [GET] /style.css 192.168.10.12:39528 145.039µs
2025/06/24 21:24:27 [GET] /js/app.js 192.168.10.12:39506 72.83µs
2025/06/24 21:24:27 [GET] /js/db.js 192.168.10.12:39506 74.736µs
2025/06/24 21:24:27 [GET] /js/theme.js 192.168.10.12:39528 56.925µs
2025/06/24 21:24:27 [GET] /js/editor.js 192.168.10.12:39490 68.547µs
2025/06/24 21:24:27 [GET] /js/history.js 192.168.10.12:39518 93.685µs
2025/06/24 21:24:27 [GET] /js/modals.js 192.168.10.12:39512 62.315µs
2025/06/24 21:24:27 [GET] /js/commands.js 192.168.10.12:39474 89.429µs
2025/06/24 21:24:27 [GET] /js/export.js 192.168.10.12:39506 101.194µs
2025/06/24 21:24:27 [GET] /js/keybindings.js 192.168.10.12:39528 41.498µs
2025/06/24 21:24:27 [GET] /js/misc.js 192.168.10.12:39490 44.028µs
2025/06/24 21:24:27 [GET] /js/ui.js 192.168.10.12:39518 112.379µs
2025/06/24 21:24:29 Mudança detectada em www/style.css, enviando css-update
2025/06/24 21:24:29 [GET] / 192.168.10.12:39518 145.864µs
2025/06/24 21:24:29 [GET] /style.css 192.168.10.12:39518 120.595µs
2025/06/24 21:24:29 [GET] /js/app.js 192.168.10.12:39506 50.574µs
2025/06/24 21:24:29 [GET] /js/db.js 192.168.10.12:39518 86.681µs
2025/06/24 21:24:29 [GET] /js/theme.js 192.168.10.12:39506 87.691µs
2025/06/24 21:24:29 [GET] /js/editor.js 192.168.10.12:39528 60.418µs
2025/06/24 21:24:29 [GET] /js/history.js 192.168.10.12:39490 54.948µs
2025/06/24 21:24:29 [GET] /js/modals.js 192.168.10.12:39474 101.762µs
2025/06/24 21:24:29 [GET] /js/commands.js 192.168.10.12:39512 59.485µs
2025/06/24 21:24:29 [GET] /js/export.js 192.168.10.12:39518 112.07µs
2025/06/24 21:24:29 [GET] /js/ui.js 192.168.10.12:39490 51.298µs
2025/06/24 21:24:29 [GET] /js/misc.js 192.168.10.12:39528 48.547µs
2025/06/24 21:24:29 [GET] /js/keybindings.js 192.168.10.12:39506 31.145µs
2025/06/24 21:24:33 [GET] / 192.168.10.12:39490 178.79µs
2025/06/24 21:24:33 [GET] /style.css 192.168.10.12:39490 109.469µs
2025/06/24 21:24:33 [GET] /js/app.js 192.168.10.12:39490 85.185µs
2025/06/24 21:24:33 [GET] /js/db.js 192.168.10.12:39490 85.346µs
2025/06/24 21:24:33 [GET] /js/theme.js 192.168.10.12:39518 78.313µs
2025/06/24 21:24:33 [GET] /js/editor.js 192.168.10.12:39506 64.449µs
2025/06/24 21:24:33 [GET] /js/history.js 192.168.10.12:39528 109.858µs
2025/06/24 21:24:33 [GET] /js/modals.js 192.168.10.12:39512 116.472µs
2025/06/24 21:24:33 [GET] /js/commands.js 192.168.10.12:39474 79.383µs
2025/06/24 21:24:33 [GET] /js/export.js 192.168.10.12:39490 93.882µs
2025/06/24 21:24:33 [GET] /js/keybindings.js 192.168.10.12:39518 60.413µs
2025/06/24 21:24:33 [GET] /js/misc.js 192.168.10.12:39506 130.849µs
2025/06/24 21:24:33 [GET] /js/ui.js 192.168.10.12:39528 119.81µs
2025/06/24 21:25:34 Mudança detectada em www/index.html, enviando reload
2025/06/24 21:25:34 [GET] / 192.168.10.12:39528 248.697µs
2025/06/24 21:25:34 [GET] /style.css 192.168.10.12:39528 121.161µs
2025/06/24 21:25:34 [GET] /js/app.js 192.168.10.12:39506 76.78µs
2025/06/24 21:25:34 [GET] /js/db.js 192.168.10.12:39528 81.259µs
2025/06/24 21:25:34 [GET] /js/theme.js 192.168.10.12:39506 74.354µs
2025/06/24 21:25:34 [GET] /js/history.js 192.168.10.12:39518 76.544µs
2025/06/24 21:25:34 [GET] /js/editor.js 192.168.10.12:39490 54.865µs
2025/06/24 21:25:34 [GET] /js/modals.js 192.168.10.12:39512 83.771µs
2025/06/24 21:25:34 [GET] /js/commands.js 192.168.10.12:39474 196.543µs
2025/06/24 21:25:34 [GET] /js/export.js 192.168.10.12:39528 92.378µs
2025/06/24 21:25:34 [GET] /js/misc.js 192.168.10.12:39518 41.14µs
2025/06/24 21:25:34 [GET] /js/keybindings.js 192.168.10.12:39506 29.339µs
2025/06/24 21:25:34 [GET] /js/ui.js 192.168.10.12:39490 62.843µs
2025/06/24 21:26:08 Mudança detectada em www/style.css, enviando css-update
2025/06/24 21:26:08 [GET] / 192.168.10.12:39490 159.472µs
2025/06/24 21:26:08 [GET] /style.css 192.168.10.12:39490 126.105µs
2025/06/24 21:26:08 [GET] /js/app.js 192.168.10.12:39490 83.252µs
2025/06/24 21:26:08 [GET] /js/db.js 192.168.10.12:39490 69.61µs
2025/06/24 21:26:08 [GET] /js/theme.js 192.168.10.12:39528 81.168µs
2025/06/24 21:26:08 [GET] /js/editor.js 192.168.10.12:39506 119.317µs
2025/06/24 21:26:08 [GET] /js/history.js 192.168.10.12:39518 118.104µs
2025/06/24 21:26:08 [GET] /js/modals.js 192.168.10.12:39474 80.128µs
2025/06/24 21:26:08 [GET] /js/commands.js 192.168.10.12:39512 83.288µs
2025/06/24 21:26:08 [GET] /js/export.js 192.168.10.12:39490 111.97µs
2025/06/24 21:26:08 [GET] /js/keybindings.js 192.168.10.12:39528 46.951µs
2025/06/24 21:26:08 [GET] /js/ui.js 192.168.10.12:39518 145.722µs
2025/06/24 21:26:08 [GET] /js/misc.js 192.168.10.12:39506 50.15µs
2025/06/24 21:26:11 Mudança detectada em www/style.css, enviando css-update
2025/06/24 21:26:11 [GET] / 192.168.10.12:39518 177.363µs
2025/06/24 21:26:11 [GET] /style.css 192.168.10.12:39518 118.223µs
2025/06/24 21:26:11 [GET] /js/app.js 192.168.10.12:39518 78.46µs
2025/06/24 21:26:11 [GET] /js/db.js 192.168.10.12:39518 90.647µs
2025/06/24 21:26:11 [GET] /js/theme.js 192.168.10.12:39506 83.642µs
2025/06/24 21:26:11 [GET] /js/editor.js 192.168.10.12:39490 81.897µs
2025/06/24 21:26:11 [GET] /js/history.js 192.168.10.12:39528 91.953µs
2025/06/24 21:26:11 [GET] /js/modals.js 192.168.10.12:39512 88.477µs
2025/06/24 21:26:11 [GET] /js/commands.js 192.168.10.12:39474 106.871µs
2025/06/24 21:26:12 [GET] /js/export.js 192.168.10.12:39518 116.83µs
2025/06/24 21:26:12 [GET] /js/keybindings.js 192.168.10.12:39506 43.659µs
2025/06/24 21:26:12 [GET] /js/misc.js 192.168.10.12:39490 65.463µs
2025/06/24 21:26:12 [GET] /js/ui.js 192.168.10.12:39528 84.943µs
2025/06/24 21:26:22 [GET] / 192.168.10.12:39528 291.076µs
2025/06/24 21:26:22 [GET] /style.css 192.168.10.12:39528 163.22µs
2025/06/24 21:26:22 [GET] /js/app.js 192.168.10.12:39490 86.5µs
2025/06/24 21:26:22 [GET] /js/db.js 192.168.10.12:39490 82.526µs
2025/06/24 21:26:22 [GET] /js/theme.js 192.168.10.12:39528 78.625µs
2025/06/24 21:26:22 [GET] /js/editor.js 192.168.10.12:39518 261.992µs
2025/06/24 21:26:22 [GET] /js/history.js 192.168.10.12:39506 119.054µs
2025/06/24 21:26:22 [GET] /js/modals.js 192.168.10.12:39474 84.829µs
2025/06/24 21:26:22 [GET] /js/commands.js 192.168.10.12:39512 79.657µs
2025/06/24 21:26:22 [GET] /js/ui.js 192.168.10.12:39506 81.226µs
2025/06/24 21:26:22 [GET] /js/keybindings.js 192.168.10.12:39528 41.552µs
2025/06/24 21:26:22 [GET] /js/misc.js 192.168.10.12:39518 420.777µs
2025/06/24 21:26:22 [GET] /js/export.js 192.168.10.12:39490 625.283µs
2025/06/24 21:26:27 Mudança detectada em www/style.css, enviando css-update
2025/06/24 21:26:27 [GET] / 192.168.10.12:39490 191.331µs
2025/06/24 21:26:27 [GET] /js/app.js 192.168.10.12:39506 82.237µs
2025/06/24 21:26:27 [GET] /style.css 192.168.10.12:39490 104.569µs
2025/06/24 21:26:27 [GET] /js/db.js 192.168.10.12:39490 73.727µs
2025/06/24 21:26:27 [GET] /js/theme.js 192.168.10.12:39506 88.776µs
2025/06/24 21:26:27 [GET] /js/history.js 192.168.10.12:39528 61.108µs
2025/06/24 21:26:27 [GET] /js/editor.js 192.168.10.12:39518 56.541µs
2025/06/24 21:26:27 [GET] /js/modals.js 192.168.10.12:39512 153.524µs
2025/06/24 21:26:27 [GET] /js/commands.js 192.168.10.12:39474 54.903µs
2025/06/24 21:26:27 [GET] /js/export.js 192.168.10.12:39490 107.127µs
2025/06/24 21:26:27 [GET] /js/ui.js 192.168.10.12:39518 51.344µs
2025/06/24 21:26:27 [GET] /js/misc.js 192.168.10.12:39528 34.14µs
2025/06/24 21:26:27 [GET] /js/keybindings.js 192.168.10.12:39506 28.819µs
2025/06/24 21:26:34 [GET] / 192.168.10.12:39518 173.454µs
2025/06/24 21:26:34 [GET] /style.css 192.168.10.12:39518 119.016µs
2025/06/24 21:26:34 [GET] /js/app.js 192.168.10.12:39490 70.409µs
2025/06/24 21:26:34 [GET] /js/db.js 192.168.10.12:39490 88.572µs
2025/06/24 21:26:34 [GET] /js/theme.js 192.168.10.12:39518 72.821µs
2025/06/24 21:26:34 [GET] /js/history.js 192.168.10.12:39528 63.319µs
2025/06/24 21:26:34 [GET] /js/editor.js 192.168.10.12:39506 83.205µs
2025/06/24 21:26:34 [GET] /js/commands.js 192.168.10.12:39512 134.473µs
2025/06/24 21:26:34 [GET] /js/modals.js 192.168.10.12:39474 56.495µs
2025/06/24 21:26:34 [GET] /js/export.js 192.168.10.12:39490 99.247µs
2025/06/24 21:26:34 [GET] /js/keybindings.js 192.168.10.12:39518 108.034µs
2025/06/24 21:26:34 [GET] /js/misc.js 192.168.10.12:39528 46.294µs
2025/06/24 21:26:34 [GET] /js/ui.js 192.168.10.12:39506 52.32µs
2025/06/24 21:26:38 Mudança detectada em www/style.css, enviando css-update
2025/06/24 21:26:38 [GET] / 192.168.10.12:39506 150.379µs
2025/06/24 21:26:38 [GET] /style.css 192.168.10.12:39506 162.726µs
2025/06/24 21:26:38 [GET] /js/app.js 192.168.10.12:39506 77.207µs
2025/06/24 21:26:38 [GET] /js/db.js 192.168.10.12:39506 72.22µs
2025/06/24 21:26:38 [GET] /js/theme.js 192.168.10.12:39528 69.174µs
2025/06/24 21:26:38 [GET] /js/history.js 192.168.10.12:39490 94.83µs
2025/06/24 21:26:38 [GET] /js/editor.js 192.168.10.12:39518 100.043µs
2025/06/24 21:26:38 [GET] /js/modals.js 192.168.10.12:39474 107.336µs
2025/06/24 21:26:38 [GET] /js/commands.js 192.168.10.12:39512 110.291µs
2025/06/24 21:26:38 [GET] /js/export.js 192.168.10.12:39506 115.267µs
2025/06/24 21:26:38 [GET] /js/keybindings.js 192.168.10.12:39528 69.983µs
2025/06/24 21:26:38 [GET] /js/misc.js 192.168.10.12:39518 46.83µs
2025/06/24 21:26:38 [GET] /js/ui.js 192.168.10.12:39490 100.149µs
2025/06/24 21:26:40 Mudança detectada em www/style.css, enviando css-update
2025/06/24 21:26:40 [GET] / 192.168.10.12:39490 264.897µs
2025/06/24 21:26:40 [GET] /style.css 192.168.10.12:39490 140.731µs
2025/06/24 21:26:40 [GET] /js/app.js 192.168.10.12:39528 72.954µs
2025/06/24 21:26:40 [GET] /js/db.js 192.168.10.12:39528 78.642µs
2025/06/24 21:26:40 [GET] /js/editor.js 192.168.10.12:39518 78.309µs
2025/06/24 21:26:40 [GET] /js/history.js 192.168.10.12:39506 58.381µs
2025/06/24 21:26:40 [GET] /js/theme.js 192.168.10.12:39490 509.644µs
2025/06/24 21:26:40 [GET] /js/modals.js 192.168.10.12:39512 144.739µs
2025/06/24 21:26:40 [GET] /js/commands.js 192.168.10.12:39474 95.478µs
2025/06/24 21:26:40 [GET] /js/keybindings.js 192.168.10.12:39490 57.451µs
2025/06/24 21:26:40 [GET] /js/misc.js 192.168.10.12:39518 44.392µs
2025/06/24 21:26:40 [GET] /js/export.js 192.168.10.12:39528 105.856µs
2025/06/24 21:26:40 [GET] /js/ui.js 192.168.10.12:39506 59.015µs
2025/06/24 21:26:41 Mudança detectada em www/style.css, enviando css-update
2025/06/24 21:26:41 [GET] / 192.168.10.12:39506 171.417µs
2025/06/24 21:26:41 [GET] /style.css 192.168.10.12:39506 124.467µs
2025/06/24 21:26:41 [GET] /js/app.js 192.168.10.12:39528 77.829µs
2025/06/24 21:26:41 [GET] /js/db.js 192.168.10.12:39528 70.589µs
2025/06/24 21:26:41 [GET] /js/theme.js 192.168.10.12:39506 80.516µs
2025/06/24 21:26:41 [GET] /js/editor.js 192.168.10.12:39518 98.132µs
2025/06/24 21:26:41 [GET] /js/history.js 192.168.10.12:39490 117.458µs
2025/06/24 21:26:41 [GET] /js/modals.js 192.168.10.12:39474 57.961µs
2025/06/24 21:26:41 [GET] /js/commands.js 192.168.10.12:39512 115.257µs
2025/06/24 21:26:41 [GET] /js/export.js 192.168.10.12:39528 111.091µs
2025/06/24 21:26:41 [GET] /js/keybindings.js 192.168.10.12:39506 39.68µs
2025/06/24 21:26:41 [GET] /js/misc.js 192.168.10.12:39518 71.223µs
2025/06/24 21:26:41 [GET] /js/ui.js 192.168.10.12:39490 88.83µs
2025/06/24 21:26:47 [GET] / 192.168.10.12:39490 310.104µs
2025/06/24 21:26:47 [GET] /style.css 192.168.10.12:39490 216.737µs
2025/06/24 21:26:47 [GET] /js/app.js 192.168.10.12:39518 91.459µs
2025/06/24 21:26:47 [GET] /js/db.js 192.168.10.12:39518 76.939µs
2025/06/24 21:26:47 [GET] /js/theme.js 192.168.10.12:39490 78.426µs
2025/06/24 21:26:47 [GET] /js/editor.js 192.168.10.12:39528 66.97µs
2025/06/24 21:26:47 [GET] /js/history.js 192.168.10.12:39506 67.603µs
2025/06/24 21:26:47 [GET] /js/modals.js 192.168.10.12:39512 142.496µs
2025/06/24 21:26:47 [GET] /js/commands.js 192.168.10.12:39474 92.859µs
2025/06/24 21:26:47 [GET] /js/export.js 192.168.10.12:39518 165.236µs
2025/06/24 21:26:47 [GET] /js/keybindings.js 192.168.10.12:39490 45.23µs
2025/06/24 21:26:47 [GET] /js/misc.js 192.168.10.12:39528 43.681µs
2025/06/24 21:26:47 [GET] /js/ui.js 192.168.10.12:39506 62.935µs
2025/06/24 21:27:17 [GET] / 192.168.10.12:39506 298.347µs
2025/06/24 21:27:17 [GET] /style.css 192.168.10.12:39506 184.706µs
2025/06/24 21:27:17 [GET] /js/app.js 192.168.10.12:39528 106.418µs
2025/06/24 21:27:17 [GET] /js/db.js 192.168.10.12:39528 106.206µs
2025/06/24 21:27:17 [GET] /js/theme.js 192.168.10.12:39506 82.728µs
2025/06/24 21:27:17 [GET] /js/editor.js 192.168.10.12:39490 58.815µs
2025/06/24 21:27:17 [GET] /js/history.js 192.168.10.12:39518 117.339µs
2025/06/24 21:27:17 [GET] /js/modals.js 192.168.10.12:39474 80.106µs
2025/06/24 21:27:17 [GET] /js/commands.js 192.168.10.12:39512 93.141µs
2025/06/24 21:27:17 [GET] /js/export.js 192.168.10.12:39528 88.371µs
2025/06/24 21:27:17 [GET] /js/keybindings.js 192.168.10.12:39506 37.275µs
2025/06/24 21:27:17 [GET] /js/misc.js 192.168.10.12:39490 40.319µs
2025/06/24 21:27:17 [GET] /js/ui.js 192.168.10.12:39518 71.111µs
2025/06/24 21:27:48 Mudança detectada em www/style.css, enviando css-update
2025/06/24 21:27:48 [GET] / 192.168.10.12:39518 225.496µs
2025/06/24 21:27:48 [GET] /style.css 192.168.10.12:39518 120.111µs
2025/06/24 21:27:48 [GET] /js/app.js 192.168.10.12:39528 80.036µs
2025/06/24 21:27:48 [GET] /js/db.js 192.168.10.12:39528 77.172µs
2025/06/24 21:27:48 [GET] /js/theme.js 192.168.10.12:39518 57.932µs
2025/06/24 21:27:48 [GET] /js/editor.js 192.168.10.12:39490 90.676µs
2025/06/24 21:27:48 [GET] /js/history.js 192.168.10.12:39506 87.573µs
2025/06/24 21:27:48 [GET] /js/modals.js 192.168.10.12:39512 101.544µs
2025/06/24 21:27:48 [GET] /js/commands.js 192.168.10.12:39474 100.228µs
2025/06/24 21:27:48 [GET] /js/keybindings.js 192.168.10.12:39518 35.792µs
2025/06/24 21:27:48 [GET] /js/export.js 192.168.10.12:39528 115.745µs
2025/06/24 21:27:48 [GET] /js/misc.js 192.168.10.12:39490 43.295µs
2025/06/24 21:27:48 [GET] /js/ui.js 192.168.10.12:39506 49.38µs
2025/06/24 21:27:49 Mudança detectada em www/style.css, enviando css-update
2025/06/24 21:27:49 [GET] / 192.168.10.12:39506 193.052µs
2025/06/24 21:27:49 [GET] /style.css 192.168.10.12:39506 186.906µs
2025/06/24 21:27:49 [GET] /js/app.js 192.168.10.12:39506 92.736µs
2025/06/24 21:27:49 [GET] /js/db.js 192.168.10.12:39506 73.717µs
2025/06/24 21:27:49 [GET] /js/theme.js 192.168.10.12:39528 42.262µs
2025/06/24 21:27:49 [GET] /js/editor.js 192.168.10.12:39490 61.397µs
2025/06/24 21:27:49 [GET] /js/history.js 192.168.10.12:39518 105.81µs
2025/06/24 21:27:49 [GET] /js/modals.js 192.168.10.12:39474 53.682µs
2025/06/24 21:27:49 [GET] /js/commands.js 192.168.10.12:39512 97.268µs
2025/06/24 21:27:49 [GET] /js/export.js 192.168.10.12:39506 97.968µs
2025/06/24 21:27:49 [GET] /js/keybindings.js 192.168.10.12:39528 44.932µs
2025/06/24 21:27:49 [GET] /js/misc.js 192.168.10.12:39490 36.152µs
2025/06/24 21:27:49 [GET] /js/ui.js 192.168.10.12:39518 82.699µs
2025/06/24 21:27:50 Mudança detectada em www/style.css, enviando css-update
2025/06/24 21:27:50 [GET] / 192.168.10.12:39518 196.163µs
2025/06/24 21:27:50 [GET] /style.css 192.168.10.12:39518 140.441µs
2025/06/24 21:27:50 [GET] /js/app.js 192.168.10.12:39506 82.395µs
2025/06/24 21:27:50 [GET] /js/db.js 192.168.10.12:39506 75.569µs
2025/06/24 21:27:50 [GET] /js/theme.js 192.168.10.12:39518 77.374µs
2025/06/24 21:27:50 [GET] /js/editor.js 192.168.10.12:39490 69.52µs
2025/06/24 21:27:50 [GET] /js/history.js 192.168.10.12:39528 118.655µs
2025/06/24 21:27:50 [GET] /js/modals.js 192.168.10.12:39512 61.106µs
2025/06/24 21:27:50 [GET] /js/commands.js 192.168.10.12:39474 103.501µs
2025/06/24 21:27:50 [GET] /js/export.js 192.168.10.12:39506 86.247µs
2025/06/24 21:27:50 [GET] /js/misc.js 192.168.10.12:39512 82.758µs
2025/06/24 21:27:50 [GET] /js/keybindings.js 192.168.10.12:39518 41.61µs
2025/06/24 21:27:50 [GET] /js/ui.js 192.168.10.12:39490 70.485µs
2025/06/24 21:27:53 Mudança detectada em www/style.css, enviando css-update
2025/06/24 21:27:53 [GET] / 192.168.10.12:39490 338.526µs
2025/06/24 21:27:53 [GET] /style.css 192.168.10.12:39490 98.901µs
2025/06/24 21:27:53 [GET] /js/app.js 192.168.10.12:39518 70.523µs
2025/06/24 21:27:53 [GET] /js/editor.js 192.168.10.12:39512 199.882µs
2025/06/24 21:27:53 [GET] /js/db.js 192.168.10.12:39518 595.615µs
2025/06/24 21:27:53 [GET] /js/theme.js 192.168.10.12:39490 44.706µs
2025/06/24 21:27:53 [GET] /js/history.js 192.168.10.12:39506 108.152µs
2025/06/24 21:27:53 [GET] /js/commands.js 192.168.10.12:39528 65.157µs
2025/06/24 21:27:53 [GET] /js/modals.js 192.168.10.12:39474 59.204µs
2025/06/24 21:27:53 [GET] /js/export.js 192.168.10.12:39518 102.277µs
2025/06/24 21:27:53 [GET] /js/keybindings.js 192.168.10.12:39490 36.478µs
2025/06/24 21:27:53 [GET] /js/misc.js 192.168.10.12:39512 74.641µs
2025/06/24 21:27:53 [GET] /js/ui.js 192.168.10.12:39506 90.581µs
2025/06/24 21:27:57 Mudança detectada em www/index.html, enviando reload
2025/06/24 21:27:57 [GET] / 192.168.10.12:39506 296.52µs
2025/06/24 21:27:57 [GET] /style.css 192.168.10.12:39506 238.282µs
2025/06/24 21:27:57 [GET] /js/app.js 192.168.10.12:39518 105.193µs
2025/06/24 21:27:57 [GET] /js/db.js 192.168.10.12:39518 113.482µs
2025/06/24 21:27:57 [GET] /js/theme.js 192.168.10.12:39506 78.961µs
2025/06/24 21:27:57 [GET] /js/editor.js 192.168.10.12:39512 67.308µs
2025/06/24 21:27:57 [GET] /js/modals.js 192.168.10.12:39474 82.666µs
2025/06/24 21:27:57 [GET] /js/history.js 192.168.10.12:39490 204.726µs
2025/06/24 21:27:57 [GET] /js/commands.js 192.168.10.12:39528 60.982µs
2025/06/24 21:27:57 [GET] /js/export.js 192.168.10.12:39518 99.493µs
2025/06/24 21:27:57 [GET] /js/misc.js 192.168.10.12:39512 42µs
2025/06/24 21:27:57 [GET] /js/keybindings.js 192.168.10.12:39506 33.826µs
2025/06/24 21:27:57 [GET] /js/ui.js 192.168.10.12:39474 61.768µs
2025/06/24 21:27:58 Mudança detectada em www/index.html, enviando reload
2025/06/24 21:27:58 [GET] / 192.168.10.12:39474 146.365µs
2025/06/24 21:27:58 [GET] /style.css 192.168.10.12:39474 122.519µs
2025/06/24 21:27:58 [GET] /js/app.js 192.168.10.12:39518 61.37µs
2025/06/24 21:27:58 [GET] /js/db.js 192.168.10.12:39518 86.507µs
2025/06/24 21:27:58 [GET] /js/theme.js 192.168.10.12:39474 89.621µs
2025/06/24 21:27:58 [GET] /js/editor.js 192.168.10.12:39506 58.252µs
2025/06/24 21:27:58 [GET] /js/history.js 192.168.10.12:39512 96.368µs
2025/06/24 21:27:58 [GET] /js/modals.js 192.168.10.12:39528 110.096µs
2025/06/24 21:27:58 [GET] /js/commands.js 192.168.10.12:39490 77.809µs
2025/06/24 21:27:58 [GET] /js/export.js 192.168.10.12:39518 103.117µs
2025/06/24 21:27:58 [GET] /js/keybindings.js 192.168.10.12:39474 39.269µs
2025/06/24 21:27:58 [GET] /js/misc.js 192.168.10.12:39506 37.826µs
2025/06/24 21:27:58 [GET] /js/ui.js 192.168.10.12:39512 64.752µs
2025/06/24 21:28:00 Mudança detectada em www/index.html, enviando reload
2025/06/24 21:28:00 [GET] / 192.168.10.12:39512 170.876µs
2025/06/24 21:28:00 [GET] /style.css 192.168.10.12:39512 130.87µs
2025/06/24 21:28:00 [GET] /js/app.js 192.168.10.12:39518 89.276µs
2025/06/24 21:28:00 [GET] /js/db.js 192.168.10.12:39518 126.049µs
2025/06/24 21:28:00 [GET] /js/theme.js 192.168.10.12:39512 75.746µs
2025/06/24 21:28:00 [GET] /js/history.js 192.168.10.12:39474 63.536µs
2025/06/24 21:28:00 [GET] /js/editor.js 192.168.10.12:39506 63.538µs
2025/06/24 21:28:00 [GET] /js/modals.js 192.168.10.12:39490 111.413µs
2025/06/24 21:28:00 [GET] /js/commands.js 192.168.10.12:39528 59.473µs
2025/06/24 21:28:00 [GET] /js/export.js 192.168.10.12:39518 107.251µs
2025/06/24 21:28:00 [GET] /js/keybindings.js 192.168.10.12:39512 36.251µs
2025/06/24 21:28:00 [GET] /js/misc.js 192.168.10.12:39474 39.13µs
2025/06/24 21:28:00 [GET] /js/ui.js 192.168.10.12:39506 63.132µs
2025/06/24 21:29:29 Mudança detectada em www/index.html, enviando reload
2025/06/24 21:29:29 [GET] / 192.168.10.12:39506 171.16µs
2025/06/24 21:29:29 [GET] /js/app.js 192.168.10.12:39518 93.613µs
2025/06/24 21:29:29 [GET] /style.css 192.168.10.12:39506 109.085µs
2025/06/24 21:29:29 [GET] /js/db.js 192.168.10.12:39506 86.098µs
2025/06/24 21:29:29 [GET] /js/theme.js 192.168.10.12:39518 95.088µs
2025/06/24 21:29:29 [GET] /js/editor.js 192.168.10.12:39474 113.127µs
2025/06/24 21:29:29 [GET] /js/history.js 192.168.10.12:39512 178.424µs
2025/06/24 21:29:29 [GET] /js/modals.js 192.168.10.12:39528 155.771µs
2025/06/24 21:29:29 [GET] /js/commands.js 192.168.10.12:39490 80.662µs
2025/06/24 21:29:29 [GET] /js/export.js 192.168.10.12:39506 314.159µs
2025/06/24 21:29:29 [GET] /js/keybindings.js 192.168.10.12:39518 40.581µs
2025/06/24 21:29:29 [GET] /js/misc.js 192.168.10.12:39474 64.97µs
2025/06/24 21:29:29 [GET] /js/ui.js 192.168.10.12:39512 119.007µs
2025/06/24 21:29:47 [GET] / 192.168.10.12:39512 295.139µs
2025/06/24 21:29:48 [GET] /style.css 192.168.10.12:39512 139.399µs
2025/06/24 21:29:48 [GET] /js/app.js 192.168.10.12:39474 45.189µs
2025/06/24 21:29:48 [GET] /js/db.js 192.168.10.12:39512 74.183µs
2025/06/24 21:29:48 [GET] /js/theme.js 192.168.10.12:39474 69.145µs
2025/06/24 21:29:48 [GET] /js/editor.js 192.168.10.12:39506 60.361µs
2025/06/24 21:29:48 [GET] /js/history.js 192.168.10.12:39518 57.428µs
2025/06/24 21:29:48 [GET] /js/modals.js 192.168.10.12:39490 102.21µs
2025/06/24 21:29:48 [GET] /js/commands.js 192.168.10.12:39528 68.954µs
2025/06/24 21:29:48 [GET] /js/export.js 192.168.10.12:39512 104.804µs
2025/06/24 21:29:48 [GET] /js/misc.js 192.168.10.12:39506 38.192µs
2025/06/24 21:29:48 [GET] /js/keybindings.js 192.168.10.12:39474 39.24µs
2025/06/24 21:29:48 [GET] /js/ui.js 192.168.10.12:39518 93.892µs
2025/06/24 21:31:18 Mudança detectada em www/style.css, enviando css-update
2025/06/24 21:31:18 [GET] / 192.168.10.12:39518 185.833µs
2025/06/24 21:31:18 [GET] /style.css 192.168.10.12:39518 83.045µs
2025/06/24 21:31:18 [GET] /js/app.js 192.168.10.12:39512 47.52µs
2025/06/24 21:31:18 [GET] /js/db.js 192.168.10.12:39512 74.504µs
2025/06/24 21:31:18 [GET] /js/theme.js 192.168.10.12:39518 75.521µs
2025/06/24 21:31:18 [GET] /js/editor.js 192.168.10.12:39474 76.671µs
2025/06/24 21:31:18 [GET] /js/history.js 192.168.10.12:39506 57.409µs
2025/06/24 21:31:18 [GET] /js/modals.js 192.168.10.12:39528 104.666µs
2025/06/24 21:31:18 [GET] /js/commands.js 192.168.10.12:39490 66.882µs
2025/06/24 21:31:18 [GET] /js/misc.js 192.168.10.12:39474 85.848µs
2025/06/24 21:31:18 [GET] /js/ui.js 192.168.10.12:39506 110.826µs
2025/06/24 21:31:18 [GET] /js/keybindings.js 192.168.10.12:39518 32.397µs
2025/06/24 21:31:18 [GET] /js/export.js 192.168.10.12:39512 53.37µs
2025/06/24 21:31:32 Mudança detectada em www/style.css, enviando css-update
2025/06/24 21:31:32 [GET] / 192.168.10.12:39512 212.328µs
2025/06/24 21:31:32 [GET] /style.css 192.168.10.12:39512 140.897µs
2025/06/24 21:31:32 [GET] /js/app.js 192.168.10.12:39506 81.064µs
2025/06/24 21:31:32 [GET] /js/db.js 192.168.10.12:39506 77.06µs
2025/06/24 21:31:32 [GET] /js/theme.js 192.168.10.12:39512 73.864µs
2025/06/24 21:31:32 [GET] /js/editor.js 192.168.10.12:39518 74.618µs
2025/06/24 21:31:32 [GET] /js/history.js 192.168.10.12:39474 105.657µs
2025/06/24 21:31:32 [GET] /js/modals.js 192.168.10.12:39490 67.474µs
2025/06/24 21:31:32 [GET] /js/commands.js 192.168.10.12:39528 51.612µs
2025/06/24 21:31:32 [GET] /js/export.js 192.168.10.12:39506 125.432µs
2025/06/24 21:31:32 [GET] /js/keybindings.js 192.168.10.12:39512 39.852µs
2025/06/24 21:31:32 [GET] /js/misc.js 192.168.10.12:39518 37.447µs
2025/06/24 21:31:32 [GET] /js/ui.js 192.168.10.12:39474 74.267µs
2025/06/24 21:31:38 [GET] / 192.168.10.12:39474 354.497µs
2025/06/24 21:31:38 [GET] /style.css 192.168.10.12:39474 124.535µs
2025/06/24 21:31:38 [GET] /js/app.js 192.168.10.12:39506 82.483µs
2025/06/24 21:31:38 [GET] /js/db.js 192.168.10.12:39506 90.023µs
2025/06/24 21:31:38 [GET] /js/theme.js 192.168.10.12:39474 45.582µs
2025/06/24 21:31:38 [GET] /js/editor.js 192.168.10.12:39518 64.626µs
2025/06/24 21:31:38 [GET] /js/history.js 192.168.10.12:39512 177.946µs
2025/06/24 21:31:38 [GET] /js/commands.js 192.168.10.12:39490 71.492µs
2025/06/24 21:31:38 [GET] /js/modals.js 192.168.10.12:39528 70.39µs
2025/06/24 21:31:38 [GET] /js/export.js 192.168.10.12:39506 114.965µs
2025/06/24 21:31:38 [GET] /js/keybindings.js 192.168.10.12:39474 59.667µs
2025/06/24 21:31:38 [GET] /js/misc.js 192.168.10.12:39518 64.926µs
2025/06/24 21:31:38 [GET] /js/ui.js 192.168.10.12:39512 91.21µs
2025/06/24 21:32:27 Mudança detectada em www/style.css, enviando css-update
2025/06/24 21:32:27 [GET] / 192.168.10.12:39512 173.042µs
2025/06/24 21:32:27 [GET] /js/app.js 192.168.10.12:39518 41.731µs
2025/06/24 21:32:27 [GET] /style.css 192.168.10.12:39512 116.411µs
2025/06/24 21:32:27 [GET] /js/db.js 192.168.10.12:39518 86.528µs
2025/06/24 21:32:27 [GET] /js/theme.js 192.168.10.12:39512 64.518µs
2025/06/24 21:32:27 [GET] /js/editor.js 192.168.10.12:39506 111.384µs
2025/06/24 21:32:27 [GET] /js/history.js 192.168.10.12:39474 84.584µs
2025/06/24 21:32:27 [GET] /js/modals.js 192.168.10.12:39528 88.794µs
2025/06/24 21:32:27 [GET] /js/commands.js 192.168.10.12:39490 83.281µs
2025/06/24 21:32:27 [GET] /js/export.js 192.168.10.12:39518 106.658µs
2025/06/24 21:32:27 [GET] /js/keybindings.js 192.168.10.12:39512 40.186µs
2025/06/24 21:32:27 [GET] /js/misc.js 192.168.10.12:39506 114.368µs
2025/06/24 21:32:27 [GET] /js/ui.js 192.168.10.12:39474 60.379µs
2025/06/24 21:34:38 Mudança detectada em www/style.css, enviando css-update
2025/06/24 21:34:38 [GET] / 192.168.10.12:39474 158.561µs
2025/06/24 21:34:38 [GET] /style.css 192.168.10.12:39474 118.355µs
2025/06/24 21:34:38 [GET] /js/app.js 192.168.10.12:39506 72.47µs
2025/06/24 21:34:38 [GET] /js/db.js 192.168.10.12:39506 80.691µs
2025/06/24 21:34:38 [GET] /js/theme.js 192.168.10.12:39474 78.412µs
2025/06/24 21:34:38 [GET] /js/history.js 192.168.10.12:39512 71.664µs
2025/06/24 21:34:38 [GET] /js/editor.js 192.168.10.12:39518 67.809µs
2025/06/24 21:34:38 [GET] /js/modals.js 192.168.10.12:39490 123.219µs
2025/06/24 21:34:38 [GET] /js/commands.js 192.168.10.12:39528 55.63µs
2025/06/24 21:34:38 [GET] /js/export.js 192.168.10.12:39506 95.564µs
2025/06/24 21:34:38 [GET] /js/keybindings.js 192.168.10.12:39474 69.168µs
2025/06/24 21:34:38 [GET] /js/ui.js 192.168.10.12:39518 151.65µs
2025/06/24 21:34:38 [GET] /js/misc.js 192.168.10.12:39512 44.24µs
2025/06/24 21:35:27 Mudança detectada em www/style.css, enviando css-update
2025/06/24 21:35:27 [GET] / 192.168.10.12:39518 149.3µs
2025/06/24 21:35:27 [GET] /style.css 192.168.10.12:39518 121.43µs
2025/06/24 21:35:27 [GET] /js/app.js 192.168.10.12:39518 85.364µs
2025/06/24 21:35:27 [GET] /js/db.js 192.168.10.12:39518 122.185µs
2025/06/24 21:35:27 [GET] /js/theme.js 192.168.10.12:39512 51.304µs
2025/06/24 21:35:27 [GET] /js/editor.js 192.168.10.12:39474 117.834µs
2025/06/24 21:35:27 [GET] /js/history.js 192.168.10.12:39506 65.454µs
2025/06/24 21:35:27 [GET] /js/modals.js 192.168.10.12:39528 103.296µs
2025/06/24 21:35:27 [GET] /js/commands.js 192.168.10.12:39490 75.337µs
2025/06/24 21:35:27 [GET] /js/export.js 192.168.10.12:39518 101.667µs
2025/06/24 21:35:27 [GET] /js/misc.js 192.168.10.12:39474 37.117µs
2025/06/24 21:35:27 [GET] /js/keybindings.js 192.168.10.12:39512 36.154µs
2025/06/24 21:35:27 [GET] /js/ui.js 192.168.10.12:39506 100.787µs
2025/06/24 21:38:43 [GET] / 192.168.10.12:39506 307.205µs
2025/06/24 21:38:43 [GET] /style.css 192.168.10.12:39506 186.13µs
2025/06/24 21:38:43 [GET] /js/app.js 192.168.10.12:39506 119.598µs
2025/06/24 21:38:43 [GET] /js/db.js 192.168.10.12:39506 67.481µs
2025/06/24 21:38:43 [GET] /js/theme.js 192.168.10.12:39518 77.495µs
2025/06/24 21:38:43 [GET] /js/editor.js 192.168.10.12:39512 100.793µs
2025/06/24 21:38:43 [GET] /js/history.js 192.168.10.12:39474 107.111µs
2025/06/24 21:38:43 [GET] /js/modals.js 192.168.10.12:39490 117.091µs
2025/06/24 21:38:43 [GET] /js/commands.js 192.168.10.12:39528 78.378µs
2025/06/24 21:38:43 [GET] /js/export.js 192.168.10.12:39506 107.371µs
2025/06/24 21:38:43 [GET] /js/misc.js 192.168.10.12:39512 51.694µs
2025/06/24 21:38:43 [GET] /js/keybindings.js 192.168.10.12:39518 50.725µs
2025/06/24 21:38:43 [GET] /js/ui.js 192.168.10.12:39474 66.909µs
2025/06/24 21:39:06 [GET] / 192.168.10.12:39474 163.887µs
2025/06/24 21:39:06 [GET] /style.css 192.168.10.12:39474 125.853µs
2025/06/24 21:39:06 [GET] /js/app.js 192.168.10.12:39474 74.127µs
2025/06/24 21:39:07 [GET] /js/db.js 192.168.10.12:39474 77.232µs
2025/06/24 21:39:07 [GET] /js/theme.js 192.168.10.12:39512 65.765µs
2025/06/24 21:39:07 [GET] /js/editor.js 192.168.10.12:39506 89.829µs
2025/06/24 21:39:07 [GET] /js/history.js 192.168.10.12:39518 88.825µs
2025/06/24 21:39:07 [GET] /js/modals.js 192.168.10.12:39528 56.072µs
2025/06/24 21:39:07 [GET] /js/commands.js 192.168.10.12:39490 109.294µs
2025/06/24 21:39:07 [GET] /js/export.js 192.168.10.12:39474 102.164µs
2025/06/24 21:39:07 [GET] /js/keybindings.js 192.168.10.12:39512 35.66µs
2025/06/24 21:39:07 [GET] /js/misc.js 192.168.10.12:39506 53.275µs
2025/06/24 21:39:07 [GET] /js/ui.js 192.168.10.12:39518 360.509µs
2025/06/24 21:39:12 [GET] / 192.168.10.12:39518 147.615µs
2025/06/24 21:39:12 [GET] /style.css 192.168.10.12:39518 133.376µs
2025/06/24 21:39:12 [GET] /js/app.js 192.168.10.12:39506 68.445µs
2025/06/24 21:39:12 [GET] /js/db.js 192.168.10.12:39506 77.854µs
2025/06/24 21:39:12 [GET] /js/theme.js 192.168.10.12:39518 82.986µs
2025/06/24 21:39:12 [GET] /js/editor.js 192.168.10.12:39474 99.017µs
2025/06/24 21:39:12 [GET] /js/history.js 192.168.10.12:39512 116.915µs
2025/06/24 21:39:12 [GET] /js/commands.js 192.168.10.12:39528 59.606µs
2025/06/24 21:39:12 [GET] /js/modals.js 192.168.10.12:39490 52.826µs
2025/06/24 21:39:12 [GET] /js/export.js 192.168.10.12:39506 149.867µs
2025/06/24 21:39:12 [GET] /js/keybindings.js 192.168.10.12:39518 33.387µs
2025/06/24 21:39:12 [GET] /js/misc.js 192.168.10.12:39474 93.784µs
2025/06/24 21:39:12 [GET] /js/ui.js 192.168.10.12:39512 52.278µs
2025/06/24 21:41:14 [GET] / 192.168.10.12:59752 199.096µs
2025/06/24 21:41:14 [GET] /style.css 192.168.10.12:59752 139.124µs
2025/06/24 21:41:14 [GET] /js/app.js 192.168.10.12:59752 112.112µs
2025/06/24 21:41:14 [GET] /js/db.js 192.168.10.12:59752 83.068µs
2025/06/24 21:41:14 [GET] /js/theme.js 192.168.10.12:59754 58.168µs
2025/06/24 21:41:15 [GET] /js/editor.js 192.168.10.12:59768 138.448µs
2025/06/24 21:41:15 [GET] /js/history.js 192.168.10.12:59752 116.369µs
2025/06/24 21:41:15 [GET] /js/modals.js 192.168.10.12:59754 115.374µs
2025/06/24 21:41:15 [GET] /js/commands.js 192.168.10.12:59754 125.409µs
2025/06/24 21:41:15 [GET] /js/export.js 192.168.10.12:59754 124.118µs
2025/06/24 21:41:15 [GET] /js/misc.js 192.168.10.12:59768 122.515µs
2025/06/24 21:41:15 [GET] /js/keybindings.js 192.168.10.12:59752 32.181µs
2025/06/24 21:41:15 [GET] /js/ui.js 192.168.10.12:59770 162.144µs
2025/06/24 21:41:15 [GET] /favicon.ico 192.168.10.12:59770 43.827µs
2025/06/24 21:41:42 Mudança detectada em www/style.css, enviando css-update
2025/06/24 21:41:42 [GET] / 192.168.10.12:39512 163.593µs
2025/06/24 21:41:42 [GET] / 192.168.10.12:59770 180.087µs
2025/06/24 21:41:42 [GET] /style.css 192.168.10.12:59770 117.205µs
2025/06/24 21:41:42 [GET] /style.css 192.168.10.12:39512 136.212µs
2025/06/24 21:41:42 [GET] /js/app.js 192.168.10.12:59770 100.131µs
2025/06/24 21:41:42 [GET] /js/app.js 192.168.10.12:39474 72.397µs
2025/06/24 21:41:42 [GET] /js/db.js 192.168.10.12:59770 97.442µs
2025/06/24 21:41:42 [GET] /js/theme.js 192.168.10.12:59768 59.865µs
2025/06/24 21:41:42 [GET] /js/editor.js 192.168.10.12:59752 107.581µs
2025/06/24 21:41:42 [GET] /js/history.js 192.168.10.12:59752 131.456µs
2025/06/24 21:41:42 [GET] /js/modals.js 192.168.10.12:59768 110.516µs
2025/06/24 21:41:42 [GET] /js/commands.js 192.168.10.12:59770 115.971µs
2025/06/24 21:41:42 [GET] /js/export.js 192.168.10.12:59752 191.683µs
2025/06/24 21:41:42 [GET] /js/keybindings.js 192.168.10.12:59768 102.071µs
2025/06/24 21:41:42 [GET] /js/misc.js 192.168.10.12:59770 147.081µs
2025/06/24 21:41:42 [GET] /js/ui.js 192.168.10.12:59770 122.125µs
2025/06/24 21:41:42 [GET] /js/editor.js 192.168.10.12:39506 114.965µs
2025/06/24 21:41:42 [GET] /js/theme.js 192.168.10.12:39512 41.109µs
2025/06/24 21:41:42 [GET] /js/db.js 192.168.10.12:39474 45.51µs
2025/06/24 21:41:42 [GET] /js/commands.js 192.168.10.12:39528 55.568µs
2025/06/24 21:41:42 [GET] /js/modals.js 192.168.10.12:39490 64.755µs
2025/06/24 21:41:42 [GET] /js/history.js 192.168.10.12:39518 61.328µs
2025/06/24 21:41:42 [GET] /js/export.js 192.168.10.12:39512 102.656µs
2025/06/24 21:41:42 [GET] /js/keybindings.js 192.168.10.12:39474 63.954µs
2025/06/24 21:41:42 [GET] /js/misc.js 192.168.10.12:39506 63.896µs
2025/06/24 21:41:42 [GET] /js/ui.js 192.168.10.12:39528 57.031µs
2025/06/24 21:42:09 [GET] / 192.168.10.12:59770 194.854µs
2025/06/24 21:42:09 [GET] /style.css 192.168.10.12:59770 129.599µs
2025/06/24 21:42:09 [GET] /js/app.js 192.168.10.12:59768 92.543µs
2025/06/24 21:42:09 [GET] /js/db.js 192.168.10.12:59768 73.173µs
2025/06/24 21:42:09 [GET] /js/theme.js 192.168.10.12:59770 76.526µs
2025/06/24 21:42:09 [GET] /js/keybindings.js 192.168.10.12:59770 72.824µs
2025/06/24 21:42:09 [GET] /js/modals.js 192.168.10.12:58206 802.218µs
2025/06/24 21:42:09 [GET] /js/export.js 192.168.10.12:59768 57.734µs
2025/06/24 21:42:09 [GET] /js/editor.js 192.168.10.12:59752 894.584µs
2025/06/24 21:42:09 [GET] /js/commands.js 192.168.10.12:58208 75.221µs
2025/06/24 21:42:09 [GET] /js/history.js 192.168.10.12:59754 2.987551ms
2025/06/24 21:42:09 [GET] /js/misc.js 192.168.10.12:59770 360.713µs
2025/06/24 21:42:09 [GET] /js/ui.js 192.168.10.12:58206 112.109µs
2025/06/24 21:42:13 [GET] / 192.168.10.12:58206 204.795µs
2025/06/24 21:42:14 [GET] /js/app.js 192.168.10.12:59770 78.023µs
2025/06/24 21:42:14 [GET] /style.css 192.168.10.12:58206 77.008µs
2025/06/24 21:42:14 [GET] /js/db.js 192.168.10.12:58206 84.54µs
2025/06/24 21:42:14 [GET] /js/theme.js 192.168.10.12:59770 80.871µs
2025/06/24 21:42:14 [GET] /js/editor.js 192.168.10.12:59754 63.27µs
2025/06/24 21:42:14 [GET] /js/history.js 192.168.10.12:58208 115.741µs
2025/06/24 21:42:14 [GET] /js/modals.js 192.168.10.12:59752 150.09µs
2025/06/24 21:42:14 [GET] /js/commands.js 192.168.10.12:59768 65.879µs
2025/06/24 21:42:14 [GET] /js/export.js 192.168.10.12:58206 104.222µs
2025/06/24 21:42:14 [GET] /js/keybindings.js 192.168.10.12:59770 68.337µs
2025/06/24 21:42:14 [GET] /js/misc.js 192.168.10.12:59754 97.513µs
2025/06/24 21:42:14 [GET] /js/ui.js 192.168.10.12:58208 53.603µs
2025/06/24 21:42:22 [GET] / 192.168.10.12:50580 275.525µs
2025/06/24 21:42:22 [GET] /style.css 192.168.10.12:50580 137.42µs
2025/06/24 21:42:22 [GET] /js/app.js 192.168.10.12:50580 85.843µs
2025/06/24 21:42:22 [GET] /js/db.js 192.168.10.12:50580 72.474µs
2025/06/24 21:42:22 [GET] /js/theme.js 192.168.10.12:50598 101.868µs
2025/06/24 21:42:22 [GET] /js/editor.js 192.168.10.12:50610 89.325µs
2025/06/24 21:42:22 [GET] /js/modals.js 192.168.10.12:50632 68.904µs
2025/06/24 21:42:22 [GET] /js/history.js 192.168.10.12:50624 74.456µs
2025/06/24 21:42:22 [GET] /js/commands.js 192.168.10.12:50636 116.377µs
2025/06/24 21:42:22 [GET] /js/export.js 192.168.10.12:50580 99.366µs
2025/06/24 21:42:22 [GET] /js/keybindings.js 192.168.10.12:50598 79.273µs
2025/06/24 21:42:22 [GET] /js/misc.js 192.168.10.12:50610 96.934µs
2025/06/24 21:42:22 [GET] /js/ui.js 192.168.10.12:50632 89.808µs
2025/06/24 21:42:27 Mudança detectada em www/style.css, enviando css-update
2025/06/24 21:42:27 [GET] / 192.168.10.12:39528 181.496µs
2025/06/24 21:42:27 [GET] / 192.168.10.12:58208 244.307µs
2025/06/24 21:42:27 [GET] / 192.168.10.12:50632 158.037µs
2025/06/24 21:42:27 [GET] /style.css 192.168.10.12:39528 120.054µs
2025/06/24 21:42:27 [GET] /style.css 192.168.10.12:58208 129.086µs
2025/06/24 21:42:27 [GET] /style.css 192.168.10.12:50632 123.972µs
2025/06/24 21:42:27 [GET] /js/app.js 192.168.10.12:39506 91.648µs
2025/06/24 21:42:27 [GET] /js/app.js 192.168.10.12:59754 37.49µs
2025/06/24 21:42:27 [GET] /js/app.js 192.168.10.12:50610 131.782µs
2025/06/24 21:42:28 [GET] /js/db.js 192.168.10.12:39506 73.89µs
2025/06/24 21:42:28 [GET] /js/theme.js 192.168.10.12:39528 84.477µs
2025/06/24 21:42:28 [GET] /js/editor.js 192.168.10.12:39506 119.404µs
2025/06/24 21:42:28 [GET] /js/history.js 192.168.10.12:39474 533.584µs
2025/06/24 21:42:28 [GET] /js/modals.js 192.168.10.12:39506 99.822µs
2025/06/24 21:42:28 [GET] /js/commands.js 192.168.10.12:39528 108.6µs
2025/06/24 21:42:28 [GET] /js/db.js 192.168.10.12:58208 113.714µs
2025/06/24 21:42:28 [GET] /js/editor.js 192.168.10.12:59770 70.663µs
2025/06/24 21:42:28 [GET] /js/theme.js 192.168.10.12:59754 50.001µs
2025/06/24 21:42:28 [GET] /js/history.js 192.168.10.12:58206 126.178µs
2025/06/24 21:42:28 [GET] /js/commands.js 192.168.10.12:59768 58.154µs
2025/06/24 21:42:28 [GET] /js/modals.js 192.168.10.12:59752 60.985µs
2025/06/24 21:42:28 [GET] /js/modals.js 192.168.10.12:50636 129.201µs
2025/06/24 21:42:28 [GET] /js/theme.js 192.168.10.12:50610 43.253µs
2025/06/24 21:42:28 [GET] /js/history.js 192.168.10.12:50580 55.525µs
2025/06/24 21:42:28 [GET] /js/commands.js 192.168.10.12:50624 56.608µs
2025/06/24 21:42:28 [GET] /js/editor.js 192.168.10.12:50598 79.135µs
2025/06/24 21:42:28 [GET] /js/db.js 192.168.10.12:50632 1.003269ms
2025/06/24 21:42:28 [GET] /js/export.js 192.168.10.12:39474 467.315µs
2025/06/24 21:42:28 [GET] /js/keybindings.js 192.168.10.12:39506 74.97µs
2025/06/24 21:42:28 [GET] /js/export.js 192.168.10.12:58208 114.257µs
2025/06/24 21:42:28 [GET] /js/keybindings.js 192.168.10.12:59754 276.195µs
2025/06/24 21:42:28 [GET] /js/export.js 192.168.10.12:50610 332.919µs
2025/06/24 21:42:28 [GET] /js/misc.js 192.168.10.12:59770 524.541µs
2025/06/24 21:42:28 [GET] /js/keybindings.js 192.168.10.12:50632 40.323µs
2025/06/24 21:42:28 [GET] /js/ui.js 192.168.10.12:58206 137.814µs
2025/06/24 21:42:28 [GET] /js/misc.js 192.168.10.12:39474 61.013µs
2025/06/24 21:42:28 [GET] /js/ui.js 192.168.10.12:50580 1.323423ms
2025/06/24 21:42:28 [GET] /js/misc.js 192.168.10.12:50636 52.464µs
2025/06/24 21:42:28 [GET] /js/ui.js 192.168.10.12:39506 105.326µs
2025/06/24 21:42:44 [GET] / 192.168.10.12:49754 202.604µs
2025/06/24 21:42:44 [GET] /style.css 192.168.10.12:49754 136.731µs
2025/06/24 21:42:44 [GET] /js/app.js 192.168.10.12:49770 109.84µs
2025/06/24 21:42:44 [GET] /js/db.js 192.168.10.12:49770 90.224µs
2025/06/24 21:42:44 [GET] /js/theme.js 192.168.10.12:49754 43.333µs
2025/06/24 21:42:44 [GET] /js/modals.js 192.168.10.12:49814 121.284µs
2025/06/24 21:42:44 [GET] /js/history.js 192.168.10.12:49810 116.397µs
2025/06/24 21:42:44 [GET] /js/commands.js 192.168.10.12:49820 121.788µs
2025/06/24 21:42:44 [GET] /js/editor.js 192.168.10.12:49796 74.516µs
2025/06/24 21:42:44 [GET] /js/export.js 192.168.10.12:49770 102.858µs
2025/06/24 21:42:44 [GET] /js/keybindings.js 192.168.10.12:49754 42.28µs
2025/06/24 21:42:44 [GET] /js/misc.js 192.168.10.12:49820 111.69µs
2025/06/24 21:42:44 [GET] /js/ui.js 192.168.10.12:49810 59.679µs
2025/06/24 21:44:26 [GET] / 192.168.10.12:58206 179.185µs
2025/06/24 21:44:26 [GET] /style.css 192.168.10.12:58206 107.651µs
2025/06/24 21:44:26 [GET] /js/app.js 192.168.10.12:58206 91.106µs
2025/06/24 21:44:26 [GET] /js/db.js 192.168.10.12:58206 79.308µs
2025/06/24 21:44:26 [GET] /js/theme.js 192.168.10.12:59770 137.973µs
2025/06/24 21:44:26 [GET] /js/editor.js 192.168.10.12:58208 92.168µs
2025/06/24 21:44:26 [GET] /js/history.js 192.168.10.12:59754 64.81µs
2025/06/24 21:44:26 [GET] /js/modals.js 192.168.10.12:59752 125.208µs
2025/06/24 21:44:26 [GET] /js/commands.js 192.168.10.12:59768 126.23µs
2025/06/24 21:44:26 [GET] /js/export.js 192.168.10.12:58206 108.262µs
2025/06/24 21:44:26 [GET] /js/keybindings.js 192.168.10.12:59770 65.14µs
2025/06/24 21:44:26 [GET] /js/misc.js 192.168.10.12:59752 92.218µs
2025/06/24 21:44:26 [GET] /js/ui.js 192.168.10.12:58208 55.727µs
2025/06/24 21:48:10 [GET] / 192.168.10.12:58208 176.746µs
2025/06/24 21:48:10 [GET] /js/app.js 192.168.10.12:59752 94.495µs
2025/06/24 21:48:10 [GET] /style.css 192.168.10.12:58208 69.459µs
2025/06/24 21:48:10 [GET] /js/theme.js 192.168.10.12:59752 81.585µs
2025/06/24 21:48:10 [GET] /js/db.js 192.168.10.12:58208 37.278µs
2025/06/24 21:48:10 [GET] /js/history.js 192.168.10.12:58206 54.263µs
2025/06/24 21:48:10 [GET] /js/editor.js 192.168.10.12:59770 72.283µs
2025/06/24 21:48:10 [GET] /js/commands.js 192.168.10.12:59754 107.899µs
2025/06/24 21:48:10 [GET] /js/modals.js 192.168.10.12:59768 274.939µs
2025/06/24 21:48:10 [GET] /js/export.js 192.168.10.12:59752 99.157µs
2025/06/24 21:48:10 [GET] /js/keybindings.js 192.168.10.12:58208 56.91µs
2025/06/24 21:48:10 [GET] /js/misc.js 192.168.10.12:58206 58.873µs
2025/06/24 21:48:10 [GET] /js/ui.js 192.168.10.12:59770 68.385µs
2025/06/24 21:49:04 [GET] / 192.168.10.12:40956 215.422µs
2025/06/24 21:49:04 [GET] /style.css 192.168.10.12:40956 102.951µs
2025/06/24 21:49:04 [GET] /js/app.js 192.168.10.12:40968 112.68µs
2025/06/24 21:49:04 [GET] /js/db.js 192.168.10.12:40968 74.074µs
2025/06/24 21:49:04 [GET] /js/theme.js 192.168.10.12:40956 73.097µs
2025/06/24 21:49:04 [GET] /js/keybindings.js 192.168.10.12:40956 66.799µs
2025/06/24 21:49:04 [GET] /js/history.js 192.168.10.12:40990 78.695µs
2025/06/24 21:49:04 [GET] /js/editor.js 192.168.10.12:40984 62.983µs
2025/06/24 21:49:04 [GET] /js/export.js 192.168.10.12:40968 49.731µs
2025/06/24 21:49:04 [GET] /js/commands.js 192.168.10.12:40996 57.159µs
2025/06/24 21:49:04 [GET] /js/modals.js 192.168.10.12:40992 67.549µs
2025/06/24 21:49:04 [GET] /js/misc.js 192.168.10.12:40956 98.802µs
2025/06/24 21:49:04 [GET] /js/ui.js 192.168.10.12:40990 93.292µs
2025/06/24 21:51:04 Mudança detectada em www/style.css, enviando css-update
2025/06/24 21:51:04 [GET] / 192.168.10.12:40990 154.783µs
2025/06/24 21:51:04 [GET] / 192.168.10.12:59236 120.441µs
2025/06/24 21:51:04 [GET] / 192.168.10.12:40990 148.177µs
2025/06/24 21:51:04 [GET] / 192.168.10.12:59248 7.141072ms
2025/06/24 21:51:04 [GET] /style.css 192.168.10.12:40990 106.029µs
2025/06/24 21:51:04 [GET] /style.css 192.168.10.12:59236 118.622µs
2025/06/24 21:51:04 [GET] /style.css 192.168.10.12:40956 82.367µs
2025/06/24 21:51:04 [GET] /style.css 192.168.10.12:59248 139.992µs
2025/06/24 21:51:04 [GET] /js/app.js 192.168.10.12:59246 52.998µs
2025/06/24 21:51:04 [GET] /js/app.js 192.168.10.12:40992 33.796µs
2025/06/24 21:51:04 [GET] /js/app.js 192.168.10.12:40956 106.162µs
2025/06/24 21:51:04 [GET] /js/app.js 192.168.10.12:59258 86.404µs
2025/06/24 21:51:04 [GET] /js/db.js 192.168.10.12:40956 296.589µs
2025/06/24 21:51:04 [GET] /js/theme.js 192.168.10.12:40992 85.24µs
2025/06/24 21:51:04 [GET] /js/editor.js 192.168.10.12:40990 169.608µs
2025/06/24 21:51:04 [GET] /js/history.js 192.168.10.12:40956 143.046µs
2025/06/24 21:51:04 [GET] /js/modals.js 192.168.10.12:40992 118.895µs
2025/06/24 21:51:04 [GET] /js/commands.js 192.168.10.12:40990 139.36µs
2025/06/24 21:51:04 [GET] /js/db.js 192.168.10.12:59258 191.813µs
2025/06/24 21:51:04 [GET] /js/theme.js 192.168.10.12:59248 42.682µs
2025/06/24 21:51:04 [GET] /js/keybindings.js 192.168.10.12:40956 420.345µs
2025/06/24 21:51:04 [GET] /js/export.js 192.168.10.12:40992 607.82µs
2025/06/24 21:51:04 [GET] /js/editor.js 192.168.10.12:59284 141.026µs
2025/06/24 21:51:04 [GET] /js/history.js 192.168.10.12:59290 80.297µs
2025/06/24 21:51:04 [GET] /js/modals.js 192.168.10.12:59294 150.596µs
2025/06/24 21:51:04 [GET] /js/commands.js 192.168.10.12:59298 190.751µs
2025/06/24 21:51:04 [GET] /js/misc.js 192.168.10.12:40956 93.288µs
2025/06/24 21:51:04 [GET] /js/misc.js 192.168.10.12:59290 117.163µs
2025/06/24 21:51:04 [GET] /js/editor.js 192.168.10.12:59318 123.284µs
2025/06/24 21:51:04 [GET] /js/keybindings.js 192.168.10.12:59248 28.923µs
2025/06/24 21:51:04 [GET] /js/theme.js 192.168.10.12:59236 36.445µs
2025/06/24 21:51:04 [GET] /js/export.js 192.168.10.12:59258 49.144µs
2025/06/24 21:51:04 [GET] /js/db.js 192.168.10.12:59246 34.194µs
2025/06/24 21:51:04 [GET] /js/ui.js 192.168.10.12:40990 52.585µs
2025/06/24 21:51:04 [GET] /js/ui.js 192.168.10.12:59284 128.972µs
2025/06/24 21:51:04 [GET] /js/history.js 192.168.10.12:59318 97.641µs
2025/06/24 21:51:04 [GET] /js/modals.js 192.168.10.12:59246 98.944µs
2025/06/24 21:51:04 [GET] /js/commands.js 192.168.10.12:59236 117.063µs
2025/06/24 21:51:04 [GET] /js/export.js 192.168.10.12:59236 121.333µs
2025/06/24 21:51:04 [GET] /js/misc.js 192.168.10.12:59318 52.929µs
2025/06/24 21:51:04 [GET] /js/keybindings.js 192.168.10.12:59246 42.141µs
2025/06/24 21:51:04 [GET] /js/ui.js 192.168.10.12:59318 99.997µs
2025/06/24 21:51:04 [GET] /js/db.js 192.168.10.12:40990 76.02µs
2025/06/24 21:51:04 [GET] /js/theme.js 192.168.10.12:40956 79.53µs
2025/06/24 21:51:04 [GET] /js/editor.js 192.168.10.12:40992 148.149µs
2025/06/24 21:51:04 [GET] /js/modals.js 192.168.10.12:40968 179.148µs
2025/06/24 21:51:04 [GET] /js/history.js 192.168.10.12:40996 798.546µs
2025/06/24 21:51:04 [GET] /js/commands.js 192.168.10.12:40984 717.271µs
2025/06/24 21:51:04 [GET] /js/ui.js 192.168.10.12:40984 126.959µs
2025/06/24 21:51:04 [GET] /js/misc.js 192.168.10.12:40992 58.209µs
2025/06/24 21:51:04 [GET] /js/keybindings.js 192.168.10.12:40956 34.861µs
2025/06/24 21:51:04 [GET] /js/export.js 192.168.10.12:40990 53.001µs
2025/06/24 21:51:05 [GET] / 192.168.10.12:40990 194.454µs
2025/06/24 21:51:05 [GET] /style.css 192.168.10.12:40990 109.993µs
2025/06/24 21:51:05 [GET] /js/app.js 192.168.10.12:40990 70.969µs
2025/06/24 21:51:05 [GET] /js/db.js 192.168.10.12:40990 206.001µs
2025/06/24 21:51:05 [GET] /js/theme.js 192.168.10.12:40992 75.16µs
2025/06/24 21:51:05 [GET] /js/editor.js 192.168.10.12:40984 90.814µs
2025/06/24 21:51:05 [GET] /js/history.js 192.168.10.12:40956 93.444µs
2025/06/24 21:51:05 [GET] /js/modals.js 192.168.10.12:40996 637.44µs
2025/06/24 21:51:05 [GET] /js/commands.js 192.168.10.12:40968 807.497µs
2025/06/24 21:51:05 [GET] /js/export.js 192.168.10.12:40990 106.63µs
2025/06/24 21:51:05 [GET] /js/keybindings.js 192.168.10.12:40992 169.091µs
2025/06/24 21:51:05 [GET] /js/misc.js 192.168.10.12:40984 102.448µs
2025/06/24 21:51:05 [GET] /js/ui.js 192.168.10.12:40996 100.462µs
2025/06/24 21:51:17 [GET] /style.css 192.168.10.12:40996 132.637µs
2025/06/24 21:52:33 [GET] / 192.168.10.12:40996 210.555µs
2025/06/24 21:52:33 [GET] /style.css 192.168.10.12:40996 131.049µs
2025/06/24 21:52:33 [GET] /js/app.js 192.168.10.12:40996 79.169µs
2025/06/24 21:52:34 [GET] /js/db.js 192.168.10.12:40996 132.642µs
2025/06/24 21:52:34 [GET] /js/theme.js 192.168.10.12:40984 79.449µs
2025/06/24 21:52:34 [GET] /js/history.js 192.168.10.12:40992 71.028µs
2025/06/24 21:52:34 [GET] /js/editor.js 192.168.10.12:40990 58.096µs
2025/06/24 21:52:34 [GET] /js/modals.js 192.168.10.12:40968 110.259µs
2025/06/24 21:52:34 [GET] /js/commands.js 192.168.10.12:40956 113.84µs
2025/06/24 21:52:34 [GET] /js/export.js 192.168.10.12:40996 108.813µs
2025/06/24 21:52:34 [GET] /js/keybindings.js 192.168.10.12:40984 33.054µs
2025/06/24 21:52:34 [GET] /js/misc.js 192.168.10.12:40992 100.045µs
2025/06/24 21:52:34 [GET] /js/ui.js 192.168.10.12:40990 387.644µs
2025/06/24 21:53:06 Mudança detectada em www/style.css, enviando css-update
2025/06/24 21:53:06 [GET] / 192.168.10.12:59284 137.159µs
2025/06/24 21:53:06 [GET] / 192.168.10.12:59318 236.392µs
2025/06/24 21:53:06 [GET] / 192.168.10.12:40990 189.176µs
2025/06/24 21:53:06 [GET] / 192.168.10.12:40990 182.078µs
2025/06/24 21:53:06 [GET] /style.css 192.168.10.12:59284 181.532µs
2025/06/24 21:53:06 [GET] /style.css 192.168.10.12:59318 135.115µs
2025/06/24 21:53:07 [GET] /style.css 192.168.10.12:40990 158.689µs
2025/06/24 21:53:07 [GET] /js/app.js 192.168.10.12:59284 71.845µs
2025/06/24 21:53:07 [GET] /js/app.js 192.168.10.12:59236 76.793µs
2025/06/24 21:53:07 [GET] /js/app.js 192.168.10.12:40992 110.67µs
2025/06/24 21:53:07 [GET] /style.css 192.168.10.12:40996 133.601µs
2025/06/24 21:53:07 [GET] /js/app.js 192.168.10.12:40984 71.48µs
2025/06/24 21:53:07 [GET] /js/db.js 192.168.10.12:59236 76.493µs
2025/06/24 21:53:07 [GET] /js/theme.js 192.168.10.12:59318 40.783µs
2025/06/24 21:53:07 [GET] /js/editor.js 192.168.10.12:59246 59.631µs
2025/06/24 21:53:07 [GET] /js/commands.js 192.168.10.12:59236 133.517µs
2025/06/24 21:53:07 [GET] /js/history.js 192.168.10.12:59246 64.183µs
2025/06/24 21:53:07 [GET] /js/modals.js 192.168.10.12:59318 265.822µs
2025/06/24 21:53:07 [GET] /js/export.js 192.168.10.12:59236 97.139µs
2025/06/24 21:53:07 [GET] /js/keybindings.js 192.168.10.12:59246 76.189µs
2025/06/24 21:53:07 [GET] /js/misc.js 192.168.10.12:59318 205.794µs
2025/06/24 21:53:07 [GET] /js/db.js 192.168.10.12:59284 97.886µs
2025/06/24 21:53:07 [GET] /js/modals.js 192.168.10.12:59298 118.224µs
2025/06/24 21:53:07 [GET] /js/theme.js 192.168.10.12:59258 43.269µs
2025/06/24 21:53:07 [GET] /js/history.js 192.168.10.12:59248 71.083µs
2025/06/24 21:53:07 [GET] /js/editor.js 192.168.10.12:59290 57.376µs
2025/06/24 21:53:07 [GET] /js/db.js 192.168.10.12:40996 35.858µs
2025/06/24 21:53:07 [GET] /js/commands.js 192.168.10.12:59294 54.876µs
2025/06/24 21:53:07 [GET] /js/theme.js 192.168.10.12:40984 77.095µs
2025/06/24 21:53:07 [GET] /js/editor.js 192.168.10.12:40990 425.708µs
2025/06/24 21:53:07 [GET] /js/commands.js 192.168.10.12:40968 80.881µs
2025/06/24 21:53:07 [GET] /js/modals.js 192.168.10.12:40956 67.662µs
2025/06/24 21:53:07 [GET] /js/history.js 192.168.10.12:40992 1.765608ms
2025/06/24 21:53:07 [GET] /js/ui.js 192.168.10.12:59246 105.275µs
2025/06/24 21:53:07 [GET] /js/export.js 192.168.10.12:59284 108.053µs
2025/06/24 21:53:07 [GET] /js/keybindings.js 192.168.10.12:59258 70.228µs
2025/06/24 21:53:07 [GET] /js/export.js 192.168.10.12:40996 88.876µs
2025/06/24 21:53:07 [GET] /js/keybindings.js 192.168.10.12:40984 64.943µs
2025/06/24 21:53:07 [GET] /js/misc.js 192.168.10.12:59298 829.456µs
2025/06/24 21:53:07 [GET] /js/ui.js 192.168.10.12:59248 116.591µs
2025/06/24 21:53:07 [GET] /js/misc.js 192.168.10.12:40990 102.719µs
2025/06/24 21:53:07 [GET] /js/ui.js 192.168.10.12:40968 101.79µs
2025/06/24 21:53:07 [GET] /js/db.js 192.168.10.12:40996 73.168µs
2025/06/24 21:53:07 [GET] /js/theme.js 192.168.10.12:40984 725.53µs
2025/06/24 21:53:07 [GET] /js/editor.js 192.168.10.12:40984 97.611µs
2025/06/24 21:53:07 [GET] /js/modals.js 192.168.10.12:40968 61.035µs
2025/06/24 21:53:07 [GET] /js/history.js 192.168.10.12:40996 62.255µs
2025/06/24 21:53:07 [GET] /js/commands.js 192.168.10.12:40996 77.425µs
2025/06/24 21:53:07 [GET] /js/export.js 192.168.10.12:40968 105.299µs
2025/06/24 21:53:07 [GET] /js/keybindings.js 192.168.10.12:40996 61.724µs
2025/06/24 21:53:07 [GET] /js/misc.js 192.168.10.12:40968 95.967µs
2025/06/24 21:53:07 [GET] /js/ui.js 192.168.10.12:40984 51.843µs
2025/06/24 21:53:18 Mudança detectada em www/style.css, enviando css-update
2025/06/24 21:53:18 [GET] / 192.168.10.12:59246 165.06µs
2025/06/24 21:53:18 [GET] / 192.168.10.12:59248 257.051µs
2025/06/24 21:53:18 [GET] / 192.168.10.12:40984 162.247µs
2025/06/24 21:53:18 [GET] / 192.168.10.12:40968 165.47µs
2025/06/24 21:53:18 [GET] /style.css 192.168.10.12:59246 110.806µs
2025/06/24 21:53:18 [GET] /js/app.js 192.168.10.12:59246 91.693µs
2025/06/24 21:53:18 [GET] /style.css 192.168.10.12:59248 114.879µs
2025/06/24 21:53:18 [GET] /style.css 192.168.10.12:40968 149.943µs
2025/06/24 21:53:18 [GET] /js/app.js 192.168.10.12:59298 1.029758ms
2025/06/24 21:53:18 [GET] /js/app.js 192.168.10.12:40984 73.82µs
2025/06/24 21:53:18 [GET] /style.css 192.168.10.12:40996 148.391µs
2025/06/24 21:53:18 [GET] /js/app.js 192.168.10.12:40990 76.141µs
2025/06/24 21:53:18 [GET] /js/db.js 192.168.10.12:59246 94.539µs
2025/06/24 21:53:18 [GET] /js/theme.js 192.168.10.12:59318 220.608µs
2025/06/24 21:53:18 [GET] /js/editor.js 192.168.10.12:59236 102.905µs
2025/06/24 21:53:18 [GET] /js/db.js 192.168.10.12:40996 105.613µs
2025/06/24 21:53:18 [GET] /js/theme.js 192.168.10.12:40990 71.435µs
2025/06/24 21:53:18 [GET] /js/editor.js 192.168.10.12:40968 90.17µs
2025/06/24 21:53:18 [GET] /js/history.js 192.168.10.12:59318 137.037µs
2025/06/24 21:53:18 [GET] /js/modals.js 192.168.10.12:59246 137.572µs
2025/06/24 21:53:18 [GET] /js/commands.js 192.168.10.12:59236 118.727µs
2025/06/24 21:53:18 [GET] /js/theme.js 192.168.10.12:40992 93.676µs
2025/06/24 21:53:18 [GET] /js/history.js 192.168.10.12:40984 69.697µs
2025/06/24 21:53:18 [GET] /js/db.js 192.168.10.12:40996 35.702µs
2025/06/24 21:53:18 [GET] /js/modals.js 192.168.10.12:40990 58.535µs
2025/06/24 21:53:18 [GET] /js/editor.js 192.168.10.12:40956 199.344µs
2025/06/24 21:53:18 [GET] /js/db.js 192.168.10.12:59248 80.743µs
2025/06/24 21:53:18 [GET] /js/theme.js 192.168.10.12:59298 50.275µs
2025/06/24 21:53:18 [GET] /js/commands.js 192.168.10.12:59290 122.631µs
2025/06/24 21:53:18 [GET] /js/modals.js 192.168.10.12:59294 59.995µs
2025/06/24 21:53:18 [GET] /js/history.js 192.168.10.12:59258 60.64µs
2025/06/24 21:53:18 [GET] /js/editor.js 192.168.10.12:59284 74.546µs
2025/06/24 21:53:18 [GET] /js/export.js 192.168.10.12:59236 82.909µs
2025/06/24 21:53:18 [GET] /js/keybindings.js 192.168.10.12:59246 45.056µs
2025/06/24 21:53:18 [GET] /js/commands.js 192.168.10.12:40968 71.74µs
2025/06/24 21:53:18 [GET] /js/misc.js 192.168.10.12:59318 127.041µs
2025/06/24 21:53:18 [GET] /js/modals.js 192.168.10.12:40992 121.397µs
2025/06/24 21:53:18 [GET] /js/history.js 192.168.10.12:40996 71.32µs
2025/06/24 21:53:18 [GET] /js/misc.js 192.168.10.12:59290 139.429µs
2025/06/24 21:53:18 [GET] /js/keybindings.js 192.168.10.12:59298 35.963µs
2025/06/24 21:53:18 [GET] /js/export.js 192.168.10.12:59248 62.495µs
2025/06/24 21:53:18 [GET] /js/keybindings.js 192.168.10.12:40990 28.912µs
2025/06/24 21:53:18 [GET] /js/commands.js 192.168.10.12:40984 56.351µs
2025/06/24 21:53:18 [GET] /js/export.js 192.168.10.12:40956 56.435µs
2025/06/24 21:53:18 [GET] /js/ui.js 192.168.10.12:59294 4.025345ms
2025/06/24 21:53:18 [GET] /js/misc.js 192.168.10.12:40996 142.681µs
2025/06/24 21:53:18 [GET] /js/ui.js 192.168.10.12:59318 52.884µs
2025/06/24 21:53:18 [GET] /js/export.js 192.168.10.12:40990 113.077µs
2025/06/24 21:53:18 [GET] /js/keybindings.js 192.168.10.12:40992 68.275µs
2025/06/24 21:53:18 [GET] /js/ui.js 192.168.10.12:40968 104.356µs
2025/06/24 21:53:18 [GET] /js/misc.js 192.168.10.12:40956 114.882µs
2025/06/24 21:53:18 [GET] /js/ui.js 192.168.10.12:40996 93.444µs
2025/06/24 21:54:36 Mudança detectada em www/style.css, enviando css-update
2025/06/24 21:54:36 [GET] / 192.168.10.12:59318 202.425µs
2025/06/24 21:54:36 [GET] / 192.168.10.12:59294 198.816µs
2025/06/24 21:54:36 [GET] / 192.168.10.12:40996 208.299µs
2025/06/24 21:54:37 [GET] / 192.168.10.12:40996 5.295601ms
2025/06/24 21:54:37 [GET] /style.css 192.168.10.12:59294 144.543µs
2025/06/24 21:54:37 [GET] /style.css 192.168.10.12:40996 105.201µs
2025/06/24 21:54:37 [GET] /js/app.js 192.168.10.12:59294 66.52µs
2025/06/24 21:54:37 [GET] /style.css 192.168.10.12:59318 75.618µs
2025/06/24 21:54:37 [GET] /js/app.js 192.168.10.12:40996 43.728µs
2025/06/24 21:54:37 [GET] /style.css 192.168.10.12:40956 147.322µs
2025/06/24 21:54:37 [GET] /js/app.js 192.168.10.12:59236 84.01µs
2025/06/24 21:54:37 [GET] /js/app.js 192.168.10.12:40968 80.258µs
2025/06/24 21:54:37 [GET] /js/db.js 192.168.10.12:59236 82.49µs
2025/06/24 21:54:37 [GET] /js/theme.js 192.168.10.12:59318 35.581µs
2025/06/24 21:54:37 [GET] /js/editor.js 192.168.10.12:59246 55.536µs
2025/06/24 21:54:37 [GET] /js/history.js 192.168.10.12:59246 147.117µs
2025/06/24 21:54:37 [GET] /js/modals.js 192.168.10.12:59318 107.848µs
2025/06/24 21:54:37 [GET] /js/commands.js 192.168.10.12:59236 88.852µs
2025/06/24 21:54:37 [GET] /js/db.js 192.168.10.12:59294 72.606µs
2025/06/24 21:54:37 [GET] /js/theme.js 192.168.10.12:59248 46.166µs
2025/06/24 21:54:37 [GET] /js/editor.js 192.168.10.12:59290 77.432µs
2025/06/24 21:54:37 [GET] /js/modals.js 192.168.10.12:59284 106.901µs
2025/06/24 21:54:37 [GET] /js/commands.js 192.168.10.12:59258 91.359µs
2025/06/24 21:54:37 [GET] /js/history.js 192.168.10.12:59298 653.673µs
2025/06/24 21:54:37 [GET] /js/export.js 192.168.10.12:59246 124.464µs
2025/06/24 21:54:37 [GET] /js/db.js 192.168.10.12:40956 49.964µs
2025/06/24 21:54:37 [GET] /js/theme.js 192.168.10.12:40968 88.025µs
2025/06/24 21:54:37 [GET] /js/editor.js 192.168.10.12:40996 118.627µs
2025/06/24 21:54:37 [GET] /js/history.js 192.168.10.12:40990 74.124µs
2025/06/24 21:54:37 [GET] /js/commands.js 192.168.10.12:40984 138.66µs
2025/06/24 21:54:37 [GET] /js/modals.js 192.168.10.12:40992 152.647µs
2025/06/24 21:54:37 [GET] /js/misc.js 192.168.10.12:59236 126.818µs
2025/06/24 21:54:37 [GET] /js/keybindings.js 192.168.10.12:59318 37.229µs
2025/06/24 21:54:37 [GET] /js/export.js 192.168.10.12:40956 123.119µs
2025/06/24 21:54:37 [GET] /js/ui.js 192.168.10.12:59246 63.584µs
2025/06/24 21:54:37 [GET] /js/keybindings.js 192.168.10.12:59248 34.383µs
2025/06/24 21:54:37 [GET] /js/export.js 192.168.10.12:59294 71.141µs
2025/06/24 21:54:37 [GET] /js/keybindings.js 192.168.10.12:40968 73.75µs
2025/06/24 21:54:37 [GET] /js/misc.js 192.168.10.12:59290 79.874µs
2025/06/24 21:54:37 [GET] /js/ui.js 192.168.10.12:59284 55.006µs
2025/06/24 21:54:37 [GET] /js/misc.js 192.168.10.12:40996 104.247µs
2025/06/24 21:54:37 [GET] /js/ui.js 192.168.10.12:40990 69.676µs
2025/06/24 21:54:37 [GET] /js/db.js 192.168.10.12:40984 49.092µs
2025/06/24 21:54:37 [GET] /js/theme.js 192.168.10.12:40992 47.991µs
2025/06/24 21:54:37 [GET] /js/history.js 192.168.10.12:40984 99.142µs
2025/06/24 21:54:37 [GET] /js/editor.js 192.168.10.12:40968 57.737µs
2025/06/24 21:54:37 [GET] /js/modals.js 192.168.10.12:40992 55.165µs
2025/06/24 21:54:37 [GET] /js/commands.js 192.168.10.12:40992 112.258µs
2025/06/24 21:54:37 [GET] /js/export.js 192.168.10.12:40968 90.074µs
2025/06/24 21:54:37 [GET] /js/keybindings.js 192.168.10.12:40984 65.198µs
2025/06/24 21:54:37 [GET] /js/misc.js 192.168.10.12:40984 136.729µs
2025/06/24 21:54:37 [GET] /js/ui.js 192.168.10.12:40984 139.302µs
2025/06/24 21:54:38 [GET] / 192.168.10.12:40984 1.192843ms
2025/06/24 21:54:38 [GET] /style.css 192.168.10.12:40984 188.62µs
2025/06/24 21:54:38 [GET] /js/app.js 192.168.10.12:40968 108.898µs
2025/06/24 21:54:38 [GET] /js/db.js 192.168.10.12:40968 85.415µs
2025/06/24 21:54:38 [GET] /js/theme.js 192.168.10.12:40984 76.342µs
2025/06/24 21:54:38 [GET] /js/editor.js 192.168.10.12:40992 82.846µs
2025/06/24 21:54:38 [GET] /js/history.js 192.168.10.12:40990 97.008µs
2025/06/24 21:54:38 [GET] /js/modals.js 192.168.10.12:40996 66.229µs
2025/06/24 21:54:38 [GET] /js/commands.js 192.168.10.12:40956 59.497µs
2025/06/24 21:54:38 [GET] /js/export.js 192.168.10.12:40968 144.068µs
2025/06/24 21:54:38 [GET] /js/ui.js 192.168.10.12:40990 64.807µs
2025/06/24 21:54:38 [GET] /js/keybindings.js 192.168.10.12:40984 32.012µs
2025/06/24 21:54:38 [GET] /js/misc.js 192.168.10.12:40992 379.056µs
2025/06/24 21:54:38 [GET] / 192.168.10.12:40992 281.053µs
2025/06/24 21:54:38 [GET] /style.css 192.168.10.12:40992 116.99µs
2025/06/24 21:54:38 [GET] /js/app.js 192.168.10.12:40990 68.228µs
2025/06/24 21:54:38 [GET] /js/db.js 192.168.10.12:40992 72.254µs
2025/06/24 21:54:38 [GET] /js/theme.js 192.168.10.12:40990 83.85µs
2025/06/24 21:54:38 [GET] /js/editor.js 192.168.10.12:40968 71.092µs
2025/06/24 21:54:38 [GET] /js/history.js 192.168.10.12:40984 106.31µs
2025/06/24 21:54:38 [GET] /js/modals.js 192.168.10.12:40956 66.044µs
2025/06/24 21:54:38 [GET] /js/commands.js 192.168.10.12:40996 92.362µs
2025/06/24 21:54:38 [GET] /js/export.js 192.168.10.12:40992 96.21µs
2025/06/24 21:54:38 [GET] /js/keybindings.js 192.168.10.12:40990 37.064µs
2025/06/24 21:54:38 [GET] /js/misc.js 192.168.10.12:40968 61.879µs
2025/06/24 21:54:38 [GET] /js/ui.js 192.168.10.12:40984 69.402µs
2025/06/24 21:54:39 [GET] / 192.168.10.12:40984 227.196µs
2025/06/24 21:54:39 [GET] /style.css 192.168.10.12:40984 117.481µs
2025/06/24 21:54:39 [GET] /js/app.js 192.168.10.12:40968 83.177µs
2025/06/24 21:54:39 [GET] /js/db.js 192.168.10.12:40984 75.216µs
2025/06/24 21:54:39 [GET] /js/theme.js 192.168.10.12:40968 63.31µs
2025/06/24 21:54:39 [GET] /js/editor.js 192.168.10.12:40992 61.347µs
2025/06/24 21:54:39 [GET] /js/history.js 192.168.10.12:40990 59.35µs
2025/06/24 21:54:39 [GET] /js/modals.js 192.168.10.12:40996 93.587µs
2025/06/24 21:54:39 [GET] /js/commands.js 192.168.10.12:40956 72.735µs
2025/06/24 21:54:39 [GET] /js/export.js 192.168.10.12:40984 100.594µs
2025/06/24 21:54:39 [GET] /js/keybindings.js 192.168.10.12:40968 30.323µs
2025/06/24 21:54:39 [GET] /js/misc.js 192.168.10.12:40992 50.058µs
2025/06/24 21:54:39 [GET] /js/ui.js 192.168.10.12:40990 60.395µs
2025/06/24 21:54:45 [GET] / 192.168.10.12:59284 161.7µs
2025/06/24 21:54:45 [GET] /style.css 192.168.10.12:59284 120.656µs
2025/06/24 21:54:45 [GET] /js/app.js 192.168.10.12:59284 103.891µs
2025/06/24 21:54:45 [GET] /js/db.js 192.168.10.12:59284 80.374µs
2025/06/24 21:54:45 [GET] /js/editor.js 192.168.10.12:59294 68.156µs
2025/06/24 21:54:45 [GET] /js/theme.js 192.168.10.12:59290 44.156µs
2025/06/24 21:54:45 [GET] /js/history.js 192.168.10.12:59294 106.055µs
2025/06/24 21:54:45 [GET] /js/modals.js 192.168.10.12:59290 63.867µs
2025/06/24 21:54:45 [GET] /js/commands.js 192.168.10.12:59284 69.522µs
2025/06/24 21:54:45 [GET] /js/export.js 192.168.10.12:59284 120.834µs
2025/06/24 21:54:45 [GET] /js/keybindings.js 192.168.10.12:59290 70.8µs
2025/06/24 21:54:45 [GET] /js/misc.js 192.168.10.12:59294 109.787µs
2025/06/24 21:54:45 [GET] /js/ui.js 192.168.10.12:59284 92.728µs
2025/06/24 21:57:21 Mudança detectada em www/index.html, enviando reload
2025/06/24 21:57:21 [GET] / 192.168.10.12:40990 179.318µs
2025/06/24 21:57:21 [GET] / 192.168.10.12:59246 185.961µs
2025/06/24 21:57:21 [GET] / 192.168.10.12:59284 152.173µs
2025/06/24 21:57:21 [GET] / 192.168.10.12:40992 494.428µs
2025/06/24 21:57:21 [GET] /style.css 192.168.10.12:40992 102.822µs
2025/06/24 21:57:21 [GET] /js/app.js 192.168.10.12:40992 129.969µs
2025/06/24 21:57:21 [GET] /style.css 192.168.10.12:59246 315.748µs
2025/06/24 21:57:21 [GET] /js/app.js 192.168.10.12:59236 35.019µs
2025/06/24 21:57:21 [GET] /js/app.js 192.168.10.12:40990 31.052µs
2025/06/24 21:57:21 [GET] /style.css 192.168.10.12:59284 431.768µs
2025/06/24 21:57:21 [GET] /style.css 192.168.10.12:40992 750.662µs
2025/06/24 21:57:21 [GET] /js/app.js 192.168.10.12:59294 356.999µs
2025/06/24 21:57:21 [GET] /js/editor.js 192.168.10.12:40984 83.186µs
2025/06/24 21:57:21 [GET] /js/db.js 192.168.10.12:40992 410.964µs
2025/06/24 21:57:21 [GET] /js/theme.js 192.168.10.12:40990 353.99µs
2025/06/24 21:57:21 [GET] /js/commands.js 192.168.10.12:40992 85.429µs
2025/06/24 21:57:21 [GET] /js/modals.js 192.168.10.12:40990 55.488µs
2025/06/24 21:57:21 [GET] /js/history.js 192.168.10.12:40984 51.154µs
2025/06/24 21:57:21 [GET] /js/export.js 192.168.10.12:40984 141.432µs
2025/06/24 21:57:21 [GET] /js/keybindings.js 192.168.10.12:40990 70.912µs
2025/06/24 21:57:21 [GET] /js/misc.js 192.168.10.12:40992 97.555µs
2025/06/24 21:57:21 [GET] /js/db.js 192.168.10.12:59246 74.826µs
2025/06/24 21:57:21 [GET] /js/theme.js 192.168.10.12:59236 99.478µs
2025/06/24 21:57:21 [GET] /js/editor.js 192.168.10.12:59318 185.067µs
2025/06/24 21:57:21 [GET] /js/ui.js 192.168.10.12:40984 111.281µs
2025/06/24 21:57:21 [GET] /js/history.js 192.168.10.12:59318 133.022µs
2025/06/24 21:57:21 [GET] /js/history.js 192.168.10.12:59248 104.555µs
2025/06/24 21:57:21 [GET] /js/theme.js 192.168.10.12:59284 48.925µs
2025/06/24 21:57:21 [GET] /js/db.js 192.168.10.12:59294 37.325µs
2025/06/24 21:57:21 [GET] /js/commands.js 192.168.10.12:59246 47.429µs
2025/06/24 21:57:21 [GET] /js/commands.js 192.168.10.12:59258 54.593µs
2025/06/24 21:57:21 [GET] /js/modals.js 192.168.10.12:59298 53.203µs
2025/06/24 21:57:21 [GET] /js/modals.js 192.168.10.12:59236 155.376µs
2025/06/24 21:57:21 [GET] /js/editor.js 192.168.10.12:59290 2.045337ms
2025/06/24 21:57:21 [GET] /js/export.js 192.168.10.12:59318 120.113µs
2025/06/24 21:57:21 [GET] /js/export.js 192.168.10.12:59248 120.246µs
2025/06/24 21:57:21 [GET] /js/misc.js 192.168.10.12:59294 127.121µs
2025/06/24 21:57:21 [GET] /js/keybindings.js 192.168.10.12:59284 36.814µs
2025/06/24 21:57:21 [GET] /js/keybindings.js 192.168.10.12:59246 26.533µs
2025/06/24 21:57:21 [GET] /js/misc.js 192.168.10.12:59236 103.132µs
2025/06/24 21:57:21 [GET] /js/ui.js 192.168.10.12:59258 119.273µs
2025/06/24 21:57:21 [GET] /js/history.js 192.168.10.12:40968 128.219µs
2025/06/24 21:57:21 [GET] /js/ui.js 192.168.10.12:59318 63.899µs
2025/06/24 21:57:21 [GET] /js/editor.js 192.168.10.12:40990 54.413µs
2025/06/24 21:57:21 [GET] /js/theme.js 192.168.10.12:40992 35.419µs
2025/06/24 21:57:21 [GET] /js/db.js 192.168.10.12:40984 32.404µs
2025/06/24 21:57:21 [GET] /js/commands.js 192.168.10.12:40996 48.966µs
2025/06/24 21:57:21 [GET] /js/modals.js 192.168.10.12:40956 46.875µs
2025/06/24 21:57:21 [GET] /js/export.js 192.168.10.12:40992 127.969µs
2025/06/24 21:57:21 [GET] /js/keybindings.js 192.168.10.12:40984 54.76µs
2025/06/24 21:57:21 [GET] /js/misc.js 192.168.10.12:40968 130.362µs
2025/06/24 21:57:21 [GET] /js/ui.js 192.168.10.12:40990 59.196µs
2025/06/24 21:57:23 [GET] / 192.168.10.12:40990 192.632µs
2025/06/24 21:57:23 [GET] /style.css 192.168.10.12:40990 101.037µs
2025/06/24 21:57:23 [GET] /js/app.js 192.168.10.12:40968 63.705µs
2025/06/24 21:57:23 [GET] /js/db.js 192.168.10.12:40968 76.531µs
2025/06/24 21:57:23 [GET] /js/theme.js 192.168.10.12:40990 44.61µs
2025/06/24 21:57:23 [GET] /js/editor.js 192.168.10.12:40992 60.742µs
2025/06/24 21:57:23 [GET] /js/history.js 192.168.10.12:40984 60.666µs
2025/06/24 21:57:23 [GET] /js/modals.js 192.168.10.12:40956 105.029µs
2025/06/24 21:57:23 [GET] /js/commands.js 192.168.10.12:40996 69.745µs
2025/06/24 21:57:23 [GET] /js/export.js 192.168.10.12:40968 122.247µs
2025/06/24 21:57:23 [GET] /js/keybindings.js 192.168.10.12:40990 51.037µs
2025/06/24 21:57:23 [GET] /js/misc.js 192.168.10.12:40992 60.902µs
2025/06/24 21:57:23 [GET] /js/ui.js 192.168.10.12:40984 59.377µs
2025/06/24 21:57:23 [GET] / 192.168.10.12:40984 346.546µs
2025/06/24 21:57:23 [GET] /style.css 192.168.10.12:40984 227.037µs
2025/06/24 21:57:23 [GET] /js/app.js 192.168.10.12:40984 124.603µs
2025/06/24 21:57:23 [GET] /js/theme.js 192.168.10.12:40992 54.851µs
2025/06/24 21:57:23 [GET] /js/db.js 192.168.10.12:40984 90.559µs
2025/06/24 21:57:23 [GET] /js/editor.js 192.168.10.12:40968 71.932µs
2025/06/24 21:57:23 [GET] /js/history.js 192.168.10.12:40990 71.163µs
2025/06/24 21:57:23 [GET] /js/commands.js 192.168.10.12:40956 66.19µs
2025/06/24 21:57:23 [GET] /js/modals.js 192.168.10.12:40996 263.814µs
2025/06/24 21:57:23 [GET] /js/export.js 192.168.10.12:40992 99.176µs
2025/06/24 21:57:23 [GET] /js/keybindings.js 192.168.10.12:40984 34.72µs
2025/06/24 21:57:23 [GET] /js/misc.js 192.168.10.12:40968 51.307µs
2025/06/24 21:57:23 [GET] /js/ui.js 192.168.10.12:40990 123.116µs
2025/06/24 22:00:42 Mudança detectada em www/style.css, enviando css-update
2025/06/24 22:00:42 [GET] / 192.168.10.12:59318 181.842µs
2025/06/24 22:00:42 [GET] / 192.168.10.12:59258 173.432µs
2025/06/24 22:00:42 [GET] / 192.168.10.12:40990 215.557µs
2025/06/24 22:00:42 [GET] / 192.168.10.12:40968 167.698µs
2025/06/24 22:00:42 [GET] /style.css 192.168.10.12:59318 124.001µs
2025/06/24 22:00:42 [GET] /js/app.js 192.168.10.12:59294 79.124µs
2025/06/24 22:00:42 [GET] /js/app.js 192.168.10.12:59318 33.474µs
2025/06/24 22:00:42 [GET] /js/app.js 192.168.10.12:40990 79.074µs
2025/06/24 22:00:42 [GET] /style.css 192.168.10.12:40968 80.76µs
2025/06/24 22:00:42 [GET] /style.css 192.168.10.12:59258 77.033µs
2025/06/24 22:00:42 [GET] /js/app.js 192.168.10.12:40992 69.93µs
2025/06/24 22:00:42 [GET] /style.css 192.168.10.12:40984 112.064µs
2025/06/24 22:00:42 [GET] /js/db.js 192.168.10.12:59318 81.348µs
2025/06/24 22:00:42 [GET] /js/theme.js 192.168.10.12:59236 44.701µs
2025/06/24 22:00:42 [GET] /js/editor.js 192.168.10.12:59246 65.8µs
2025/06/24 22:00:42 [GET] /js/history.js 192.168.10.12:59236 120.742µs
2025/06/24 22:00:42 [GET] /js/modals.js 192.168.10.12:59318 105.904µs
2025/06/24 22:00:42 [GET] /js/commands.js 192.168.10.12:59246 110.558µs
2025/06/24 22:00:42 [GET] /js/keybindings.js 192.168.10.12:59236 71.795µs
2025/06/24 22:00:42 [GET] /js/export.js 192.168.10.12:59318 62.048µs
2025/06/24 22:00:42 [GET] /js/editor.js 192.168.10.12:40992 57.67µs
2025/06/24 22:00:42 [GET] /js/theme.js 192.168.10.12:40968 37.58µs
2025/06/24 22:00:42 [GET] /js/db.js 192.168.10.12:40984 36.05µs
2025/06/24 22:00:42 [GET] /js/misc.js 192.168.10.12:59246 120.713µs
2025/06/24 22:00:42 [GET] /js/ui.js 192.168.10.12:59236 145.257µs
2025/06/24 22:00:42 [GET] /js/modals.js 192.168.10.12:40968 139.014µs
2025/06/24 22:00:42 [GET] /js/history.js 192.168.10.12:40984 57.236µs
2025/06/24 22:00:42 [GET] /js/commands.js 192.168.10.12:40992 52.25µs
2025/06/24 22:00:42 [GET] /js/db.js 192.168.10.12:59258 83.447µs
2025/06/24 22:00:42 [GET] /js/theme.js 192.168.10.12:59294 35.023µs
2025/06/24 22:00:42 [GET] /js/editor.js 192.168.10.12:59248 81.594µs
2025/06/24 22:00:42 [GET] /js/history.js 192.168.10.12:59284 130.465µs
2025/06/24 22:00:42 [GET] /js/modals.js 192.168.10.12:59290 63.361µs
2025/06/24 22:00:42 [GET] /js/commands.js 192.168.10.12:59298 149.206µs
2025/06/24 22:00:42 [GET] /js/export.js 192.168.10.12:40968 118.588µs
2025/06/24 22:00:42 [GET] /js/ui.js 192.168.10.12:59284 141.487µs
2025/06/24 22:00:42 [GET] /js/keybindings.js 192.168.10.12:59294 32.772µs
2025/06/24 22:00:42 [GET] /js/export.js 192.168.10.12:59258 61.288µs
2025/06/24 22:00:42 [GET] /js/misc.js 192.168.10.12:59248 51.586µs
2025/06/24 22:00:42 [GET] /js/misc.js 192.168.10.12:40984 48.482µs
2025/06/24 22:00:42 [GET] /js/keybindings.js 192.168.10.12:40992 26.859µs
2025/06/24 22:00:42 [GET] /js/ui.js 192.168.10.12:40968 126.665µs
2025/06/24 22:00:42 [GET] /js/theme.js 192.168.10.12:40984 54.35µs
2025/06/24 22:00:42 [GET] /js/db.js 192.168.10.12:40968 120.091µs
2025/06/24 22:00:42 [GET] /js/history.js 192.168.10.12:40990 79.577µs
2025/06/24 22:00:42 [GET] /js/editor.js 192.168.10.12:40992 56.447µs
2025/06/24 22:00:42 [GET] /js/modals.js 192.168.10.12:40996 50.852µs
2025/06/24 22:00:42 [GET] /js/commands.js 192.168.10.12:40956 120.832µs
2025/06/24 22:00:42 [GET] /js/ui.js 192.168.10.12:40992 127.89µs
2025/06/24 22:00:42 [GET] /js/misc.js 192.168.10.12:40990 63.538µs
2025/06/24 22:00:42 [GET] /js/keybindings.js 192.168.10.12:40968 33.493µs
2025/06/24 22:00:42 [GET] /js/export.js 192.168.10.12:40984 56.335µs
2025/06/24 22:00:59 Mudança detectada em www/style.css, enviando css-update
2025/06/24 22:00:59 [GET] / 192.168.10.12:59236 173.131µs
2025/06/24 22:00:59 [GET] / 192.168.10.12:40984 342.294µs
2025/06/24 22:00:59 [GET] / 192.168.10.12:59248 160.412µs
2025/06/24 22:00:59 [GET] / 192.168.10.12:40984 287.046µs
2025/06/24 22:00:59 [GET] /style.css 192.168.10.12:59236 150.963µs
2025/06/24 22:00:59 [GET] /js/app.js 192.168.10.12:40990 65.461µs
2025/06/24 22:00:59 [GET] /js/app.js 192.168.10.12:59246 65.514µs
2025/06/24 22:00:59 [GET] /style.css 192.168.10.12:59248 68.31µs
2025/06/24 22:00:59 [GET] /style.css 192.168.10.12:40984 57.563µs
2025/06/24 22:00:59 [GET] /js/app.js 192.168.10.12:59258 39.315µs
2025/06/24 22:00:59 [GET] /js/app.js 192.168.10.12:40992 70.603µs
2025/06/24 22:00:59 [GET] /style.css 192.168.10.12:40968 77.249µs
2025/06/24 22:00:59 [GET] /js/db.js 192.168.10.12:59248 88.664µs
2025/06/24 22:00:59 [GET] /js/theme.js 192.168.10.12:59258 85.13µs
2025/06/24 22:00:59 [GET] /js/editor.js 192.168.10.12:59284 116.012µs
2025/06/24 22:00:59 [GET] /js/history.js 192.168.10.12:59294 508.035µs
2025/06/24 22:00:59 [GET] /js/modals.js 192.168.10.12:59298 120.787µs
2025/06/24 22:00:59 [GET] /js/commands.js 192.168.10.12:59290 140.946µs
2025/06/24 22:00:59 [GET] /js/db.js 192.168.10.12:40968 90.991µs
2025/06/24 22:00:59 [GET] /js/theme.js 192.168.10.12:40992 102.863µs
2025/06/24 22:00:59 [GET] /js/editor.js 192.168.10.12:40984 194.87µs
2025/06/24 22:00:59 [GET] /js/export.js 192.168.10.12:59248 132.271µs
2025/06/24 22:00:59 [GET] /js/keybindings.js 192.168.10.12:59258 67.83µs
2025/06/24 22:00:59 [GET] /js/modals.js 192.168.10.12:40968 85.053µs
2025/06/24 22:00:59 [GET] /js/history.js 192.168.10.12:40992 308.077µs
2025/06/24 22:00:59 [GET] /js/db.js 192.168.10.12:40984 79.617µs
2025/06/24 22:00:59 [GET] /js/db.js 192.168.10.12:59246 35.605µs
2025/06/24 22:00:59 [GET] /js/ui.js 192.168.10.12:59294 49.366µs
2025/06/24 22:00:59 [GET] /js/misc.js 192.168.10.12:59284 45.894µs
2025/06/24 22:00:59 [GET] /js/editor.js 192.168.10.12:59318 129.342µs
2025/06/24 22:00:59 [GET] /js/theme.js 192.168.10.12:59236 32.436µs
2025/06/24 22:00:59 [GET] /js/theme.js 192.168.10.12:40990 88.204µs
2025/06/24 22:00:59 [GET] /js/commands.js 192.168.10.12:40996 55.885µs
2025/06/24 22:00:59 [GET] /js/editor.js 192.168.10.12:40956 82.955µs
2025/06/24 22:00:59 [GET] /js/history.js 192.168.10.12:40984 288.798µs
2025/06/24 22:00:59 [GET] /js/history.js 192.168.10.12:59236 142.711µs
2025/06/24 22:00:59 [GET] /js/export.js 192.168.10.12:40992 137.351µs
2025/06/24 22:00:59 [GET] /js/modals.js 192.168.10.12:59246 117.559µs
2025/06/24 22:00:59 [GET] /js/misc.js 192.168.10.12:40996 107.273µs
2025/06/24 22:00:59 [GET] /js/modals.js 192.168.10.12:40990 57.139µs
2025/06/24 22:00:59 [GET] /js/commands.js 192.168.10.12:40956 48.07µs
2025/06/24 22:00:59 [GET] /js/commands.js 192.168.10.12:59318 57.694µs
2025/06/24 22:00:59 [GET] /js/keybindings.js 192.168.10.12:40968 27.998µs
2025/06/24 22:00:59 [GET] /js/ui.js 192.168.10.12:40956 103.163µs
2025/06/24 22:00:59 [GET] /js/export.js 192.168.10.12:40990 69.477µs
2025/06/24 22:00:59 [GET] /js/export.js 192.168.10.12:59318 105.888µs
2025/06/24 22:00:59 [GET] /js/misc.js 192.168.10.12:59236 81.584µs
2025/06/24 22:00:59 [GET] /js/keybindings.js 192.168.10.12:59246 28.142µs
2025/06/24 22:00:59 [GET] /js/misc.js 192.168.10.12:40968 149.073µs
2025/06/24 22:00:59 [GET] /js/keybindings.js 192.168.10.12:40996 34.757µs
2025/06/24 22:00:59 [GET] /js/ui.js 192.168.10.12:40968 110.142µs
2025/06/24 22:00:59 [GET] /js/ui.js 192.168.10.12:59236 59.395µs
2025/06/24 22:02:27 Mudança detectada em www/style.css, enviando css-update
2025/06/24 22:02:27 [GET] / 192.168.10.12:59236 178.136µs
2025/06/24 22:02:27 [GET] / 192.168.10.12:59284 173.731µs
2025/06/24 22:02:27 [GET] / 192.168.10.12:40968 190.494µs
2025/06/24 22:02:27 [GET] / 192.168.10.12:40968 232.884µs
2025/06/24 22:02:27 [GET] /style.css 192.168.10.12:59236 118.546µs
2025/06/24 22:02:27 [GET] /style.css 192.168.10.12:40968 76.661µs
2025/06/24 22:02:27 [GET] /style.css 192.168.10.12:59284 135.053µs
2025/06/24 22:02:27 [GET] /style.css 192.168.10.12:40996 140.873µs
2025/06/24 22:02:27 [GET] /js/app.js 192.168.10.12:40990 106.955µs
2025/06/24 22:02:27 [GET] /js/app.js 192.168.10.12:59318 40.287µs
2025/06/24 22:02:27 [GET] /js/app.js 192.168.10.12:59294 80.652µs
2025/06/24 22:02:27 [GET] /js/app.js 192.168.10.12:40956 78.953µs
2025/06/24 22:02:27 [GET] /js/db.js 192.168.10.12:40956 94.483µs
2025/06/24 22:02:27 [GET] /js/theme.js 192.168.10.12:40996 92.479µs
2025/06/24 22:02:27 [GET] /js/editor.js 192.168.10.12:40990 102.557µs
2025/06/24 22:02:27 [GET] /js/history.js 192.168.10.12:40968 143.105µs
2025/06/24 22:02:27 [GET] /js/modals.js 192.168.10.12:40992 127.7µs
2025/06/24 22:02:27 [GET] /js/commands.js 192.168.10.12:40984 1.002943ms
2025/06/24 22:02:27 [GET] /js/keybindings.js 192.168.10.12:40996 69.567µs
2025/06/24 22:02:27 [GET] /js/export.js 192.168.10.12:40956 69.145µs
2025/06/24 22:02:27 [GET] /js/db.js 192.168.10.12:59294 94.035µs
2025/06/24 22:02:27 [GET] /js/theme.js 192.168.10.12:59284 92.16µs
2025/06/24 22:02:27 [GET] /js/theme.js 192.168.10.12:59236 36.019µs
2025/06/24 22:02:27 [GET] /js/db.js 192.168.10.12:59318 39.206µs
2025/06/24 22:02:27 [GET] /js/editor.js 192.168.10.12:59246 124.88µs
2025/06/24 22:02:27 [GET] /js/misc.js 192.168.10.12:40990 59.002µs
2025/06/24 22:02:27 [GET] /js/ui.js 192.168.10.12:40968 106.124µs
2025/06/24 22:02:27 [GET] /js/db.js 192.168.10.12:40992 104.303µs
2025/06/24 22:02:27 [GET] /js/editor.js 192.168.10.12:59248 104.898µs
2025/06/24 22:02:27 [GET] /js/commands.js 192.168.10.12:59298 93.183µs
2025/06/24 22:02:27 [GET] /js/modals.js 192.168.10.12:59290 74.47µs
2025/06/24 22:02:27 [GET] /js/history.js 192.168.10.12:59258 610.636µs
2025/06/24 22:02:27 [GET] /js/theme.js 192.168.10.12:40984 87.183µs
2025/06/24 22:02:27 [GET] /js/editor.js 192.168.10.12:40996 136.207µs
2025/06/24 22:02:27 [GET] /js/modals.js 192.168.10.12:59236 72.456µs
2025/06/24 22:02:27 [GET] /js/history.js 192.168.10.12:59318 71.664µs
2025/06/24 22:02:27 [GET] /js/export.js 192.168.10.12:59294 62.966µs
2025/06/24 22:02:27 [GET] /js/history.js 192.168.10.12:40956 3.675177ms
2025/06/24 22:02:27 [GET] /js/keybindings.js 192.168.10.12:59284 71.776µs
2025/06/24 22:02:27 [GET] /js/modals.js 192.168.10.12:40984 81.718µs
2025/06/24 22:02:27 [GET] /js/misc.js 192.168.10.12:59248 53.642µs
2025/06/24 22:02:27 [GET] /js/commands.js 192.168.10.12:59246 780.116µs
2025/06/24 22:02:27 [GET] /js/ui.js 192.168.10.12:59298 100.966µs
2025/06/24 22:02:27 [GET] /js/commands.js 192.168.10.12:40996 102.217µs
2025/06/24 22:02:27 [GET] /js/keybindings.js 192.168.10.12:59318 77.626µs
2025/06/24 22:02:27 [GET] /js/export.js 192.168.10.12:59236 69.062µs
2025/06/24 22:02:27 [GET] /js/export.js 192.168.10.12:40956 71.642µs
2025/06/24 22:02:27 [GET] /js/keybindings.js 192.168.10.12:40984 83.727µs
2025/06/24 22:02:27 [GET] /js/misc.js 192.168.10.12:59246 113.055µs
2025/06/24 22:02:27 [GET] /js/ui.js 192.168.10.12:59318 117.461µs
2025/06/24 22:02:27 [GET] /js/misc.js 192.168.10.12:40996 90.503µs
2025/06/24 22:02:27 [GET] /js/ui.js 192.168.10.12:40996 116.011µs
2025/06/24 22:02:29 [GET] / 192.168.10.12:40996 178.275µs
2025/06/24 22:02:29 [GET] /style.css 192.168.10.12:40996 118.89µs
2025/06/24 22:02:29 [GET] /js/app.js 192.168.10.12:40996 76.286µs
2025/06/24 22:02:29 [GET] /js/db.js 192.168.10.12:40996 119.54µs
2025/06/24 22:02:29 [GET] /js/theme.js 192.168.10.12:40984 43.881µs
2025/06/24 22:02:29 [GET] /js/editor.js 192.168.10.12:40956 110.235µs
2025/06/24 22:02:29 [GET] /js/history.js 192.168.10.12:40968 71.662µs
2025/06/24 22:02:29 [GET] /js/modals.js 192.168.10.12:40990 98.018µs
2025/06/24 22:02:29 [GET] /js/commands.js 192.168.10.12:40992 75.479µs
2025/06/24 22:02:29 [GET] /js/export.js 192.168.10.12:40996 101.466µs
2025/06/24 22:02:29 [GET] /js/keybindings.js 192.168.10.12:40984 47.79µs
2025/06/24 22:02:29 [GET] /js/misc.js 192.168.10.12:40956 52.637µs
2025/06/24 22:02:29 [GET] /js/ui.js 192.168.10.12:40968 75.5µs
2025/06/24 22:02:29 [GET] / 192.168.10.12:40968 287.448µs
2025/06/24 22:02:29 [GET] /style.css 192.168.10.12:40968 249.211µs
2025/06/24 22:02:29 [GET] /js/app.js 192.168.10.12:40956 103.581µs
2025/06/24 22:02:29 [GET] /js/db.js 192.168.10.12:40956 96.432µs
2025/06/24 22:02:29 [GET] /js/theme.js 192.168.10.12:40968 105.896µs
2025/06/24 22:02:29 [GET] /js/history.js 192.168.10.12:40984 91.028µs
2025/06/24 22:02:29 [GET] /js/editor.js 192.168.10.12:40996 64.683µs
2025/06/24 22:02:29 [GET] /js/modals.js 192.168.10.12:40992 100.259µs
2025/06/24 22:02:29 [GET] /js/commands.js 192.168.10.12:40990 143.674µs
2025/06/24 22:02:29 [GET] /js/keybindings.js 192.168.10.12:40968 68.946µs
2025/06/24 22:02:29 [GET] /js/ui.js 192.168.10.12:40996 56.918µs
2025/06/24 22:02:29 [GET] /js/misc.js 192.168.10.12:40984 64.028µs
2025/06/24 22:02:29 [GET] /js/export.js 192.168.10.12:40956 58.473µs
2025/06/24 22:02:29 [GET] / 192.168.10.12:40956 294.768µs
2025/06/24 22:02:29 [GET] /style.css 192.168.10.12:40956 148.66µs
2025/06/24 22:02:29 [GET] /js/app.js 192.168.10.12:40984 77.837µs
2025/06/24 22:02:29 [GET] /js/db.js 192.168.10.12:40984 81.998µs
2025/06/24 22:02:29 [GET] /js/theme.js 192.168.10.12:40956 70.93µs
2025/06/24 22:02:29 [GET] /js/editor.js 192.168.10.12:40996 81.197µs
2025/06/24 22:02:29 [GET] /js/history.js 192.168.10.12:40968 55.68µs
2025/06/24 22:02:29 [GET] /js/modals.js 192.168.10.12:40990 168.755µs
2025/06/24 22:02:29 [GET] /js/commands.js 192.168.10.12:40992 101.71µs
2025/06/24 22:02:29 [GET] /js/export.js 192.168.10.12:40984 98.986µs
2025/06/24 22:02:29 [GET] /js/keybindings.js 192.168.10.12:40956 36.955µs
2025/06/24 22:02:29 [GET] /js/misc.js 192.168.10.12:40996 55.43µs
2025/06/24 22:02:29 [GET] /js/ui.js 192.168.10.12:40968 64.655µs
2025/06/24 22:03:52 Mudança detectada em www/style.css, enviando css-update
2025/06/24 22:03:52 [GET] / 192.168.10.12:59318 165.534µs
2025/06/24 22:03:52 [GET] / 192.168.10.12:59298 157.052µs
2025/06/24 22:03:52 [GET] / 192.168.10.12:40968 163.863µs
2025/06/24 22:03:52 [GET] / 192.168.10.12:40968 156.242µs
2025/06/24 22:03:52 [GET] /style.css 192.168.10.12:40968 113.186µs
2025/06/24 22:03:52 [GET] /style.css 192.168.10.12:59318 146.822µs
2025/06/24 22:03:52 [GET] /style.css 192.168.10.12:59298 126.21µs
2025/06/24 22:03:52 [GET] /js/app.js 192.168.10.12:40968 85.65µs
2025/06/24 22:03:52 [GET] /style.css 192.168.10.12:40996 120.146µs
2025/06/24 22:03:52 [GET] /js/app.js 192.168.10.12:59246 81.175µs
2025/06/24 22:03:52 [GET] /js/app.js 192.168.10.12:59248 86.466µs
2025/06/24 22:03:52 [GET] /js/app.js 192.168.10.12:40984 73.592µs
2025/06/24 22:03:52 [GET] /js/db.js 192.168.10.12:40996 105.084µs
2025/06/24 22:03:52 [GET] /js/theme.js 192.168.10.12:40984 77.891µs
2025/06/24 22:03:52 [GET] /js/editor.js 192.168.10.12:40968 100.592µs
2025/06/24 22:03:52 [GET] /js/history.js 192.168.10.12:40968 109.219µs
2025/06/24 22:03:52 [GET] /js/modals.js 192.168.10.12:40968 114.333µs
2025/06/24 22:03:52 [GET] /js/export.js 192.168.10.12:40996 130.413µs
2025/06/24 22:03:52 [GET] /js/commands.js 192.168.10.12:40984 53.862µs
2025/06/24 22:03:52 [GET] /js/keybindings.js 192.168.10.12:40968 82.347µs
2025/06/24 22:03:52 [GET] /js/db.js 192.168.10.12:59246 82.364µs
2025/06/24 22:03:52 [GET] /js/theme.js 192.168.10.12:59318 36.787µs
2025/06/24 22:03:52 [GET] /js/editor.js 192.168.10.12:59236 50.045µs
2025/06/24 22:03:52 [GET] /js/misc.js 192.168.10.12:40984 103.338µs
2025/06/24 22:03:52 [GET] /js/history.js 192.168.10.12:59246 65.218µs
2025/06/24 22:03:52 [GET] /js/ui.js 192.168.10.12:40996 51.788µs
2025/06/24 22:03:52 [GET] /js/modals.js 192.168.10.12:59318 96.822µs
2025/06/24 22:03:52 [GET] /js/commands.js 192.168.10.12:59246 100.401µs
2025/06/24 22:03:52 [GET] /js/keybindings.js 192.168.10.12:59236 69.044µs
2025/06/24 22:03:52 [GET] /js/export.js 192.168.10.12:59318 58.562µs
2025/06/24 22:03:52 [GET] /js/misc.js 192.168.10.12:59236 256.79µs
2025/06/24 22:03:52 [GET] /js/ui.js 192.168.10.12:59236 784.587µs
2025/06/24 22:03:52 [GET] /js/db.js 192.168.10.12:40996 98.747µs
2025/06/24 22:03:52 [GET] /js/theme.js 192.168.10.12:40984 77.689µs
2025/06/24 22:03:52 [GET] /js/editor.js 192.168.10.12:40968 61.022µs
2025/06/24 22:03:52 [GET] /js/history.js 192.168.10.12:40956 68.268µs
2025/06/24 22:03:52 [GET] /js/modals.js 192.168.10.12:40992 115.245µs
2025/06/24 22:03:52 [GET] /js/commands.js 192.168.10.12:40990 120.343µs
2025/06/24 22:03:52 [GET] /js/db.js 192.168.10.12:59298 88.714µs
2025/06/24 22:03:52 [GET] /js/editor.js 192.168.10.12:59294 63.634µs
2025/06/24 22:03:52 [GET] /js/theme.js 192.168.10.12:59248 46.12µs
2025/06/24 22:03:52 [GET] /js/commands.js 192.168.10.12:59290 204.351µs
2025/06/24 22:03:52 [GET] /js/modals.js 192.168.10.12:59258 53.475µs
2025/06/24 22:03:52 [GET] /js/history.js 192.168.10.12:59284 66.876µs
2025/06/24 22:03:52 [GET] /js/ui.js 192.168.10.12:59290 123.206µs
2025/06/24 22:03:52 [GET] /js/keybindings.js 192.168.10.12:59248 37.933µs
2025/06/24 22:03:52 [GET] /js/export.js 192.168.10.12:59298 53.339µs
2025/06/24 22:03:52 [GET] /js/keybindings.js 192.168.10.12:40984 28.787µs
2025/06/24 22:03:52 [GET] /js/export.js 192.168.10.12:40996 45.565µs
2025/06/24 22:03:52 [GET] /js/misc.js 192.168.10.12:59294 46.604µs
2025/06/24 22:03:52 [GET] /js/ui.js 192.168.10.12:40956 47.832µs
2025/06/24 22:03:52 [GET] /js/misc.js 192.168.10.12:40968 73.386µs
2025/06/24 22:03:53 [GET] / 192.168.10.12:40968 288.413µs
2025/06/24 22:03:53 [GET] /style.css 192.168.10.12:40968 128.886µs
2025/06/24 22:03:53 [GET] /js/app.js 192.168.10.12:40956 89.904µs
2025/06/24 22:03:53 [GET] /js/db.js 192.168.10.12:40956 68.349µs
2025/06/24 22:03:53 [GET] /js/theme.js 192.168.10.12:40968 77.426µs
2025/06/24 22:03:53 [GET] /js/editor.js 192.168.10.12:40996 102.884µs
2025/06/24 22:03:53 [GET] /js/history.js 192.168.10.12:40984 124.447µs
2025/06/24 22:03:53 [GET] /js/modals.js 192.168.10.12:40990 108.478µs
2025/06/24 22:03:53 [GET] /js/commands.js 192.168.10.12:40992 66.736µs
2025/06/24 22:03:53 [GET] /js/export.js 192.168.10.12:40956 146.241µs
2025/06/24 22:03:53 [GET] /js/keybindings.js 192.168.10.12:40968 47.725µs
2025/06/24 22:03:53 [GET] /js/misc.js 192.168.10.12:40996 104.735µs
2025/06/24 22:03:53 [GET] /js/ui.js 192.168.10.12:40984 95.255µs
2025/06/24 22:05:27 Mudança detectada em www/style.css, enviando css-update
2025/06/24 22:05:27 [GET] / 192.168.10.12:59236 227.386µs
2025/06/24 22:05:27 [GET] / 192.168.10.12:40984 176.272µs
2025/06/24 22:05:27 [GET] / 192.168.10.12:59294 181.779µs
2025/06/24 22:05:27 [GET] / 192.168.10.12:40984 174.793µs
2025/06/24 22:05:27 [GET] /style.css 192.168.10.12:40996 158.353µs
2025/06/24 22:05:27 [GET] /js/app.js 192.168.10.12:40956 79.521µs
2025/06/24 22:05:27 [GET] /style.css 192.168.10.12:59236 113.289µs
2025/06/24 22:05:27 [GET] /style.css 192.168.10.12:59294 129.453µs
2025/06/24 22:05:27 [GET] /js/app.js 192.168.10.12:59318 87.389µs
2025/06/24 22:05:27 [GET] /js/app.js 192.168.10.12:59298 108.614µs
2025/06/24 22:05:27 [GET] /style.css 192.168.10.12:40996 121.011µs
2025/06/24 22:05:27 [GET] /js/app.js 192.168.10.12:40996 346.567µs
2025/06/24 22:05:27 [GET] /js/db.js 192.168.10.12:59236 77.095µs
2025/06/24 22:05:27 [GET] /js/theme.js 192.168.10.12:59318 111.161µs
2025/06/24 22:05:27 [GET] /js/editor.js 192.168.10.12:59246 178.824µs
2025/06/24 22:05:27 [GET] /js/db.js 192.168.10.12:40996 52.259µs
2025/06/24 22:05:27 [GET] /js/theme.js 192.168.10.12:40956 107.085µs
2025/06/24 22:05:27 [GET] /js/editor.js 192.168.10.12:40984 81.801µs
2025/06/24 22:05:27 [GET] /js/db.js 192.168.10.12:40968 50.878µs
2025/06/24 22:05:27 [GET] /js/theme.js 192.168.10.12:40990 414.078µs
2025/06/24 22:05:27 [GET] /js/editor.js 192.168.10.12:40992 150.447µs
2025/06/24 22:05:27 [GET] /js/history.js 192.168.10.12:59318 106.481µs
2025/06/24 22:05:27 [GET] /js/modals.js 192.168.10.12:59236 98.607µs
2025/06/24 22:05:27 [GET] /js/commands.js 192.168.10.12:59246 118.735µs
2025/06/24 22:05:27 [GET] /js/history.js 192.168.10.12:40996 67.397µs
2025/06/24 22:05:27 [GET] /js/modals.js 192.168.10.12:40956 112.474µs
2025/06/24 22:05:27 [GET] /js/commands.js 192.168.10.12:40984 130.589µs
2025/06/24 22:05:27 [GET] /js/theme.js 192.168.10.12:59298 39.185µs
2025/06/24 22:05:27 [GET] /js/db.js 192.168.10.12:59294 38.825µs
2025/06/24 22:05:27 [GET] /js/editor.js 192.168.10.12:59290 119.046µs
2025/06/24 22:05:27 [GET] /js/history.js 192.168.10.12:59248 86.665µs
2025/06/24 22:05:27 [GET] /js/modals.js 192.168.10.12:59284 58.646µs
2025/06/24 22:05:27 [GET] /js/commands.js 192.168.10.12:59258 133.713µs
2025/06/24 22:05:27 [GET] /js/export.js 192.168.10.12:40968 139.078µs
2025/06/24 22:05:27 [GET] /js/keybindings.js 192.168.10.12:40990 33.995µs
2025/06/24 22:05:27 [GET] /js/export.js 192.168.10.12:59246 104.911µs
2025/06/24 22:05:27 [GET] /js/misc.js 192.168.10.12:40992 69.754µs
2025/06/24 22:05:27 [GET] /js/keybindings.js 192.168.10.12:59236 44.618µs
2025/06/24 22:05:27 [GET] /js/misc.js 192.168.10.12:59318 380.795µs
2025/06/24 22:05:27 [GET] /js/ui.js 192.168.10.12:40996 134.544µs
2025/06/24 22:05:27 [GET] /js/export.js 192.168.10.12:59298 136.504µs
2025/06/24 22:05:27 [GET] /js/keybindings.js 192.168.10.12:59294 33.079µs
2025/06/24 22:05:27 [GET] /js/history.js 192.168.10.12:40956 159.459µs
2025/06/24 22:05:27 [GET] /js/modals.js 192.168.10.12:40990 112.204µs
2025/06/24 22:05:27 [GET] /js/commands.js 192.168.10.12:40984 123.305µs
2025/06/24 22:05:27 [GET] /js/misc.js 192.168.10.12:59290 108.736µs
2025/06/24 22:05:27 [GET] /js/ui.js 192.168.10.12:59236 101.776µs
2025/06/24 22:05:27 [GET] /js/ui.js 192.168.10.12:59248 127.34µs
2025/06/24 22:05:27 [GET] /js/export.js 192.168.10.12:40984 169.229µs
2025/06/24 22:05:27 [GET] /js/keybindings.js 192.168.10.12:40990 82.057µs
2025/06/24 22:05:27 [GET] /js/misc.js 192.168.10.12:40956 102.391µs
2025/06/24 22:05:27 [GET] /js/ui.js 192.168.10.12:40956 97.8µs
2025/06/24 22:05:28 [GET] / 192.168.10.12:40956 161.938µs
2025/06/24 22:05:28 [GET] /style.css 192.168.10.12:40956 105.856µs
2025/06/24 22:05:28 [GET] /js/app.js 192.168.10.12:40984 88.344µs
2025/06/24 22:05:28 [GET] /js/db.js 192.168.10.12:40956 83.046µs
2025/06/24 22:05:28 [GET] /js/theme.js 192.168.10.12:40984 75.635µs
2025/06/24 22:05:28 [GET] /js/editor.js 192.168.10.12:40990 70.909µs
2025/06/24 22:05:28 [GET] /js/history.js 192.168.10.12:40996 68.337µs
2025/06/24 22:05:28 [GET] /js/modals.js 192.168.10.12:40992 111.269µs
2025/06/24 22:05:28 [GET] /js/commands.js 192.168.10.12:40968 96.333µs
2025/06/24 22:05:28 [GET] /js/export.js 192.168.10.12:40956 93.224µs
2025/06/24 22:05:28 [GET] /js/keybindings.js 192.168.10.12:40984 53.654µs
2025/06/24 22:05:28 [GET] /js/misc.js 192.168.10.12:40990 76.88µs
2025/06/24 22:05:28 [GET] /js/ui.js 192.168.10.12:40996 55.956µs
2025/06/24 22:05:29 [GET] / 192.168.10.12:40996 308.455µs
2025/06/24 22:05:29 [GET] /style.css 192.168.10.12:40996 216.913µs
2025/06/24 22:05:29 [GET] /js/app.js 192.168.10.12:40990 105.769µs
2025/06/24 22:05:29 [GET] /js/db.js 192.168.10.12:40990 75.491µs
2025/06/24 22:05:29 [GET] /js/commands.js 192.168.10.12:40992 121.791µs
2025/06/24 22:05:29 [GET] /js/modals.js 192.168.10.12:40968 84.004µs
2025/06/24 22:05:29 [GET] /js/theme.js 192.168.10.12:40996 43.994µs
2025/06/24 22:05:29 [GET] /js/editor.js 192.168.10.12:40984 72.954µs
2025/06/24 22:05:29 [GET] /js/history.js 192.168.10.12:40956 77.243µs
2025/06/24 22:05:29 [GET] /js/export.js 192.168.10.12:40990 132.595µs
2025/06/24 22:05:29 [GET] /js/keybindings.js 192.168.10.12:40996 94.747µs
2025/06/24 22:05:29 [GET] /js/misc.js 192.168.10.12:40992 71.348µs
2025/06/24 22:05:29 [GET] /js/ui.js 192.168.10.12:40968 122.808µs
2025/06/24 22:05:29 [GET] / 192.168.10.12:40968 190.449µs
2025/06/24 22:05:29 [GET] /style.css 192.168.10.12:40968 108.767µs
2025/06/24 22:05:29 [GET] /js/app.js 192.168.10.12:40992 60.322µs
2025/06/24 22:05:29 [GET] /js/db.js 192.168.10.12:40968 72.54µs
2025/06/24 22:05:29 [GET] /js/theme.js 192.168.10.12:40992 67.949µs
2025/06/24 22:05:29 [GET] /js/editor.js 192.168.10.12:40996 56.932µs
2025/06/24 22:05:29 [GET] /js/history.js 192.168.10.12:40990 54.341µs
2025/06/24 22:05:29 [GET] /js/modals.js 192.168.10.12:40956 101.182µs
2025/06/24 22:05:29 [GET] /js/commands.js 192.168.10.12:40984 49.564µs
2025/06/24 22:05:29 [GET] /js/export.js 192.168.10.12:40968 97.149µs
2025/06/24 22:05:29 [GET] /js/keybindings.js 192.168.10.12:40992 36.026µs
2025/06/24 22:05:29 [GET] /js/misc.js 192.168.10.12:40996 63.748µs
2025/06/24 22:05:29 [GET] /js/ui.js 192.168.10.12:40990 51.614µs
2025/06/24 22:06:29 [GET] /style.css 192.168.10.12:40996 107.834µs
2025/06/24 22:07:31 Mudança detectada em www/style.css, enviando css-update
2025/06/24 22:07:31 [GET] / 192.168.10.12:59236 189.732µs
2025/06/24 22:07:31 [GET] / 192.168.10.12:40996 201.783µs
2025/06/24 22:07:31 [GET] / 192.168.10.12:59248 142.896µs
2025/06/24 22:07:31 [GET] / 192.168.10.12:40990 324.223µs
2025/06/24 22:07:31 [GET] /style.css 192.168.10.12:59236 114.98µs
2025/06/24 22:07:31 [GET] /style.css 192.168.10.12:40990 119.555µs
2025/06/24 22:07:31 [GET] /js/app.js 192.168.10.12:59318 86.589µs
2025/06/24 22:07:31 [GET] /js/app.js 192.168.10.12:40996 79.246µs
2025/06/24 22:07:31 [GET] /js/app.js 192.168.10.12:59290 35.582µs
2025/06/24 22:07:31 [GET] /style.css 192.168.10.12:59248 71.834µs
2025/06/24 22:07:31 [GET] /style.css 192.168.10.12:40968 60.096µs
2025/06/24 22:07:31 [GET] /js/app.js 192.168.10.12:40992 86.366µs
2025/06/24 22:07:31 [GET] /js/db.js 192.168.10.12:59318 78.395µs
2025/06/24 22:07:31 [GET] /js/theme.js 192.168.10.12:59236 41.397µs
2025/06/24 22:07:31 [GET] /js/editor.js 192.168.10.12:59246 119.002µs
2025/06/24 22:07:31 [GET] /js/history.js 192.168.10.12:59318 120.099µs
2025/06/24 22:07:31 [GET] /js/modals.js 192.168.10.12:59236 134.569µs
2025/06/24 22:07:31 [GET] /js/commands.js 192.168.10.12:59246 58.177µs
2025/06/24 22:07:31 [GET] /js/keybindings.js 192.168.10.12:59246 72.199µs
2025/06/24 22:07:31 [GET] /js/editor.js 192.168.10.12:40990 113.91µs
2025/06/24 22:07:31 [GET] /js/theme.js 192.168.10.12:40992 35.091µs
2025/06/24 22:07:31 [GET] /js/export.js 192.168.10.12:59318 54.514µs
2025/06/24 22:07:31 [GET] /js/db.js 192.168.10.12:40968 36µs
2025/06/24 22:07:31 [GET] /js/db.js 192.168.10.12:40996 72.583µs
2025/06/24 22:07:31 [GET] /js/misc.js 192.168.10.12:59236 50.557µs
2025/06/24 22:07:31 [GET] /js/theme.js 192.168.10.12:40984 35.529µs
2025/06/24 22:07:31 [GET] /js/editor.js 192.168.10.12:40956 135.596µs
2025/06/24 22:07:31 [GET] /js/ui.js 192.168.10.12:59246 124.638µs
2025/06/24 22:07:31 [GET] /js/history.js 192.168.10.12:40992 131.68µs
2025/06/24 22:07:31 [GET] /js/modals.js 192.168.10.12:40968 109.2µs
2025/06/24 22:07:31 [GET] /js/commands.js 192.168.10.12:40990 285.48µs
2025/06/24 22:07:31 [GET] /js/export.js 192.168.10.12:40996 118.305µs
2025/06/24 22:07:31 [GET] /js/keybindings.js 192.168.10.12:40984 122.042µs
2025/06/24 22:07:31 [GET] /js/misc.js 192.168.10.12:40956 161.975µs
2025/06/24 22:07:31 [GET] /js/ui.js 192.168.10.12:40992 91.783µs
2025/06/24 22:07:31 [GET] /js/history.js 192.168.10.12:40968 60.381µs
2025/06/24 22:07:31 [GET] /js/modals.js 192.168.10.12:40984 131.416µs
2025/06/24 22:07:31 [GET] /js/commands.js 192.168.10.12:40990 106.15µs
2025/06/24 22:07:31 [GET] /js/editor.js 192.168.10.12:59298 106.225µs
2025/06/24 22:07:31 [GET] /js/theme.js 192.168.10.12:59290 38.476µs
2025/06/24 22:07:31 [GET] /js/db.js 192.168.10.12:59248 35.717µs
2025/06/24 22:07:31 [GET] /js/modals.js 192.168.10.12:59258 54.762µs
2025/06/24 22:07:31 [GET] /js/commands.js 192.168.10.12:59284 72.896µs
2025/06/24 22:07:31 [GET] /js/history.js 192.168.10.12:59294 60.692µs
2025/06/24 22:07:31 [GET] /js/export.js 192.168.10.12:59290 101.27µs
2025/06/24 22:07:31 [GET] /js/export.js 192.168.10.12:40968 52.762µs
2025/06/24 22:07:31 [GET] /js/keybindings.js 192.168.10.12:59248 28.663µs
2025/06/24 22:07:31 [GET] /js/misc.js 192.168.10.12:40984 152.623µs
2025/06/24 22:07:31 [GET] /js/keybindings.js 192.168.10.12:40990 40.602µs
2025/06/24 22:07:31 [GET] /js/misc.js 192.168.10.12:59298 67.832µs
2025/06/24 22:07:31 [GET] /js/ui.js 192.168.10.12:59258 68.133µs
2025/06/24 22:07:31 [GET] /js/ui.js 192.168.10.12:40984 161.293µs
2025/06/24 22:07:32 [GET] / 192.168.10.12:40984 171.548µs
2025/06/24 22:07:32 [GET] /style.css 192.168.10.12:40984 135.465µs
2025/06/24 22:07:32 [GET] /js/app.js 192.168.10.12:40984 80.495µs
2025/06/24 22:07:32 [GET] /js/db.js 192.168.10.12:40984 381.865µs
2025/06/24 22:07:32 [GET] /js/theme.js 192.168.10.12:40990 62.483µs
2025/06/24 22:07:32 [GET] /js/editor.js 192.168.10.12:40968 199.805µs
2025/06/24 22:07:32 [GET] /js/modals.js 192.168.10.12:40956 51.857µs
2025/06/24 22:07:32 [GET] /js/history.js 192.168.10.12:40992 50.622µs
2025/06/24 22:07:32 [GET] /js/commands.js 192.168.10.12:40996 263.561µs
2025/06/24 22:07:32 [GET] /js/export.js 192.168.10.12:40984 115.672µs
2025/06/24 22:07:32 [GET] /js/keybindings.js 192.168.10.12:40990 31.957µs
2025/06/24 22:07:33 [GET] /js/ui.js 192.168.10.12:40956 101.228µs
2025/06/24 22:07:33 [GET] /js/misc.js 192.168.10.12:40968 68.211µs
2025/06/24 22:07:33 [GET] / 192.168.10.12:40968 149.833µs
2025/06/24 22:07:33 [GET] /style.css 192.168.10.12:40968 119.024µs
2025/06/24 22:07:33 [GET] /js/app.js 192.168.10.12:40956 42.823µs
2025/06/24 22:07:33 [GET] /js/editor.js 192.168.10.12:40984 86.836µs
2025/06/24 22:07:33 [GET] /js/db.js 192.168.10.12:40968 39.567µs
2025/06/24 22:07:33 [GET] /js/modals.js 192.168.10.12:40990 57.438µs
2025/06/24 22:07:33 [GET] /js/history.js 192.168.10.12:40996 51.535µs
2025/06/24 22:07:33 [GET] /js/theme.js 192.168.10.12:40956 270.81µs
2025/06/24 22:07:33 [GET] /js/commands.js 192.168.10.12:40992 121.491µs
2025/06/24 22:07:33 [GET] /js/keybindings.js 192.168.10.12:40956 67.502µs
2025/06/24 22:07:33 [GET] /js/export.js 192.168.10.12:40968 69.803µs
2025/06/24 22:07:33 [GET] /js/ui.js 192.168.10.12:40990 55.268µs
2025/06/24 22:07:33 [GET] /js/misc.js 192.168.10.12:40984 51.735µs
2025/06/24 22:07:47 [GET] /style.css 192.168.10.12:40984 114.572µs
2025/06/24 22:08:27 Mudança detectada em www/style.css, enviando css-update
2025/06/24 22:08:27 [GET] / 192.168.10.12:59246 142.298µs
2025/06/24 22:08:27 [GET] / 192.168.10.12:59258 155.395µs
2025/06/24 22:08:27 [GET] / 192.168.10.12:40984 168.729µs
2025/06/24 22:08:27 [GET] / 192.168.10.12:40990 155.618µs
2025/06/24 22:08:27 [GET] /style.css 192.168.10.12:59258 146.328µs
2025/06/24 22:08:27 [GET] /style.css 192.168.10.12:59246 114.798µs
2025/06/24 22:08:27 [GET] /js/app.js 192.168.10.12:59298 81.588µs
2025/06/24 22:08:27 [GET] /js/app.js 192.168.10.12:59236 78.601µs
2025/06/24 22:08:27 [GET] /style.css 192.168.10.12:40990 125.683µs
2025/06/24 22:08:27 [GET] /js/app.js 192.168.10.12:40984 75.782µs
2025/06/24 22:08:27 [GET] /style.css 192.168.10.12:40968 107.751µs
2025/06/24 22:08:27 [GET] /js/app.js 192.168.10.12:40956 130.45µs
2025/06/24 22:08:28 [GET] /js/db.js 192.168.10.12:59236 77.585µs
2025/06/24 22:08:28 [GET] /js/theme.js 192.168.10.12:59246 78.352µs
2025/06/24 22:08:28 [GET] /js/editor.js 192.168.10.12:59318 89.407µs
2025/06/24 22:08:28 [GET] /js/history.js 192.168.10.12:59246 91.244µs
2025/06/24 22:08:28 [GET] /js/modals.js 192.168.10.12:59236 105.722µs
2025/06/24 22:08:28 [GET] /js/db.js 192.168.10.12:40968 71.688µs
2025/06/24 22:08:28 [GET] /js/theme.js 192.168.10.12:40956 171.737µs
2025/06/24 22:08:28 [GET] /js/editor.js 192.168.10.12:40990 188.177µs
2025/06/24 22:08:28 [GET] /js/commands.js 192.168.10.12:59318 96.143µs
2025/06/24 22:08:28 [GET] /js/export.js 192.168.10.12:59236 615.978µs
2025/06/24 22:08:28 [GET] /js/keybindings.js 192.168.10.12:59246 116.852µs
2025/06/24 22:08:28 [GET] /js/history.js 192.168.10.12:40968 203.708µs
2025/06/24 22:08:28 [GET] /js/db.js 192.168.10.12:59298 178.546µs
2025/06/24 22:08:28 [GET] /js/theme.js 192.168.10.12:59258 220.908µs
2025/06/24 22:08:28 [GET] /js/editor.js 192.168.10.12:59290 165.962µs
2025/06/24 22:08:28 [GET] /js/commands.js 192.168.10.12:59284 145.939µs
2025/06/24 22:08:28 [GET] /js/modals.js 192.168.10.12:59294 64.409µs
2025/06/24 22:08:28 [GET] /js/history.js 192.168.10.12:59248 60.206µs
2025/06/24 22:08:28 [GET] /js/modals.js 192.168.10.12:40956 62.015µs
2025/06/24 22:08:28 [GET] /js/commands.js 192.168.10.12:40990 96.856µs
2025/06/24 22:08:28 [GET] /js/misc.js 192.168.10.12:59246 98.984µs
2025/06/24 22:08:28 [GET] /js/ui.js 192.168.10.12:59318 101.902µs
2025/06/24 22:08:28 [GET] /js/keybindings.js 192.168.10.12:59258 86.133µs
2025/06/24 22:08:28 [GET] /js/export.js 192.168.10.12:59298 113.016µs
2025/06/24 22:08:28 [GET] /js/export.js 192.168.10.12:40968 58.872µs
2025/06/24 22:08:28 [GET] /js/misc.js 192.168.10.12:59290 195.454µs
2025/06/24 22:08:28 [GET] /js/ui.js 192.168.10.12:59284 96.177µs
2025/06/24 22:08:28 [GET] /js/keybindings.js 192.168.10.12:40990 84.487µs
2025/06/24 22:08:28 [GET] /js/misc.js 192.168.10.12:40956 101.947µs
2025/06/24 22:08:28 [GET] /js/ui.js 192.168.10.12:40990 121.952µs
2025/06/24 22:08:28 [GET] /js/db.js 192.168.10.12:40990 96.657µs
2025/06/24 22:08:28 [GET] /js/theme.js 192.168.10.12:40956 92.898µs
2025/06/24 22:08:28 [GET] /js/editor.js 192.168.10.12:40968 136.248µs
2025/06/24 22:08:28 [GET] /js/history.js 192.168.10.12:40984 124.558µs
2025/06/24 22:08:28 [GET] /js/modals.js 192.168.10.12:40992 125.986µs
2025/06/24 22:08:28 [GET] /js/commands.js 192.168.10.12:40996 119.421µs
2025/06/24 22:08:28 [GET] /js/keybindings.js 192.168.10.12:40956 82.351µs
2025/06/24 22:08:28 [GET] /js/export.js 192.168.10.12:40990 155.329µs
2025/06/24 22:08:28 [GET] /js/misc.js 192.168.10.12:40968 81.207µs
2025/06/24 22:08:28 [GET] /js/ui.js 192.168.10.12:40984 101.54µs
2025/06/24 22:09:09 [GET] / 192.168.10.12:40984 171.745µs
2025/06/24 22:09:09 [GET] /style.css 192.168.10.12:40984 108.459µs
2025/06/24 22:09:09 [GET] /js/app.js 192.168.10.12:40984 67.402µs
2025/06/24 22:09:09 [GET] /js/db.js 192.168.10.12:40984 85.279µs
2025/06/24 22:09:09 [GET] /js/theme.js 192.168.10.12:40968 42.818µs
2025/06/24 22:09:09 [GET] /js/keybindings.js 192.168.10.12:40968 60.609µs
2025/06/24 22:09:09 [GET] /js/history.js 192.168.10.12:40956 67.543µs
2025/06/24 22:09:09 [GET] /js/editor.js 192.168.10.12:40990 51.67µs
2025/06/24 22:09:09 [GET] /js/export.js 192.168.10.12:40984 50.748µs
2025/06/24 22:09:09 [GET] /js/commands.js 192.168.10.12:40992 51.035µs
2025/06/24 22:09:09 [GET] /js/modals.js 192.168.10.12:40996 58.085µs
2025/06/24 22:09:09 [GET] /js/ui.js 192.168.10.12:40956 94.936µs
2025/06/24 22:09:09 [GET] /js/misc.js 192.168.10.12:40968 49.39µs
2025/06/24 22:09:10 [GET] /favicon.ico 192.168.10.12:40968 38.432µs
2025/06/24 22:09:17 Mudança detectada em www/style.css, enviando css-update
2025/06/24 22:09:17 [GET] / 192.168.10.12:59284 187.2µs
2025/06/24 22:09:17 [GET] / 192.168.10.12:40968 181.022µs
2025/06/24 22:09:17 [GET] / 192.168.10.12:59318 175.105µs
2025/06/24 22:09:17 [GET] / 192.168.10.12:40968 176.373µs
2025/06/24 22:09:18 [GET] /style.css 192.168.10.12:40956 175.53µs
2025/06/24 22:09:18 [GET] /style.css 192.168.10.12:59318 117.345µs
2025/06/24 22:09:18 [GET] /js/app.js 192.168.10.12:40996 82.204µs
2025/06/24 22:09:18 [GET] /js/app.js 192.168.10.12:59246 66.959µs
2025/06/24 22:09:18 [GET] /style.css 192.168.10.12:59284 150.445µs
2025/06/24 22:09:18 [GET] /js/app.js 192.168.10.12:59290 65.672µs
2025/06/24 22:09:18 [GET] /style.css 192.168.10.12:40968 122.076µs
2025/06/24 22:09:18 [GET] /js/app.js 192.168.10.12:40992 86.917µs
2025/06/24 22:09:18 [GET] /js/db.js 192.168.10.12:59318 79.5µs
2025/06/24 22:09:18 [GET] /js/theme.js 192.168.10.12:59246 70.347µs
2025/06/24 22:09:18 [GET] /js/editor.js 192.168.10.12:59236 102.269µs
2025/06/24 22:09:18 [GET] /js/history.js 192.168.10.12:59318 208.122µs
2025/06/24 22:09:18 [GET] /js/modals.js 192.168.10.12:59246 92.589µs
2025/06/24 22:09:18 [GET] /js/commands.js 192.168.10.12:59236 141.139µs
2025/06/24 22:09:18 [GET] /js/db.js 192.168.10.12:40968 95.956µs
2025/06/24 22:09:18 [GET] /js/theme.js 192.168.10.12:40992 77.066µs
2025/06/24 22:09:18 [GET] /js/export.js 192.168.10.12:59318 118.787µs
2025/06/24 22:09:18 [GET] /js/editor.js 192.168.10.12:40956 96.393µs
2025/06/24 22:09:18 [GET] /js/history.js 192.168.10.12:40992 179.146µs
2025/06/24 22:09:18 [GET] /js/modals.js 192.168.10.12:40968 103.402µs
2025/06/24 22:09:18 [GET] /js/keybindings.js 192.168.10.12:59236 75.776µs
2025/06/24 22:09:18 [GET] /js/misc.js 192.168.10.12:59246 945.411µs
2025/06/24 22:09:18 [GET] /js/ui.js 192.168.10.12:59318 100.24µs
2025/06/24 22:09:18 [GET] /js/commands.js 192.168.10.12:40956 124.439µs
2025/06/24 22:09:18 [GET] /js/export.js 192.168.10.12:40956 113.163µs
2025/06/24 22:09:18 [GET] /js/misc.js 192.168.10.12:40992 179.278µs
2025/06/24 22:09:18 [GET] /js/keybindings.js 192.168.10.12:40968 32.116µs
2025/06/24 22:09:18 [GET] /js/db.js 192.168.10.12:40996 74.427µs
2025/06/24 22:09:18 [GET] /js/editor.js 192.168.10.12:40990 55.924µs
2025/06/24 22:09:18 [GET] /js/theme.js 192.168.10.12:40984 35.448µs
2025/06/24 22:09:18 [GET] /js/theme.js 192.168.10.12:59290 71.621µs
2025/06/24 22:09:18 [GET] /js/history.js 192.168.10.12:59258 58.017µs
2025/06/24 22:09:18 [GET] /js/editor.js 192.168.10.12:59298 52.211µs
2025/06/24 22:09:18 [GET] /js/db.js 192.168.10.12:59284 671.463µs
2025/06/24 22:09:18 [GET] /js/modals.js 192.168.10.12:59248 148.171µs
2025/06/24 22:09:18 [GET] /js/commands.js 192.168.10.12:59294 122.377µs
2025/06/24 22:09:18 [GET] /js/modals.js 192.168.10.12:40968 62.078µs
2025/06/24 22:09:18 [GET] /js/history.js 192.168.10.12:40956 62.905µs
2025/06/24 22:09:18 [GET] /js/commands.js 192.168.10.12:40996 116.226µs
2025/06/24 22:09:18 [GET] /js/export.js 192.168.10.12:40984 1.482244ms
2025/06/24 22:09:18 [GET] /js/ui.js 192.168.10.12:40992 94.789µs
2025/06/24 22:09:18 [GET] /js/misc.js 192.168.10.12:40990 324.623µs
2025/06/24 22:09:18 [GET] /js/ui.js 192.168.10.12:40968 114.248µs
2025/06/24 22:09:18 [GET] /js/misc.js 192.168.10.12:59258 63.85µs
2025/06/24 22:09:18 [GET] /js/keybindings.js 192.168.10.12:59284 33.497µs
2025/06/24 22:09:18 [GET] /js/export.js 192.168.10.12:59290 56.014µs
2025/06/24 22:09:18 [GET] /js/keybindings.js 192.168.10.12:40996 32.227µs
2025/06/24 22:09:18 [GET] /js/ui.js 192.168.10.12:59298 2.068075ms
2025/06/24 22:09:20 [GET] / 192.168.10.12:40968 175.627µs
2025/06/24 22:09:20 [GET] /style.css 192.168.10.12:40968 124.272µs
2025/06/24 22:09:20 [GET] /js/app.js 192.168.10.12:40968 73.71µs
2025/06/24 22:09:21 [GET] /js/db.js 192.168.10.12:40968 72.371µs
2025/06/24 22:09:21 [GET] /js/export.js 192.168.10.12:40968 99.426µs
2025/06/24 22:09:21 [GET] /js/editor.js 192.168.10.12:40990 62.921µs
2025/06/24 22:09:21 [GET] /js/theme.js 192.168.10.12:40996 37.291µs
2025/06/24 22:09:21 [GET] /js/commands.js 192.168.10.12:40956 46.518µs
2025/06/24 22:09:21 [GET] /js/modals.js 192.168.10.12:40984 61.093µs
2025/06/24 22:09:21 [GET] /js/history.js 192.168.10.12:40992 55.767µs
2025/06/24 22:09:21 [GET] /js/ui.js 192.168.10.12:40990 104.8µs
2025/06/24 22:09:21 [GET] /js/misc.js 192.168.10.12:40968 58.447µs
2025/06/24 22:09:21 [GET] /js/keybindings.js 192.168.10.12:40996 29.381µs
2025/06/24 22:09:21 [GET] /favicon.ico 192.168.10.12:40968 28.86µs
2025/06/24 22:09:21 [GET] / 192.168.10.12:40968 183.064µs
2025/06/24 22:09:21 [GET] /style.css 192.168.10.12:40968 115.23µs
2025/06/24 22:09:21 [GET] /js/app.js 192.168.10.12:40968 74.735µs
2025/06/24 22:09:21 [GET] /js/history.js 192.168.10.12:40992 243.697µs
2025/06/24 22:09:21 [GET] /js/commands.js 192.168.10.12:40956 54.012µs
2025/06/24 22:09:21 [GET] /js/modals.js 192.168.10.12:40984 63.831µs
2025/06/24 22:09:21 [GET] /js/theme.js 192.168.10.12:40990 36.181µs
2025/06/24 22:09:21 [GET] /js/db.js 192.168.10.12:40968 38.979µs
2025/06/24 22:09:21 [GET] /js/editor.js 192.168.10.12:40996 655.731µs
2025/06/24 22:09:21 [GET] /js/export.js 192.168.10.12:40990 130.672µs
2025/06/24 22:09:21 [GET] /js/keybindings.js 192.168.10.12:40968 71.351µs
2025/06/24 22:09:21 [GET] /js/misc.js 192.168.10.12:40992 378.561µs
2025/06/24 22:09:21 [GET] /js/ui.js 192.168.10.12:40956 95.532µs
2025/06/24 22:09:21 [GET] /favicon.ico 192.168.10.12:40956 41.677µs
2025/06/24 22:10:07 Mudança detectada em www/style.css, enviando css-update
2025/06/24 22:10:07 [GET] / 192.168.10.12:59318 149.329µs
2025/06/24 22:10:07 [GET] / 192.168.10.12:40956 161.695µs
2025/06/24 22:10:07 [GET] / 192.168.10.12:59298 167.363µs
2025/06/24 22:10:07 [GET] / 192.168.10.12:40956 164.602µs
2025/06/24 22:10:07 [GET] /style.css 192.168.10.12:59318 62.356µs
2025/06/24 22:10:07 [GET] /style.css 192.168.10.12:40956 62.523µs
2025/06/24 22:10:07 [GET] /js/app.js 192.168.10.12:59246 70.063µs
2025/06/24 22:10:07 [GET] /js/app.js 192.168.10.12:40992 89.816µs
2025/06/24 22:10:07 [GET] /style.css 192.168.10.12:40992 61.287µs
2025/06/24 22:10:07 [GET] /style.css 192.168.10.12:59298 28.418µs
2025/06/24 22:10:07 [GET] /js/app.js 192.168.10.12:59290 40.291µs
2025/06/24 22:10:07 [GET] /js/app.js 192.168.10.12:40956 124.942µs
2025/06/24 22:10:07 [GET] /js/db.js 192.168.10.12:59246 72.09µs
2025/06/24 22:10:07 [GET] /js/editor.js 192.168.10.12:59236 62.126µs
2025/06/24 22:10:07 [GET] /js/theme.js 192.168.10.12:59318 34.834µs
2025/06/24 22:10:07 [GET] /js/db.js 192.168.10.12:40956 74.267µs
2025/06/24 22:10:07 [GET] /js/theme.js 192.168.10.12:40992 591.772µs
2025/06/24 22:10:07 [GET] /js/editor.js 192.168.10.12:40990 456.557µs
2025/06/24 22:10:07 [GET] /js/history.js 192.168.10.12:59246 780.871µs
2025/06/24 22:10:07 [GET] /js/modals.js 192.168.10.12:59318 124.24µs
2025/06/24 22:10:07 [GET] /js/commands.js 192.168.10.12:59236 136.45µs
2025/06/24 22:10:07 [GET] /js/history.js 192.168.10.12:59284 88.157µs
2025/06/24 22:10:07 [GET] /js/editor.js 192.168.10.12:59258 60.013µs
2025/06/24 22:10:07 [GET] /js/theme.js 192.168.10.12:59298 36.028µs
2025/06/24 22:10:07 [GET] /js/modals.js 192.168.10.12:40992 51.106µs
2025/06/24 22:10:07 [GET] /js/db.js 192.168.10.12:59290 34.642µs
2025/06/24 22:10:07 [GET] /js/history.js 192.168.10.12:40956 49.007µs
2025/06/24 22:10:07 [GET] /js/export.js 192.168.10.12:59246 45.058µs
2025/06/24 22:10:07 [GET] /js/commands.js 192.168.10.12:59248 51.359µs
2025/06/24 22:10:07 [GET] /js/modals.js 192.168.10.12:59294 49.824µs
2025/06/24 22:10:07 [GET] /js/commands.js 192.168.10.12:40990 124.36µs
2025/06/24 22:10:07 [GET] /js/misc.js 192.168.10.12:59318 51.44µs
2025/06/24 22:10:07 [GET] /js/keybindings.js 192.168.10.12:59236 29.003µs
2025/06/24 22:10:07 [GET] /js/export.js 192.168.10.12:59298 116.438µs
2025/06/24 22:10:07 [GET] /js/ui.js 192.168.10.12:59258 102.286µs
2025/06/24 22:10:07 [GET] /js/ui.js 192.168.10.12:59246 52.327µs
2025/06/24 22:10:07 [GET] /js/keybindings.js 192.168.10.12:59290 32.551µs
2025/06/24 22:10:07 [GET] /js/misc.js 192.168.10.12:59284 47.513µs
2025/06/24 22:10:07 [GET] /js/keybindings.js 192.168.10.12:40992 25.795µs
2025/06/24 22:10:07 [GET] /js/export.js 192.168.10.12:40956 73.911µs
2025/06/24 22:10:07 [GET] /js/misc.js 192.168.10.12:40990 93.486µs
2025/06/24 22:10:08 [GET] /js/ui.js 192.168.10.12:40992 111.624µs
2025/06/24 22:10:08 [GET] /js/db.js 192.168.10.12:40990 74.359µs
2025/06/24 22:10:08 [GET] /js/theme.js 192.168.10.12:40956 79.808µs
2025/06/24 22:10:08 [GET] /js/editor.js 192.168.10.12:40968 128.927µs
2025/06/24 22:10:08 [GET] /js/history.js 192.168.10.12:40996 130.974µs
2025/06/24 22:10:08 [GET] /js/modals.js 192.168.10.12:40984 61.882µs
2025/06/24 22:10:08 [GET] /js/commands.js 192.168.10.12:40992 97.868µs
2025/06/24 22:10:08 [GET] /js/export.js 192.168.10.12:40990 175.444µs
2025/06/24 22:10:08 [GET] /js/keybindings.js 192.168.10.12:40956 74.986µs
2025/06/24 22:10:08 [GET] /js/ui.js 192.168.10.12:40996 68.173µs
2025/06/24 22:10:08 [GET] /js/misc.js 192.168.10.12:40968 469.184µs
2025/06/24 22:10:13 Mudança detectada em www/style.css, enviando css-update
2025/06/24 22:10:13 [GET] / 192.168.10.12:59246 195.491µs
2025/06/24 22:10:13 [GET] / 192.168.10.12:40968 170.015µs
2025/06/24 22:10:13 [GET] / 192.168.10.12:59284 161.328µs
2025/06/24 22:10:13 [GET] /style.css 192.168.10.12:59246 106.136µs
2025/06/24 22:10:13 [GET] / 192.168.10.12:40996 149.823µs
2025/06/24 22:10:13 [GET] /js/app.js 192.168.10.12:59246 107.168µs
2025/06/24 22:10:13 [GET] /style.css 192.168.10.12:40996 109.841µs
2025/06/24 22:10:13 [GET] /js/app.js 192.168.10.12:59258 80.324µs
2025/06/24 22:10:13 [GET] /js/app.js 192.168.10.12:40968 33.865µs
2025/06/24 22:10:13 [GET] /style.css 192.168.10.12:59284 71.505µs
2025/06/24 22:10:13 [GET] /style.css 192.168.10.12:40996 109.614µs
2025/06/24 22:10:13 [GET] /js/app.js 192.168.10.12:40996 79.54µs
2025/06/24 22:10:13 [GET] /js/db.js 192.168.10.12:59246 89.582µs
2025/06/24 22:10:13 [GET] /js/theme.js 192.168.10.12:59318 77.143µs
2025/06/24 22:10:13 [GET] /js/editor.js 192.168.10.12:59236 135.843µs
2025/06/24 22:10:13 [GET] /js/db.js 192.168.10.12:40996 137.467µs
2025/06/24 22:10:13 [GET] /js/theme.js 192.168.10.12:40968 149.863µs
2025/06/24 22:10:13 [GET] /js/editor.js 192.168.10.12:40990 144.288µs
2025/06/24 22:10:13 [GET] /js/history.js 192.168.10.12:59246 218.633µs
2025/06/24 22:10:13 [GET] /js/db.js 192.168.10.12:40956 117.19µs
2025/06/24 22:10:13 [GET] /js/db.js 192.168.10.12:59284 84.96µs
2025/06/24 22:10:13 [GET] /js/theme.js 192.168.10.12:40992 1.967076ms
2025/06/24 22:10:13 [GET] /js/editor.js 192.168.10.12:40984 1.829ms
2025/06/24 22:10:13 [GET] /js/theme.js 192.168.10.12:59258 938.58µs
2025/06/24 22:10:13 [GET] /js/modals.js 192.168.10.12:59318 2.111294ms
2025/06/24 22:10:13 [GET] /js/editor.js 192.168.10.12:59290 1.75307ms
2025/06/24 22:10:13 [GET] /js/misc.js 192.168.10.12:59290 127.18µs
2025/06/24 22:10:13 [GET] /js/keybindings.js 192.168.10.12:59258 29.938µs
2025/06/24 22:10:13 [GET] /js/keybindings.js 192.168.10.12:40992 34.112µs
2025/06/24 22:10:13 [GET] /js/modals.js 192.168.10.12:40968 51.361µs
2025/06/24 22:10:13 [GET] /js/export.js 192.168.10.12:59284 47.01µs
2025/06/24 22:10:13 [GET] /js/export.js 192.168.10.12:40956 45.309µs
2025/06/24 22:10:13 [GET] /js/commands.js 192.168.10.12:40990 44.997µs
2025/06/24 22:10:13 [GET] /js/commands.js 192.168.10.12:59236 47.965µs
2025/06/24 22:10:13 [GET] /js/commands.js 192.168.10.12:59248 49.376µs
2025/06/24 22:10:13 [GET] /js/history.js 192.168.10.12:40996 46.827µs
2025/06/24 22:10:13 [GET] /js/modals.js 192.168.10.12:59294 49.249µs
2025/06/24 22:10:13 [GET] /js/history.js 192.168.10.12:59298 49.759µs
2025/06/24 22:10:13 [GET] /js/misc.js 192.168.10.12:40984 116.373µs
2025/06/24 22:10:13 [GET] /js/export.js 192.168.10.12:59318 151.073µs
2025/06/24 22:10:13 [GET] /js/keybindings.js 192.168.10.12:59246 74.85µs
2025/06/24 22:10:13 [GET] /js/ui.js 192.168.10.12:59258 92.641µs
2025/06/24 22:10:13 [GET] /js/ui.js 192.168.10.12:40992 86.888µs
2025/06/24 22:10:13 [GET] /js/misc.js 192.168.10.12:59246 124.358µs
2025/06/24 22:10:13 [GET] /js/modals.js 192.168.10.12:40984 112.303µs
2025/06/24 22:10:13 [GET] /js/history.js 192.168.10.12:40956 123.914µs
2025/06/24 22:10:13 [GET] /js/commands.js 192.168.10.12:40968 92.043µs
2025/06/24 22:10:13 [GET] /js/ui.js 192.168.10.12:59318 51.681µs
2025/06/24 22:10:13 [GET] /js/misc.js 192.168.10.12:40984 162.569µs
2025/06/24 22:10:13 [GET] /js/keybindings.js 192.168.10.12:40968 37.386µs
2025/06/24 22:10:13 [GET] /js/export.js 192.168.10.12:40956 57.192µs
2025/06/24 22:10:13 [GET] /js/ui.js 192.168.10.12:40956 92.524µs
2025/06/24 22:13:07 [GET] / 192.168.10.12:40956 144.074µs
2025/06/24 22:13:07 [GET] /style.css 192.168.10.12:40956 116.703µs
2025/06/24 22:13:08 [GET] /js/app.js 192.168.10.12:40984 68.747µs
2025/06/24 22:13:08 [GET] /js/theme.js 192.168.10.12:40956 68.612µs
2025/06/24 22:13:08 [GET] /js/db.js 192.168.10.12:40984 35.267µs
2025/06/24 22:13:08 [GET] /js/history.js 192.168.10.12:40992 56.269µs
2025/06/24 22:13:08 [GET] /js/editor.js 192.168.10.12:40968 71.462µs
2025/06/24 22:13:08 [GET] /js/modals.js 192.168.10.12:40996 107.241µs
2025/06/24 22:13:08 [GET] /js/commands.js 192.168.10.12:40990 1.535053ms
2025/06/24 22:13:08 [GET] /js/keybindings.js 192.168.10.12:40984 43.82µs
2025/06/24 22:13:08 [GET] /js/export.js 192.168.10.12:40956 152.511µs
2025/06/24 22:13:08 [GET] /js/misc.js 192.168.10.12:40992 59.425µs
2025/06/24 22:13:08 [GET] /js/ui.js 192.168.10.12:40968 60.445µs
2025/06/24 22:15:25 Mudança detectada em www/style.css, enviando css-update
2025/06/24 22:15:25 [GET] / 192.168.10.12:54226 169.36µs
2025/06/24 22:15:25 [GET] / 192.168.10.12:40968 197.691µs
2025/06/24 22:15:25 [GET] / 192.168.10.12:54228 206.184µs
2025/06/24 22:15:25 [GET] / 192.168.10.12:40992 147.502µs
2025/06/24 22:15:25 [GET] / 192.168.10.12:40956 162.316µs
2025/06/24 22:15:25 [GET] /style.css 192.168.10.12:40956 127.893µs
2025/06/24 22:15:25 [GET] /style.css 192.168.10.12:54226 122.619µs
2025/06/24 22:15:25 [GET] /style.css 192.168.10.12:40992 92.854µs
2025/06/24 22:15:25 [GET] /style.css 192.168.10.12:54228 142.35µs
2025/06/24 22:15:25 [GET] /js/app.js 192.168.10.12:40968 86.758µs
2025/06/24 22:15:25 [GET] /js/app.js 192.168.10.12:54240 96.111µs
2025/06/24 22:15:25 [GET] /style.css 192.168.10.12:40984 142.838µs
2025/06/24 22:15:25 [GET] /js/app.js 192.168.10.12:40990 88.319µs
2025/06/24 22:15:25 [GET] /js/app.js 192.168.10.12:54250 96.82µs
2025/06/24 22:15:25 [GET] /js/app.js 192.168.10.12:40984 96.236µs
2025/06/24 22:15:25 [GET] /js/db.js 192.168.10.12:40984 77.243µs
2025/06/24 22:15:25 [GET] /js/theme.js 192.168.10.12:40990 49.186µs
2025/06/24 22:15:25 [GET] /js/editor.js 192.168.10.12:40992 56.154µs
2025/06/24 22:15:25 [GET] /js/history.js 192.168.10.12:40992 103.53µs
2025/06/24 22:15:25 [GET] /js/modals.js 192.168.10.12:40990 55.66µs
2025/06/24 22:15:25 [GET] /js/db.js 192.168.10.12:54226 37.803µs
2025/06/24 22:15:25 [GET] /js/theme.js 192.168.10.12:54240 80.393µs
2025/06/24 22:15:25 [GET] /js/editor.js 192.168.10.12:54276 129.751µs
2025/06/24 22:15:25 [GET] /js/history.js 192.168.10.12:54240 126.444µs
2025/06/24 22:15:25 [GET] /js/commands.js 192.168.10.12:40990 126.518µs
2025/06/24 22:15:25 [GET] /js/export.js 192.168.10.12:40992 58.429µs
2025/06/24 22:15:25 [GET] /js/keybindings.js 192.168.10.12:40984 83.332µs
2025/06/24 22:15:25 [GET] /js/modals.js 192.168.10.12:54240 59.954µs
2025/06/24 22:15:25 [GET] /js/commands.js 192.168.10.12:54276 91.052µs
2025/06/24 22:15:25 [GET] /js/export.js 192.168.10.12:54226 107.657µs
2025/06/24 22:15:25 [GET] /js/misc.js 192.168.10.12:40984 119.312µs
2025/06/24 22:15:25 [GET] /js/ui.js 192.168.10.12:40990 130.707µs
2025/06/24 22:15:25 [GET] /js/keybindings.js 192.168.10.12:54240 68.052µs
2025/06/24 22:15:25 [GET] /js/misc.js 192.168.10.12:54226 101.546µs
2025/06/24 22:15:25 [GET] /js/ui.js 192.168.10.12:54276 177.385µs
2025/06/24 22:15:25 [GET] /js/editor.js 192.168.10.12:54296 122.314µs
2025/06/24 22:15:25 [GET] /js/theme.js 192.168.10.12:54228 36.832µs
2025/06/24 22:15:25 [GET] /js/db.js 192.168.10.12:54250 36.931µs
2025/06/24 22:15:25 [GET] /js/commands.js 192.168.10.12:54324 62.183µs
2025/06/24 22:15:25 [GET] /js/modals.js 192.168.10.12:54320 64.862µs
2025/06/24 22:15:25 [GET] /js/history.js 192.168.10.12:54306 91.662µs
2025/06/24 22:15:25 [GET] /js/db.js 192.168.10.12:40990 85.673µs
2025/06/24 22:15:25 [GET] /js/theme.js 192.168.10.12:40984 44.602µs
2025/06/24 22:15:25 [GET] /js/editor.js 192.168.10.12:40992 64.693µs
2025/06/24 22:15:25 [GET] /js/export.js 192.168.10.12:54228 183.179µs
2025/06/24 22:15:25 [GET] /js/ui.js 192.168.10.12:54324 132.228µs
2025/06/24 22:15:25 [GET] /js/misc.js 192.168.10.12:54296 59.955µs
2025/06/24 22:15:25 [GET] /js/history.js 192.168.10.12:40984 69.846µs
2025/06/24 22:15:25 [GET] /js/keybindings.js 192.168.10.12:54250 39.61µs
2025/06/24 22:15:25 [GET] /js/modals.js 192.168.10.12:40992 102.274µs
2025/06/24 22:15:25 [GET] /js/commands.js 192.168.10.12:40990 55.432µs
2025/06/24 22:15:25 [GET] /js/db.js 192.168.10.12:40968 80.74µs
2025/06/24 22:15:25 [GET] /js/theme.js 192.168.10.12:40956 91.311µs
2025/06/24 22:15:25 [GET] /js/editor.js 192.168.10.12:40996 56.838µs
2025/06/24 22:15:25 [GET] /js/history.js 192.168.10.12:40984 107.169µs
2025/06/24 22:15:25 [GET] /js/commands.js 192.168.10.12:40984 153.068µs
2025/06/24 22:15:25 [GET] /js/keybindings.js 192.168.10.12:40956 33.986µs
2025/06/24 22:15:25 [GET] /js/export.js 192.168.10.12:40968 50.656µs
2025/06/24 22:15:25 [GET] /js/modals.js 192.168.10.12:40996 57.68µs
2025/06/24 22:15:25 [GET] /js/ui.js 192.168.10.12:40990 49.461µs
2025/06/24 22:15:25 [GET] /js/misc.js 192.168.10.12:40992 55.081µs
2025/06/24 22:15:25 [GET] /js/misc.js 192.168.10.12:40968 163.586µs
2025/06/24 22:15:25 [GET] /js/export.js 192.168.10.12:40984 61.126µs
2025/06/24 22:15:25 [GET] /js/keybindings.js 192.168.10.12:40956 37.779µs
2025/06/24 22:15:25 [GET] /js/ui.js 192.168.10.12:40984 141.01µs
2025/06/24 22:17:24 Mudança detectada em www/style.css, enviando css-update
2025/06/24 22:17:24 [GET] / 192.168.10.12:54276 164.521µs
2025/06/24 22:17:24 [GET] / 192.168.10.12:40984 147.45µs
2025/06/24 22:17:24 [GET] / 192.168.10.12:54296 220.496µs
2025/06/24 22:17:24 [GET] / 192.168.10.12:40956 174.885µs
2025/06/24 22:17:24 [GET] / 192.168.10.12:40956 151.229µs
2025/06/24 22:17:24 [GET] /style.css 192.168.10.12:54276 128.72µs
2025/06/24 22:17:24 [GET] /js/app.js 192.168.10.12:54276 92.877µs
2025/06/24 22:17:24 [GET] /style.css 192.168.10.12:40956 157.995µs
2025/06/24 22:17:24 [GET] /js/app.js 192.168.10.12:40984 103.841µs
2025/06/24 22:17:24 [GET] /style.css 192.168.10.12:54296 97.728µs
2025/06/24 22:17:24 [GET] /js/app.js 192.168.10.12:54324 73.71µs
2025/06/24 22:17:24 [GET] /style.css 192.168.10.12:40968 69.144µs
2025/06/24 22:17:24 [GET] /js/app.js 192.168.10.12:40992 78.536µs
2025/06/24 22:17:24 [GET] /style.css 192.168.10.12:40990 114.493µs
2025/06/24 22:17:24 [GET] /js/app.js 192.168.10.12:40956 82.455µs
2025/06/24 22:17:24 [GET] /js/db.js 192.168.10.12:54276 96.043µs
2025/06/24 22:17:24 [GET] /js/db.js 192.168.10.12:40956 95.838µs
2025/06/24 22:17:24 [GET] /js/theme.js 192.168.10.12:40990 38.273µs
2025/06/24 22:17:24 [GET] /js/editor.js 192.168.10.12:40968 128.106µs
2025/06/24 22:17:24 [GET] /js/theme.js 192.168.10.12:54276 65.544µs
2025/06/24 22:17:24 [GET] /js/editor.js 192.168.10.12:54226 135.142µs
2025/06/24 22:17:24 [GET] /js/history.js 192.168.10.12:54240 132.302µs
2025/06/24 22:17:24 [GET] /js/history.js 192.168.10.12:40990 124.55µs
2025/06/24 22:17:24 [GET] /js/modals.js 192.168.10.12:40956 476.328µs
2025/06/24 22:17:24 [GET] /js/modals.js 192.168.10.12:54276 142.444µs
2025/06/24 22:17:25 [GET] /js/export.js 192.168.10.12:54226 419.48µs
2025/06/24 22:17:25 [GET] /js/commands.js 192.168.10.12:54240 548.972µs
2025/06/24 22:17:25 [GET] /js/keybindings.js 192.168.10.12:54276 96.687µs
2025/06/24 22:17:25 [GET] /js/keybindings.js 192.168.10.12:40968 31.796µs
2025/06/24 22:17:25 [GET] /js/export.js 192.168.10.12:40990 58.047µs
2025/06/24 22:17:25 [GET] /js/commands.js 192.168.10.12:40956 51.453µs
2025/06/24 22:17:25 [GET] /js/ui.js 192.168.10.12:40990 124.45µs
2025/06/24 22:17:25 [GET] /js/misc.js 192.168.10.12:40956 52.662µs
2025/06/24 22:17:25 [GET] /js/misc.js 192.168.10.12:54226 36.456µs
2025/06/24 22:17:25 [GET] /js/theme.js 192.168.10.12:40968 50.204µs
2025/06/24 22:17:25 [GET] /js/db.js 192.168.10.12:40956 43.048µs
2025/06/24 22:17:25 [GET] /js/editor.js 192.168.10.12:40992 252.746µs
2025/06/24 22:17:25 [GET] /js/ui.js 192.168.10.12:54276 56.147µs
2025/06/24 22:17:25 [GET] /js/history.js 192.168.10.12:40968 100.432µs
2025/06/24 22:17:25 [GET] /js/modals.js 192.168.10.12:40956 122.354µs
2025/06/24 22:17:25 [GET] /js/export.js 192.168.10.12:40968 126.134µs
2025/06/24 22:17:25 [GET] /js/commands.js 192.168.10.12:40992 63.26µs
2025/06/24 22:17:25 [GET] /js/keybindings.js 192.168.10.12:40956 64.575µs
2025/06/24 22:17:25 [GET] /js/ui.js 192.168.10.12:40956 122.141µs
2025/06/24 22:17:25 [GET] /js/misc.js 192.168.10.12:40992 36.981µs
2025/06/24 22:17:25 [GET] /js/commands.js 192.168.10.12:40996 114.42µs
2025/06/24 22:17:25 [GET] /js/theme.js 192.168.10.12:40992 31.903µs
2025/06/24 22:17:25 [GET] /js/db.js 192.168.10.12:40956 37.733µs
2025/06/24 22:17:25 [GET] /js/modals.js 192.168.10.12:40984 57.911µs
2025/06/24 22:17:25 [GET] /js/history.js 192.168.10.12:40990 50.917µs
2025/06/24 22:17:25 [GET] /js/editor.js 192.168.10.12:40968 55.623µs
2025/06/24 22:17:25 [GET] /js/export.js 192.168.10.12:40996 123.401µs
2025/06/24 22:17:25 [GET] /js/ui.js 192.168.10.12:40984 118.236µs
2025/06/24 22:17:25 [GET] /js/misc.js 192.168.10.12:40956 34.918µs
2025/06/24 22:17:25 [GET] /js/keybindings.js 192.168.10.12:40992 30.561µs
2025/06/24 22:17:25 [GET] /js/db.js 192.168.10.12:54296 121.619µs
2025/06/24 22:17:25 [GET] /js/theme.js 192.168.10.12:54324 46.431µs
2025/06/24 22:17:25 [GET] /js/modals.js 192.168.10.12:54306 415.025µs
2025/06/24 22:17:25 [GET] /js/commands.js 192.168.10.12:54320 972.039µs
2025/06/24 22:17:25 [GET] /js/editor.js 192.168.10.12:54250 1.12301ms
2025/06/24 22:17:25 [GET] /js/history.js 192.168.10.12:54228 73.317µs
2025/06/24 22:17:25 [GET] /js/export.js 192.168.10.12:54296 102.613µs
2025/06/24 22:17:25 [GET] /js/keybindings.js 192.168.10.12:54324 84.591µs
2025/06/24 22:17:25 [GET] /js/misc.js 192.168.10.12:54306 100.633µs
2025/06/24 22:17:25 [GET] /js/ui.js 192.168.10.12:54320 52.994µs
2025/06/24 22:17:48 Mudança detectada em www/index.html, enviando reload
2025/06/24 22:17:48 [GET] / 192.168.10.12:54276 220.515µs
2025/06/24 22:17:48 [GET] / 192.168.10.12:54320 354.028µs
2025/06/24 22:17:48 [GET] / 192.168.10.12:40984 184.266µs
2025/06/24 22:17:48 [GET] / 192.168.10.12:40992 449.087µs
2025/06/24 22:17:48 [GET] /style.css 192.168.10.12:54320 148.71µs
2025/06/24 22:17:48 [GET] /style.css 192.168.10.12:54276 257.123µs
2025/06/24 22:17:48 [GET] /js/app.js 192.168.10.12:54320 88.636µs
2025/06/24 22:17:48 [GET] /js/app.js 192.168.10.12:40984 127.302µs
2025/06/24 22:17:48 [GET] /js/app.js 192.168.10.12:54226 51.92µs
2025/06/24 22:17:48 [GET] /style.css 192.168.10.12:40992 85.867µs
2025/06/24 22:17:48 [GET] /js/app.js 192.168.10.12:40956 89.568µs
2025/06/24 22:17:48 [GET] /style.css 192.168.10.12:40996 154.692µs
2025/06/24 22:17:48 [GET] /js/db.js 192.168.10.12:54226 79.644µs
2025/06/24 22:17:48 [GET] /js/theme.js 192.168.10.12:54276 29.332µs
2025/06/24 22:17:48 [GET] /js/db.js 192.168.10.12:40996 207.25µs
2025/06/24 22:17:48 [GET] /js/theme.js 192.168.10.12:40992 101.627µs
2025/06/24 22:17:48 [GET] /js/editor.js 192.168.10.12:40956 228.733µs
2025/06/24 22:17:48 [GET] /js/editor.js 192.168.10.12:54240 125.13µs
2025/06/24 22:17:48 [GET] /js/history.js 192.168.10.12:54324 103.119µs
2025/06/24 22:17:48 [GET] /js/editor.js 192.168.10.12:54296 125.771µs
2025/06/24 22:17:48 [GET] /js/commands.js 192.168.10.12:54250 63.685µs
2025/06/24 22:17:48 [GET] /js/modals.js 192.168.10.12:54228 69.233µs
2025/06/24 22:17:48 [GET] /js/theme.js 192.168.10.12:54306 35.851µs
2025/06/24 22:17:48 [GET] /js/db.js 192.168.10.12:54320 439.73µs
2025/06/24 22:17:48 [GET] /js/db.js 192.168.10.12:40984 94.546µs
2025/06/24 22:17:48 [GET] /js/theme.js 192.168.10.12:40968 31.769µs
2025/06/24 22:17:48 [GET] /js/editor.js 192.168.10.12:40990 55.349µs
2025/06/24 22:17:48 [GET] /js/history.js 192.168.10.12:54276 162.774µs
2025/06/24 22:17:48 [GET] /js/modals.js 192.168.10.12:54226 166.094µs
2025/06/24 22:17:48 [GET] /js/history.js 192.168.10.12:40996 175.586µs
2025/06/24 22:17:48 [GET] /js/modals.js 192.168.10.12:40992 141.392µs
2025/06/24 22:17:48 [GET] /js/commands.js 192.168.10.12:40956 302.865µs
2025/06/24 22:17:48 [GET] /js/history.js 192.168.10.12:40968 443.307µs
2025/06/24 22:17:48 [GET] /js/commands.js 192.168.10.12:54240 70.445µs
2025/06/24 22:17:48 [GET] /js/modals.js 192.168.10.12:40984 61.169µs
2025/06/24 22:17:48 [GET] /js/keybindings.js 192.168.10.12:40990 87.144µs
2025/06/24 22:17:48 [GET] /js/commands.js 192.168.10.12:40996 224.4µs
2025/06/24 22:17:48 [GET] /js/ui.js 192.168.10.12:54296 98.168µs
2025/06/24 22:17:48 [GET] /js/misc.js 192.168.10.12:54324 59.499µs
2025/06/24 22:17:48 [GET] /js/export.js 192.168.10.12:40992 69.748µs
2025/06/24 22:17:48 [GET] /js/keybindings.js 192.168.10.12:54320 33.079µs
2025/06/24 22:17:48 [GET] /js/export.js 192.168.10.12:54306 56.782µs
2025/06/24 22:17:48 [GET] /js/export.js 192.168.10.12:54226 87.142µs
2025/06/24 22:17:48 [GET] /js/keybindings.js 192.168.10.12:54276 552.705µs
2025/06/24 22:17:48 [GET] /js/misc.js 192.168.10.12:40956 115.54µs
2025/06/24 22:17:48 [GET] /js/export.js 192.168.10.12:40968 148.593µs
2025/06/24 22:17:48 [GET] /js/misc.js 192.168.10.12:54240 92.312µs
2025/06/24 22:17:48 [GET] /js/ui.js 192.168.10.12:40992 161.134µs
2025/06/24 22:17:48 [GET] /js/keybindings.js 192.168.10.12:40956 71.684µs
2025/06/24 22:17:48 [GET] /js/ui.js 192.168.10.12:54240 89.556µs
2025/06/24 22:17:48 [GET] /js/misc.js 192.168.10.12:40996 2.935395ms
2025/06/24 22:17:48 [GET] /js/ui.js 192.168.10.12:40968 559.513µs
2025/06/24 22:17:49 Mudança detectada em www/style.css, enviando css-update
2025/06/24 22:17:49 [GET] / 192.168.10.12:54240 205.925µs
2025/06/24 22:17:49 [GET] / 192.168.10.12:54306 192.787µs
2025/06/24 22:17:49 [GET] / 192.168.10.12:40968 177.311µs
2025/06/24 22:17:49 [GET] /js/app.js 192.168.10.12:54296 76.257µs
2025/06/24 22:17:49 [GET] /style.css 192.168.10.12:54306 84.181µs
2025/06/24 22:17:49 [GET] / 192.168.10.12:40968 138.592µs
2025/06/24 22:17:49 [GET] /style.css 192.168.10.12:40968 130.873µs
2025/06/24 22:17:49 [GET] /style.css 192.168.10.12:54240 123.413µs
2025/06/24 22:17:49 [GET] /js/app.js 192.168.10.12:40968 78.798µs
2025/06/24 22:17:49 [GET] /js/app.js 192.168.10.12:54226 68.431µs
2025/06/24 22:17:49 [GET] /style.css 192.168.10.12:40968 149.593µs
2025/06/24 22:17:49 [GET] /js/app.js 192.168.10.12:40968 91.028µs
2025/06/24 22:17:49 [GET] /js/db.js 192.168.10.12:54226 95.667µs
2025/06/24 22:17:49 [GET] /js/editor.js 192.168.10.12:54276 109.998µs
2025/06/24 22:17:49 [GET] /js/db.js 192.168.10.12:40968 42.485µs
2025/06/24 22:17:49 [GET] /js/theme.js 192.168.10.12:54240 457.202µs
2025/06/24 22:17:49 [GET] /js/theme.js 192.168.10.12:40996 82.977µs
2025/06/24 22:17:49 [GET] /js/editor.js 192.168.10.12:40992 76.786µs
2025/06/24 22:17:49 [GET] /js/history.js 192.168.10.12:54226 115.699µs
2025/06/24 22:17:49 [GET] /js/history.js 192.168.10.12:40996 103.476µs
2025/06/24 22:17:49 [GET] /js/modals.js 192.168.10.12:54240 113.534µs
2025/06/24 22:17:49 [GET] /js/modals.js 192.168.10.12:40968 483.171µs
2025/06/24 22:17:49 [GET] /js/db.js 192.168.10.12:40956 100.517µs
2025/06/24 22:17:49 [GET] /js/editor.js 192.168.10.12:40984 70.504µs
2025/06/24 22:17:49 [GET] /js/theme.js 192.168.10.12:40990 32.209µs
2025/06/24 22:17:49 [GET] /js/commands.js 192.168.10.12:40992 123.807µs
2025/06/24 22:17:49 [GET] /js/commands.js 192.168.10.12:54276 76.54µs
2025/06/24 22:17:49 [GET] /js/db.js 192.168.10.12:54306 65.761µs
2025/06/24 22:17:49 [GET] /js/theme.js 192.168.10.12:54296 31.138µs
2025/06/24 22:17:49 [GET] /js/editor.js 192.168.10.12:54320 63.855µs
2025/06/24 22:17:49 [GET] /js/history.js 192.168.10.12:54324 111.368µs
2025/06/24 22:17:49 [GET] /js/commands.js 192.168.10.12:54250 80.651µs
2025/06/24 22:17:49 [GET] /js/modals.js 192.168.10.12:54228 87.411µs
2025/06/24 22:17:49 [GET] /js/export.js 192.168.10.12:54226 161.593µs
2025/06/24 22:17:49 [GET] /js/export.js 192.168.10.12:40968 155.468µs
2025/06/24 22:17:49 [GET] /js/history.js 192.168.10.12:40996 126.604µs
2025/06/24 22:17:49 [GET] /js/keybindings.js 192.168.10.12:40956 85.711µs
2025/06/24 22:17:49 [GET] /js/modals.js 192.168.10.12:40990 99.021µs
2025/06/24 22:17:49 [GET] /js/commands.js 192.168.10.12:40992 115.059µs
2025/06/24 22:17:49 [GET] /js/keybindings.js 192.168.10.12:54240 74.204µs
2025/06/24 22:17:49 [GET] /js/export.js 192.168.10.12:54306 138.211µs
2025/06/24 22:17:49 [GET] /js/keybindings.js 192.168.10.12:54296 48.369µs
2025/06/24 22:17:49 [GET] /js/misc.js 192.168.10.12:40984 76.295µs
2025/06/24 22:17:49 [GET] /js/misc.js 192.168.10.12:54276 67.602µs
2025/06/24 22:17:49 [GET] /js/ui.js 192.168.10.12:54226 148.789µs
2025/06/24 22:17:49 [GET] /js/misc.js 192.168.10.12:54320 62.502µs
2025/06/24 22:17:49 [GET] /js/ui.js 192.168.10.12:54324 165.405µs
2025/06/24 22:17:49 [GET] /js/ui.js 192.168.10.12:40956 131.717µs
2025/06/24 22:17:49 [GET] /js/export.js 192.168.10.12:40992 104.427µs
2025/06/24 22:17:49 [GET] /js/misc.js 192.168.10.12:40996 48.749µs
2025/06/24 22:17:49 [GET] /js/keybindings.js 192.168.10.12:40990 305.911µs
2025/06/24 22:17:49 [GET] /js/ui.js 192.168.10.12:40992 209.543µs
2025/06/24 22:17:54 [GET] / 192.168.10.12:40992 171.693µs
2025/06/24 22:17:54 [GET] /style.css 192.168.10.12:40992 114.149µs
2025/06/24 22:17:54 [GET] /js/app.js 192.168.10.12:40992 104.527µs
2025/06/24 22:17:54 [GET] /js/db.js 192.168.10.12:40992 86.474µs
2025/06/24 22:17:54 [GET] /js/theme.js 192.168.10.12:40990 39.949µs
2025/06/24 22:17:54 [GET] /js/editor.js 192.168.10.12:40996 73.434µs
2025/06/24 22:17:54 [GET] /js/history.js 192.168.10.12:40996 116.641µs
2025/06/24 22:17:54 [GET] /js/modals.js 192.168.10.12:40990 68.108µs
2025/06/24 22:17:54 [GET] /js/commands.js 192.168.10.12:40992 83.769µs
2025/06/24 22:17:54 [GET] /js/export.js 192.168.10.12:40990 127.447µs
2025/06/24 22:17:54 [GET] /js/keybindings.js 192.168.10.12:40996 56.581µs
2025/06/24 22:17:54 [GET] /js/misc.js 192.168.10.12:40992 67.566µs
2025/06/24 22:17:54 [GET] /js/ui.js 192.168.10.12:40990 108.384µs
2025/06/24 22:20:36 [GET] / 192.168.10.12:60160 2.325019ms
2025/06/24 22:20:36 [GET] /style.css 192.168.10.12:60160 135.667µs
2025/06/24 22:20:36 [GET] /js/app.js 192.168.10.12:60160 106.964µs
2025/06/24 22:20:37 [GET] /js/db.js 192.168.10.12:60160 90.024µs
2025/06/24 22:20:37 [GET] /js/theme.js 192.168.10.12:60176 80.66µs
2025/06/24 22:20:37 [GET] /js/editor.js 192.168.10.12:60182 146.489µs
2025/06/24 22:20:37 [GET] /js/history.js 192.168.10.12:60190 125.758µs
2025/06/24 22:20:37 [GET] /js/modals.js 192.168.10.12:60200 83.127µs
2025/06/24 22:20:37 [GET] /js/commands.js 192.168.10.12:60214 116.532µs
2025/06/24 22:20:37 [GET] /js/export.js 192.168.10.12:60160 104.381µs
2025/06/24 22:20:37 [GET] /js/keybindings.js 192.168.10.12:60176 76.243µs
2025/06/24 22:20:37 [GET] /js/misc.js 192.168.10.12:60182 83.487µs
2025/06/24 22:20:37 [GET] /js/ui.js 192.168.10.12:60190 50.479µs
2025/06/24 22:22:39 Mudança detectada em www/665, enviando reload
2025/06/24 22:22:39 [GET] / 192.168.10.12:51382 189.804µs
2025/06/24 22:22:39 [GET] /style.css 192.168.10.12:51382 133.879µs
2025/06/24 22:22:39 [GET] /js/app.js 192.168.10.12:51396 439.687µs
2025/06/24 22:22:39 [GET] /js/db.js 192.168.10.12:51396 290.676µs
2025/06/24 22:22:39 [GET] /js/theme.js 192.168.10.12:51382 91.674µs
2025/06/24 22:22:39 [GET] /js/history.js 192.168.10.12:51420 126.03µs
2025/06/24 22:22:39 [GET] /js/editor.js 192.168.10.12:51396 93.79µs
2025/06/24 22:22:39 [GET] /js/modals.js 192.168.10.12:51420 110.042µs
2025/06/24 22:22:39 [GET] /js/commands.js 192.168.10.12:51382 108.165µs
2025/06/24 22:22:39 [GET] /js/export.js 192.168.10.12:51396 58.572µs
2025/06/24 22:22:39 [GET] /js/keybindings.js 192.168.10.12:51396 62.251µs
2025/06/24 22:22:39 [GET] /js/misc.js 192.168.10.12:51382 38.954µs
2025/06/24 22:22:39 [GET] /js/ui.js 192.168.10.12:51420 54.447µs
2025/06/24 22:23:15 Mudança detectada em www/style.css, enviando css-update
2025/06/24 22:23:15 [GET] / 192.168.10.12:51420 169.293µs
2025/06/24 22:23:15 [GET] /style.css 192.168.10.12:51420 123.943µs
2025/06/24 22:23:15 [GET] /js/app.js 192.168.10.12:51420 72.412µs
2025/06/24 22:23:15 [GET] /js/db.js 192.168.10.12:51420 157.569µs
2025/06/24 22:23:15 [GET] /js/editor.js 192.168.10.12:51396 85.784µs
2025/06/24 22:23:15 [GET] /js/theme.js 192.168.10.12:51382 197.461µs
2025/06/24 22:23:15 [GET] /js/history.js 192.168.10.12:51396 98.889µs
2025/06/24 22:23:15 [GET] /js/commands.js 192.168.10.12:51420 53.12µs
2025/06/24 22:23:15 [GET] /js/modals.js 192.168.10.12:51382 72.705µs
2025/06/24 22:23:15 [GET] /js/export.js 192.168.10.12:51382 104.302µs
2025/06/24 22:23:15 [GET] /js/misc.js 192.168.10.12:51396 40.402µs
2025/06/24 22:23:15 [GET] /js/keybindings.js 192.168.10.12:51420 48.648µs
2025/06/24 22:23:15 [GET] /js/ui.js 192.168.10.12:51382 93.271µs
2025/06/24 22:23:21 [GET] / 192.168.10.12:51382 202.287µs
2025/06/24 22:23:21 [GET] /style.css 192.168.10.12:51382 113.924µs
2025/06/24 22:23:21 [GET] /js/app.js 192.168.10.12:51382 91.41µs
2025/06/24 22:23:21 [GET] /js/db.js 192.168.10.12:51382 70.478µs
2025/06/24 22:23:21 [GET] /js/editor.js 192.168.10.12:51396 128.505µs
2025/06/24 22:23:21 [GET] /js/theme.js 192.168.10.12:51420 61.398µs
2025/06/24 22:23:21 [GET] /js/history.js 192.168.10.12:51382 139.878µs
2025/06/24 22:23:21 [GET] /js/modals.js 192.168.10.12:51396 96.129µs
2025/06/24 22:23:21 [GET] /js/commands.js 192.168.10.12:51420 58.529µs
2025/06/24 22:23:21 [GET] /js/export.js 192.168.10.12:51382 96.793µs
2025/06/24 22:23:21 [GET] /js/keybindings.js 192.168.10.12:51420 77.856µs
2025/06/24 22:23:21 [GET] /js/misc.js 192.168.10.12:51382 75.399µs
2025/06/24 22:23:21 [GET] /js/ui.js 192.168.10.12:51420 75.702µs
2025/06/24 22:24:31 [GET] / 192.168.10.12:35420 190.664µs
2025/06/24 22:24:31 [GET] /style.css 192.168.10.12:35420 133.147µs
2025/06/24 22:24:31 [GET] /js/app.js 192.168.10.12:35430 96.416µs
2025/06/24 22:24:31 [GET] /js/db.js 192.168.10.12:35430 75.221µs
2025/06/24 22:24:31 [GET] /js/theme.js 192.168.10.12:35420 90.751µs
2025/06/24 22:24:31 [GET] /js/editor.js 192.168.10.12:35444 147.017µs
2025/06/24 22:24:31 [GET] /js/commands.js 192.168.10.12:35480 64.402µs
2025/06/24 22:24:31 [GET] /js/modals.js 192.168.10.12:35468 80.344µs
2025/06/24 22:24:31 [GET] /js/history.js 192.168.10.12:35456 84.346µs
2025/06/24 22:24:31 [GET] /js/export.js 192.168.10.12:35430 97.902µs
2025/06/24 22:24:31 [GET] /js/keybindings.js 192.168.10.12:35420 50.269µs
2025/06/24 22:24:31 [GET] /js/ui.js 192.168.10.12:35480 114.295µs
2025/06/24 22:24:31 [GET] /js/misc.js 192.168.10.12:35444 41.676µs
2025/06/24 22:24:31 [GET] /favicon.ico 192.168.10.12:35480 30.755µs
2025/06/24 22:45:16 Mudança detectada em www/index.html, enviando reload
2025/06/24 22:45:16 [GET] / 192.168.10.12:51738 223.087µs
2025/06/24 22:45:16 [GET] /js/app.js 192.168.10.12:51744 117.073µs
2025/06/24 22:45:16 [GET] /style.css 192.168.10.12:51738 184.355µs
2025/06/24 22:45:16 [GET] /js/theme.js 192.168.10.12:51744 80.026µs
2025/06/24 22:45:16 [GET] /js/editor.js 192.168.10.12:51762 135.379µs
2025/06/24 22:45:16 [GET] /js/db.js 192.168.10.12:51738 41.905µs
2025/06/24 22:45:16 [GET] /js/history.js 192.168.10.12:51744 118.95µs
2025/06/24 22:45:16 [GET] /js/modals.js 192.168.10.12:51762 116.643µs
2025/06/24 22:45:16 [GET] /js/commands.js 192.168.10.12:51738 80.453µs
2025/06/24 22:45:16 [GET] /js/export.js 192.168.10.12:51744 99.473µs
2025/06/24 22:45:16 [GET] /js/keybindings.js 192.168.10.12:51738 63.097µs
2025/06/24 22:45:16 [GET] /js/misc.js 192.168.10.12:51744 69.321µs
2025/06/24 22:45:16 [GET] /js/ui.js 192.168.10.12:51762 147.591µs
2025/06/24 22:47:51 Mudança detectada em www/index.html, enviando reload
2025/06/24 22:47:51 [GET] / 192.168.10.12:51762 1.397416ms
2025/06/24 22:47:51 [GET] /js/app.js 192.168.10.12:51744 84.893µs
2025/06/24 22:47:51 [GET] /style.css 192.168.10.12:51762 71.899µs
2025/06/24 22:47:51 [GET] /js/db.js 192.168.10.12:51762 70.19µs
2025/06/24 22:47:51 [GET] /js/theme.js 192.168.10.12:51744 39.615µs
2025/06/24 22:47:51 [GET] /js/editor.js 192.168.10.12:51738 86.553µs
2025/06/24 22:47:51 [GET] /js/history.js 192.168.10.12:51738 120.844µs
2025/06/24 22:47:51 [GET] /js/modals.js 192.168.10.12:51744 95.304µs
2025/06/24 22:47:51 [GET] /js/commands.js 192.168.10.12:51738 94.669µs
2025/06/24 22:47:51 [GET] /js/export.js 192.168.10.12:51762 100.75µs
2025/06/24 22:47:51 [GET] /js/keybindings.js 192.168.10.12:51762 64.779µs
2025/06/24 22:47:51 [GET] /js/misc.js 192.168.10.12:51744 78.531µs
2025/06/24 22:47:51 [GET] /js/ui.js 192.168.10.12:51762 94.513µs
2025/06/24 22:48:21 Mudança detectada em www/index.html, enviando reload
2025/06/24 22:48:21 [GET] / 192.168.10.12:52890 256.994µs
2025/06/24 22:48:21 [GET] /js/app.js 192.168.10.12:52906 78.275µs
2025/06/24 22:48:21 [GET] /style.css 192.168.10.12:52890 110.963µs
2025/06/24 22:48:22 [GET] /js/db.js 192.168.10.12:52890 71.364µs
2025/06/24 22:48:22 [GET] /js/theme.js 192.168.10.12:52906 42.49µs
2025/06/24 22:48:22 [GET] /js/editor.js 192.168.10.12:52922 137.692µs
2025/06/24 22:48:22 [GET] /js/history.js 192.168.10.12:52906 97.576µs
2025/06/24 22:48:22 [GET] /js/modals.js 192.168.10.12:52890 63.501µs
2025/06/24 22:48:22 [GET] /js/commands.js 192.168.10.12:52922 88.699µs
2025/06/24 22:48:22 [GET] /js/export.js 192.168.10.12:52922 179.507µs
2025/06/24 22:48:22 [GET] /js/keybindings.js 192.168.10.12:52890 86.925µs
2025/06/24 22:48:22 [GET] /js/misc.js 192.168.10.12:52906 38.841µs
2025/06/24 22:48:22 [GET] /js/ui.js 192.168.10.12:52922 119.67µs
2025/06/24 22:48:32 Mudança detectada em www/index.html, enviando reload
2025/06/24 22:48:32 [GET] / 192.168.10.12:52922 179.767µs
2025/06/24 22:48:32 [GET] /style.css 192.168.10.12:52922 131.798µs
2025/06/24 22:48:32 [GET] /js/app.js 192.168.10.12:52906 76.745µs
2025/06/24 22:48:32 [GET] /js/db.js 192.168.10.12:52906 65.053µs
2025/06/24 22:48:32 [GET] /js/theme.js 192.168.10.12:52922 61.403µs
2025/06/24 22:48:32 [GET] /js/editor.js 192.168.10.12:52890 59.896µs
2025/06/24 22:48:32 [GET] /js/history.js 192.168.10.12:52890 100.405µs
2025/06/24 22:48:32 [GET] /js/commands.js 192.168.10.12:52906 53.632µs
2025/06/24 22:48:32 [GET] /js/modals.js 192.168.10.12:52922 58.802µs
2025/06/24 22:48:32 [GET] /js/keybindings.js 192.168.10.12:52906 46.078µs
2025/06/24 22:48:32 [GET] /js/export.js 192.168.10.12:52922 93.39µs
2025/06/24 22:48:32 [GET] /js/misc.js 192.168.10.12:52890 50.647µs
2025/06/24 22:48:32 [GET] /js/ui.js 192.168.10.12:52922 97.097µs
2025/06/24 22:48:40 Mudança detectada em www/index.html, enviando reload
2025/06/24 22:48:40 [GET] / 192.168.10.12:52922 198.668µs
2025/06/24 22:48:40 [GET] /style.css 192.168.10.12:52922 161.006µs
2025/06/24 22:48:40 [GET] /js/app.js 192.168.10.12:52890 77.848µs
2025/06/24 22:48:40 [GET] /js/db.js 192.168.10.12:52922 75.957µs
2025/06/24 22:48:40 [GET] /js/theme.js 192.168.10.12:52890 77.532µs
2025/06/24 22:48:40 [GET] /js/editor.js 192.168.10.12:52906 81.574µs
2025/06/24 22:48:40 [GET] /js/history.js 192.168.10.12:52922 127.102µs
2025/06/24 22:48:40 [GET] /js/modals.js 192.168.10.12:52922 110.532µs
2025/06/24 22:48:40 [GET] /js/commands.js 192.168.10.12:52906 121.461µs
2025/06/24 22:48:40 [GET] /js/export.js 192.168.10.12:52890 119.977µs
2025/06/24 22:48:40 [GET] /js/keybindings.js 192.168.10.12:52890 67.46µs
2025/06/24 22:48:40 [GET] /js/misc.js 192.168.10.12:52906 49.679µs
2025/06/24 22:48:40 [GET] /js/ui.js 192.168.10.12:52922 66.247µs
2025/06/24 22:49:09 Mudança detectada em www/index.html, enviando reload
2025/06/24 22:49:09 [GET] / 192.168.10.12:52922 188.713µs
2025/06/24 22:49:09 [GET] /js/app.js 192.168.10.12:52906 72.884µs
2025/06/24 22:49:09 [GET] /style.css 192.168.10.12:52922 74.34µs
2025/06/24 22:49:09 [GET] /js/editor.js 192.168.10.12:52890 99.059µs
2025/06/24 22:49:09 [GET] /js/theme.js 192.168.10.12:52906 42.45µs
2025/06/24 22:49:09 [GET] /js/db.js 192.168.10.12:52922 93.302µs
2025/06/24 22:49:09 [GET] /js/modals.js 192.168.10.12:52922 148.067µs
2025/06/24 22:49:09 [GET] /js/commands.js 192.168.10.12:52906 223.533µs
2025/06/24 22:49:09 [GET] /js/history.js 192.168.10.12:52890 11.894576ms
2025/06/24 22:49:09 [GET] /js/keybindings.js 192.168.10.12:52922 61.406µs
2025/06/24 22:49:09 [GET] /js/export.js 192.168.10.12:52906 110.556µs
2025/06/24 22:49:09 [GET] /js/misc.js 192.168.10.12:52890 67.624µs
2025/06/24 22:49:09 [GET] /js/ui.js 192.168.10.12:52906 90.354µs
2025/06/25 12:17:57 🚀 Servidor iniciado em http://localhost:5571
2025/06/25 12:17:57    Servindo diretório: www
2025/06/25 12:17:57    Live Reload: Ativado
2025/06/25 12:17:57    Logs sendo gravados em: server.log
2025/06/25 12:17:58 [GET] / 192.168.10.12:56926 4.157831ms
2025/06/25 12:17:58 [GET] /style.css 192.168.10.12:56926 335.313µs
2025/06/25 12:17:58 [GET] /js/app.js 192.168.10.12:56930 92.442µs
2025/06/25 12:17:59 [GET] /js/theme.js 192.168.10.12:56926 63.827µs
2025/06/25 12:17:59 [GET] /js/db.js 192.168.10.12:56930 47.505µs
2025/06/25 12:17:59 [GET] /js/editor.js 192.168.10.12:56954 135.373µs
2025/06/25 12:17:59 [GET] /js/history.js 192.168.10.12:56970 90.909µs
2025/06/25 12:17:59 [GET] /js/modals.js 192.168.10.12:56984 59.85µs
2025/06/25 12:17:59 [GET] /js/commands.js 192.168.10.12:56996 72.884µs
2025/06/25 12:17:59 [GET] /js/export.js 192.168.10.12:56926 73.397µs
2025/06/25 12:17:59 [GET] /js/keybindings.js 192.168.10.12:56930 67.639µs
2025/06/25 12:17:59 [GET] /js/misc.js 192.168.10.12:56930 93.068µs
2025/06/25 12:17:59 [GET] /js/ui.js 192.168.10.12:56954 75.21µs
2025/06/25 12:17:59 [GET] /favicon.ico 192.168.10.12:56954 33.357µs
2025/06/25 14:01:54 [GET] / 192.168.10.12:42846 162.701µs
2025/06/25 14:01:54 [GET] /style.css 192.168.10.12:42846 437.248µs
2025/06/25 14:01:54 [GET] /js/app.js 192.168.10.12:42846 86.297µs
2025/06/25 14:01:54 [GET] /js/db.js 192.168.10.12:42846 68.788µs
2025/06/25 14:01:54 [GET] /js/theme.js 192.168.10.12:42852 72.088µs
2025/06/25 14:01:54 [GET] /js/editor.js 192.168.10.12:42858 93.56µs
2025/06/25 14:01:54 [GET] /js/history.js 192.168.10.12:42858 98.85µs
2025/06/25 14:01:54 [GET] /js/modals.js 192.168.10.12:42852 65.267µs
2025/06/25 14:01:54 [GET] /js/commands.js 192.168.10.12:42846 54.96µs
2025/06/25 14:01:54 [GET] /js/keybindings.js 192.168.10.12:42858 35.734µs
2025/06/25 14:01:54 [GET] /js/export.js 192.168.10.12:42852 101.325µs
2025/06/25 14:01:54 [GET] /js/misc.js 192.168.10.12:42846 39.148µs
2025/06/25 14:01:54 [GET] /js/ui.js 192.168.10.12:42846 89.11µs
2025/06/25 14:01:58 [GET] / [::1]:59510 158.282µs
2025/06/25 14:01:58 [GET] /style.css [::1]:59510 115.729µs
2025/06/25 14:01:59 [GET] /js/app.js [::1]:59510 126.292µs
2025/06/25 14:02:01 [GET] /js/db.js [::1]:59510 81.377µs
2025/06/25 14:02:01 [GET] /js/theme.js [::1]:59526 100.702µs
2025/06/25 14:02:01 [GET] /js/editor.js [::1]:59536 147.336µs
2025/06/25 14:02:01 [GET] /js/history.js [::1]:59536 115.52µs
2025/06/25 14:02:01 [GET] /js/commands.js [::1]:59510 64.211µs
2025/06/25 14:02:01 [GET] /js/modals.js [::1]:59526 81.362µs
2025/06/25 14:02:01 [GET] /js/export.js [::1]:59526 114.974µs
2025/06/25 14:02:01 [GET] /js/keybindings.js [::1]:59510 46.938µs
2025/06/25 14:02:01 [GET] /js/misc.js [::1]:59536 45.436µs
2025/06/25 14:02:01 [GET] /js/ui.js [::1]:59526 109.156µs
2025/06/25 14:02:13 [GET] / 192.168.10.12:42846 155.515µs
2025/06/25 14:02:13 [GET] /style.css 192.168.10.12:42846 110.237µs
2025/06/25 14:02:14 [GET] /js/app.js 192.168.10.12:42846 70.16µs
2025/06/25 14:02:14 [GET] /js/db.js 192.168.10.12:42846 72.856µs
2025/06/25 14:02:14 [GET] /js/theme.js 192.168.10.12:42852 61.996µs
2025/06/25 14:02:14 [GET] /js/editor.js 192.168.10.12:42858 56.638µs
2025/06/25 14:02:14 [GET] /js/history.js 192.168.10.12:42846 92.886µs
2025/06/25 14:02:14 [GET] /js/modals.js 192.168.10.12:42846 98.426µs
2025/06/25 14:02:14 [GET] /js/export.js 192.168.10.12:42852 55.652µs
2025/06/25 14:02:14 [GET] /js/commands.js 192.168.10.12:42858 47.028µs
2025/06/25 14:02:14 [GET] /js/keybindings.js 192.168.10.12:42858 66.18µs
2025/06/25 14:02:14 [GET] /js/misc.js 192.168.10.12:42852 42.752µs
2025/06/25 14:02:14 [GET] /js/ui.js 192.168.10.12:42846 106.646µs
2025/06/25 14:12:39 🚀 Servidor iniciado em http://localhost:5571
2025/06/25 14:12:39    Servindo diretório: www
2025/06/25 14:12:39    Live Reload: Ativado
2025/06/25 14:12:39    Logs sendo gravados em: server.log
2025/06/25 14:12:43 [GET] / 192.168.10.12:34810 5.815084ms
2025/06/25 14:12:43 [GET] /style.css 192.168.10.12:34810 102.411µs
2025/06/25 14:12:43 [GET] /js/app.js 192.168.10.12:34810 82.76µs
2025/06/25 14:12:43 [GET] /js/db.js 192.168.10.12:34810 74.161µs
2025/06/25 14:12:43 [GET] /js/theme.js 192.168.10.12:34814 78.913µs
2025/06/25 14:12:43 [GET] /js/editor.js 192.168.10.12:34824 105.306µs
2025/06/25 14:12:43 [GET] /js/history.js 192.168.10.12:34824 97.745µs
2025/06/25 14:12:43 [GET] /js/modals.js 192.168.10.12:34814 107.856µs
2025/06/25 14:12:43 [GET] /js/commands.js 192.168.10.12:34810 93.544µs
2025/06/25 14:12:43 [GET] /js/keybindings.js 192.168.10.12:34814 50.345µs
2025/06/25 14:12:43 [GET] /js/export.js 192.168.10.12:34810 107.318µs
2025/06/25 14:12:43 [GET] /js/misc.js 192.168.10.12:34824 80.937µs
2025/06/25 14:12:43 [GET] /js/ui.js 192.168.10.12:34814 108.614µs
2025/06/25 14:12:45 [GET] / 192.168.10.12:34814 368.252µs
2025/06/25 14:12:45 [GET] /style.css 192.168.10.12:34814 177.255µs
2025/06/25 14:12:45 [GET] /js/app.js 192.168.10.12:34814 120.943µs
2025/06/25 14:12:45 [GET] /js/db.js 192.168.10.12:34814 76.395µs
2025/06/25 14:12:45 [GET] /js/theme.js 192.168.10.12:34810 87.477µs
2025/06/25 14:12:45 [GET] /js/editor.js 192.168.10.12:34824 73.914µs
2025/06/25 14:12:45 [GET] /js/history.js 192.168.10.12:40472 161.953µs
2025/06/25 14:12:45 [GET] /js/modals.js 192.168.10.12:40486 90.349µs
2025/06/25 14:12:45 [GET] /js/commands.js 192.168.10.12:40496 91.586µs
2025/06/25 14:12:45 [GET] /js/export.js 192.168.10.12:34814 322.817µs
2025/06/25 14:12:45 [GET] /js/keybindings.js 192.168.10.12:34810 52.229µs
2025/06/25 14:12:45 [GET] /js/misc.js 192.168.10.12:34824 54.712µs
2025/06/25 14:12:45 [GET] /js/ui.js 192.168.10.12:40472 86.538µs
2025/06/25 14:12:48 [GET] / 192.168.10.12:40498 246.27µs
2025/06/25 14:12:48 [GET] /style.css 192.168.10.12:40498 143.883µs
2025/06/25 14:12:48 [GET] /js/app.js 192.168.10.12:40498 73.909µs
2025/06/25 14:12:48 [GET] /js/db.js 192.168.10.12:40498 87.941µs
2025/06/25 14:12:48 [GET] /js/theme.js 192.168.10.12:40520 106.312µs
2025/06/25 14:12:48 [GET] /js/editor.js 192.168.10.12:40524 122.377µs
2025/06/25 14:12:48 [GET] /js/history.js 192.168.10.12:40540 87.865µs
2025/06/25 14:12:48 [GET] /js/modals.js 192.168.10.12:40546 101.126µs
2025/06/25 14:12:48 [GET] /js/commands.js 192.168.10.12:40552 106.364µs
2025/06/25 14:12:48 [GET] /js/export.js 192.168.10.12:40498 87.501µs
2025/06/25 14:12:48 [GET] /js/keybindings.js 192.168.10.12:40520 58.488µs
2025/06/25 14:12:48 [GET] /js/misc.js 192.168.10.12:40524 61.208µs
2025/06/25 14:12:48 [GET] /js/ui.js 192.168.10.12:40540 81.973µs
2025/06/25 14:44:22 [GET] / 192.168.10.12:34082 424.672µs
2025/06/25 14:44:22 [GET] /style.css 192.168.10.12:34082 114.121µs
2025/06/25 14:44:22 [GET] /js/app.js 192.168.10.12:34082 150.903µs
2025/06/25 14:44:23 [GET] /js/db.js 192.168.10.12:34082 104.461µs
2025/06/25 14:44:23 [GET] /js/theme.js 192.168.10.12:34084 59.081µs
2025/06/25 14:44:23 [GET] /js/editor.js 192.168.10.12:34100 71.978µs
2025/06/25 14:44:23 [GET] /js/history.js 192.168.10.12:34084 104.648µs
2025/06/25 14:44:23 [GET] /js/modals.js 192.168.10.12:34082 102.519µs
2025/06/25 14:44:23 [GET] /js/commands.js 192.168.10.12:34084 86.489µs
2025/06/25 14:44:23 [GET] /js/export.js 192.168.10.12:34100 86.993µs
2025/06/25 14:44:23 [GET] /js/keybindings.js 192.168.10.12:34082 59.302µs
2025/06/25 14:44:23 [GET] /js/misc.js 192.168.10.12:34082 59.41µs
2025/06/25 14:44:23 [GET] /js/ui.js 192.168.10.12:34100 74.12µs
2025/06/25 15:17:22 [GET] / 192.168.10.12:42236 163.928µs
2025/06/25 15:17:22 [GET] /style.css 192.168.10.12:42236 129.594µs
2025/06/25 15:17:22 [GET] /js/app.js 192.168.10.12:42236 75.042µs
2025/06/25 15:17:22 [GET] /js/db.js 192.168.10.12:42236 66.892µs
2025/06/25 15:17:22 [GET] /js/theme.js 192.168.10.12:42252 53.077µs
2025/06/25 15:17:22 [GET] /js/editor.js 192.168.10.12:42268 142.994µs
2025/06/25 15:17:22 [GET] /js/history.js 192.168.10.12:42236 87.525µs
2025/06/25 15:17:22 [GET] /js/modals.js 192.168.10.12:42268 93.85µs
2025/06/25 15:17:22 [GET] /js/commands.js 192.168.10.12:42252 60.666µs
2025/06/25 15:17:22 [GET] /js/export.js 192.168.10.12:42236 110.371µs
2025/06/25 15:17:22 [GET] /js/keybindings.js 192.168.10.12:42236 66.35µs
2025/06/25 15:17:22 [GET] /js/misc.js 192.168.10.12:42252 80.282µs
2025/06/25 15:17:22 [GET] /js/ui.js 192.168.10.12:42268 56.885µs
2025/06/25 16:08:49 [GET] / 192.168.10.12:49476 1.874338ms
2025/06/25 16:08:49 [GET] /style.css 192.168.10.12:49476 158.488µs
2025/06/25 16:08:49 [GET] /js/app.js 192.168.10.12:49476 81.359µs
2025/06/25 16:08:49 [GET] /js/db.js 192.168.10.12:49476 73.443µs
2025/06/25 16:08:49 [GET] /js/theme.js 192.168.10.12:49488 57.822µs
2025/06/25 16:08:49 [GET] /js/editor.js 192.168.10.12:49504 65.966µs
2025/06/25 16:08:49 [GET] /js/history.js 192.168.10.12:49476 94.711µs
2025/06/25 16:08:49 [GET] /js/modals.js 192.168.10.12:49488 99.732µs
2025/06/25 16:08:49 [GET] /js/commands.js 192.168.10.12:49504 101.058µs
2025/06/25 16:08:49 [GET] /js/export.js 192.168.10.12:49504 130.3µs
2025/06/25 16:08:49 [GET] /js/keybindings.js 192.168.10.12:49488 109.357µs
2025/06/25 16:08:49 [GET] /js/misc.js 192.168.10.12:49476 40.455µs
2025/06/25 16:08:49 [GET] /js/ui.js 192.168.10.12:49504 87.445µs
2025/06/27 23:19:44 🚀 Servidor iniciado em http://localhost:5571
2025/06/27 23:19:44    Servindo diretório: www
2025/06/27 23:19:44    Live Reload: Ativado
2025/06/27 23:19:44    Logs sendo gravados em: server.log
2025/06/27 23:19:56 Mudança detectada em www/README.md, enviando reload
2025/06/27 23:20:00 [GET] / 192.168.10.12:48062 8.838838ms
2025/06/27 23:20:00 [GET] /css/style.css 192.168.10.12:48062 59.714µs
2025/06/27 23:20:00 [GET] /js/script.js 192.168.10.12:48078 121.328µs
2025/06/27 23:20:00 [GET] /favicon.ico 192.168.10.12:48078 38.731µs
2025/06/27 23:21:29 [GET] / 192.168.10.14:54225 277.686µs
2025/06/27 23:21:29 [GET] /css/style.css 192.168.10.14:54225 75.843µs
2025/06/27 23:21:29 [GET] /js/script.js 192.168.10.14:54226 212.428µs
2025/06/27 23:21:29 [GET] /favicon.ico 192.168.10.14:58280 67.244µs
2025/06/27 23:26:05 [GET] / 192.168.10.14:54230 196.309µs
2025/06/27 23:26:05 [GET] /css/style.css 192.168.10.14:54230 62.983µs
2025/06/27 23:26:05 [GET] /js/script.js 192.168.10.14:54230 162.642µs
2025/07/05 18:48:55 🚀 Servidor iniciado em http://localhost:5571
2025/07/05 18:48:56    Servindo diretório: www
2025/07/05 18:48:56    Live Reload: Ativado
2025/07/05 18:48:56    Logs sendo gravados em: server.log
2025/07/05 18:49:21 🚀 Servidor iniciado em http://localhost:5571
2025/07/05 18:49:21    Servindo diretório: www
2025/07/05 18:49:21    Live Reload: Ativado
2025/07/05 18:49:21    Logs sendo gravados em: server.log
2025/07/05 18:51:33 [GET] / 192.168.10.12:43168 76.686951ms
2025/07/05 18:51:33 [GET] /css/style.css 192.168.10.12:43168 72.664µs
2025/07/05 18:51:33 [GET] /js/script.js 192.168.10.12:43184 171.82µs
2025/07/05 18:51:34 [GET] /favicon.ico 192.168.10.12:43184 64.118µs
2025/07/05 18:54:10 [GET] / 192.168.10.12:43184 135.79µs
2025/07/05 18:54:10 [GET] /css/style.css 192.168.10.12:43184 99.567µs
2025/07/05 18:54:10 [GET] /js/script.js 192.168.10.12:43168 115.933µs
2025/07/05 19:01:29 [GET] / 192.168.10.12:59700 166.131µs
2025/07/05 19:01:29 [GET] /js/script.js 192.168.10.12:59712 156.804µs
2025/07/05 19:01:29 [GET] /css/style.css 192.168.10.12:59700 47.288µs
2025/07/05 19:03:55 [GET] / 192.168.10.10:44970 169.825µs
2025/07/05 19:03:55 [GET] /css/style.css 192.168.10.10:44970 131.227µs
2025/07/05 19:03:55 [GET] /js/script.js 192.168.10.10:44984 235.03µs
2025/07/05 19:03:56 [GET] /favicon.ico 192.168.10.10:44970 42.564µs
2025/07/05 19:05:22 [GET] / 192.168.10.10:44970 154.945µs
2025/07/05 19:05:22 [GET] /css/style.css 192.168.10.10:44970 82.472µs
2025/07/05 19:05:22 [GET] /js/script.js 192.168.10.10:44984 198.826µs
2025/07/05 19:14:40 [GET] / 192.168.10.12:40388 146.289µs
2025/07/05 19:14:40 [GET] /css/style.css 192.168.10.12:40388 62.459µs
2025/07/05 19:14:40 [GET] /js/script.js 192.168.10.12:40392 108.094µs
2025/07/05 19:18:22 [GET] / 192.168.10.12:53852 176.068µs
2025/07/05 19:18:22 [GET] /css/style.css 192.168.10.12:53852 55.495µs
2025/07/05 19:18:22 [GET] /js/script.js 192.168.10.12:53864 97.28µs
2025/07/06 11:22:58 🚀 Servidor iniciado em http://localhost:5571
2025/07/06 11:22:58    Servindo diretório: www
2025/07/06 11:22:58    Live Reload: Ativado
2025/07/06 11:22:58    Logs sendo gravados em: server.log
2025/07/06 11:23:01 [GET] / 192.168.10.12:51954 13.073679ms
2025/07/06 11:23:01 [GET] /style.css 192.168.10.12:51954 134.352µs
2025/07/06 11:23:02 [GET] /favicon.ico 192.168.10.12:51954 40.853µs
2025/07/06 11:23:25 [GET] / 192.168.10.12:51954 176.031µs
2025/07/06 11:23:25 [GET] /style.css 192.168.10.12:51954 107.762µs
2025/07/06 11:24:34 Mudança detectada em www/index.html, enviando reload
2025/07/06 11:24:34 [GET] / 192.168.10.12:51954 169.679µs
2025/07/06 11:24:34 [GET] /style.css 192.168.10.12:51954 153.598µs
2025/07/06 11:24:34 [GET] /script.js 192.168.10.12:51954 136.68µs
2025/07/06 11:24:42 Mudança detectada em www/style.css, enviando css-update
2025/07/06 11:24:42 [GET] / 192.168.10.12:51954 448.56µs
2025/07/06 11:24:42 [GET] /style.css 192.168.10.12:51954 107.745µs
2025/07/06 11:24:42 [GET] /script.js 192.168.10.12:37870 89.238µs
2025/07/06 11:24:49 Mudança detectada em www/script.js, enviando js-update
2025/07/06 11:24:49 [GET] / 192.168.10.12:37870 183.399µs
2025/07/06 11:24:49 [GET] /style.css 192.168.10.12:37870 115.056µs
2025/07/06 11:24:49 [GET] /script.js 192.168.10.12:51954 68.244µs
2025/07/06 11:24:57 [GET] / 192.168.10.12:51954 306.429µs
2025/07/06 11:24:57 [GET] /style.css 192.168.10.12:51954 234.434µs
2025/07/06 11:24:57 [GET] /script.js 192.168.10.12:37870 169.689µs
2025/07/06 11:27:22 Mudança detectada em www/index.html, enviando reload
2025/07/06 11:27:22 [GET] / 192.168.10.12:37870 178.807µs
2025/07/06 11:27:22 [GET] /style.css 192.168.10.12:37870 139.803µs
2025/07/06 11:27:22 [GET] /script.js 192.168.10.12:51954 127.873µs
2025/07/06 11:27:29 Mudança detectada em www/index.html, enviando reload
2025/07/06 11:27:29 [GET] / 192.168.10.12:51954 152.91µs
2025/07/06 11:27:29 [GET] /style.css 192.168.10.12:51954 128.555µs
2025/07/06 11:27:29 [GET] /script.js 192.168.10.12:51954 137.888µs
2025/07/06 11:27:48 Mudança detectada em www/style.css, enviando css-update
2025/07/06 11:27:48 [GET] / 192.168.10.12:51954 159.406µs
2025/07/06 11:27:48 [GET] /script.js 192.168.10.12:37870 97.107µs
2025/07/06 11:27:48 [GET] /style.css 192.168.10.12:51954 70.218µs
2025/07/06 11:27:59 Mudança detectada em www/style.css, enviando css-update
2025/07/06 11:27:59 [GET] / 192.168.10.12:51954 208.084µs
2025/07/06 11:27:59 [GET] /style.css 192.168.10.12:51954 132.481µs
2025/07/06 11:27:59 [GET] /script.js 192.168.10.12:37870 142.823µs
2025/07/06 11:28:09 Mudança detectada em www/style.css, enviando css-update
2025/07/06 11:28:09 [GET] / 192.168.10.12:37870 151.972µs
2025/07/06 11:28:09 [GET] /script.js 192.168.10.12:51954 470.83µs
2025/07/06 11:28:09 [GET] /style.css 192.168.10.12:37870 2.521643ms
2025/07/06 11:28:22 Mudança detectada em www/style.css, enviando css-update
2025/07/06 11:28:22 [GET] / 192.168.10.12:37870 193.221µs
2025/07/06 11:28:22 [GET] /script.js 192.168.10.12:51954 56.84µs
2025/07/06 11:28:22 [GET] /style.css 192.168.10.12:37870 257.444µs
2025/07/06 11:28:34 Mudança detectada em www/script.js, enviando js-update
2025/07/06 11:28:34 [GET] / 192.168.10.12:51954 184.931µs
2025/07/06 11:28:34 [GET] /script.js 192.168.10.12:37870 167.196µs
2025/07/06 11:28:34 [GET] /style.css 192.168.10.12:51954 77.613µs
2025/07/06 11:28:36 [GET] / 192.168.10.12:51954 284.678µs
2025/07/06 11:28:36 [GET] /style.css 192.168.10.12:51954 217.183µs
2025/07/06 11:28:36 [GET] /script.js 192.168.10.12:37870 123.899µs
2025/07/06 11:30:47 Mudança detectada em www/script.js, enviando js-update
2025/07/06 11:30:47 [GET] / 192.168.10.12:37870 219.105µs
2025/07/06 11:30:47 [GET] /style.css 192.168.10.12:37870 115.664µs
2025/07/06 11:30:47 [GET] /script.js 192.168.10.12:51954 63.073µs
2025/07/06 11:30:51 [GET] / 192.168.10.12:37870 180.014µs
2025/07/06 11:30:51 [GET] /style.css 192.168.10.12:37870 109.145µs
2025/07/06 11:30:51 [GET] /script.js 192.168.10.12:51954 76.516µs
2025/07/06 11:31:23 Mudança detectada em www/index.html, enviando reload
2025/07/06 11:31:23 [GET] / 192.168.10.12:37870 189.76µs
2025/07/06 11:31:24 [GET] /style.css 192.168.10.12:51954 128.694µs
2025/07/06 11:31:25 [GET] / 192.168.10.12:51954 213.36µs
2025/07/06 11:31:25 [GET] /style.css 192.168.10.12:51954 115.573µs
2025/07/06 11:31:49 Mudança detectada em www/style.css, enviando css-update
2025/07/06 11:31:49 [GET] / 192.168.10.12:51954 256.372µs
2025/07/06 11:31:49 [GET] /style.css 192.168.10.12:51954 133.155µs
2025/07/06 11:31:52 [GET] / 192.168.10.12:51954 212.4µs
2025/07/06 11:31:52 [GET] /style.css 192.168.10.12:51954 133.371µs
2025/07/06 11:32:05 Mudança detectada em www/style.css, enviando css-update
2025/07/06 11:32:05 [GET] / 192.168.10.12:51954 232.427µs
2025/07/06 11:32:05 [GET] /style.css 192.168.10.12:37870 151.981µs
2025/07/06 11:32:27 Mudança detectada em www/style.css, enviando css-update
2025/07/06 11:32:27 [GET] / 192.168.10.12:37870 202.639µs
2025/07/06 11:32:28 [GET] /style.css 192.168.10.12:37870 143.905µs
2025/07/06 11:32:29 [GET] / 192.168.10.12:37870 417.827µs
2025/07/06 11:32:29 [GET] /style.css 192.168.10.12:37870 217.482µs
2025/07/06 11:32:42 Mudança detectada em www/index.html, enviando reload
2025/07/06 11:32:42 [GET] / 192.168.10.12:37870 173.904µs
2025/07/06 11:32:42 [GET] /style.css 192.168.10.12:37870 109.457µs
2025/07/06 11:32:44 [GET] / 192.168.10.12:37870 315.067µs
2025/07/06 11:32:44 [GET] /style.css 192.168.10.12:37870 188.664µs
2025/07/06 11:34:27 Mudança detectada em www/index.html, enviando reload
2025/07/06 11:34:27 [GET] / 192.168.10.12:37870 170.945µs
2025/07/06 11:34:27 [GET] /style.css 192.168.10.12:37870 109.183µs
2025/07/06 11:34:57 Mudança detectada em www/index.html, enviando reload
2025/07/06 11:34:57 [GET] / 192.168.10.12:37870 184.408µs
2025/07/06 11:34:57 [GET] /style.css 192.168.10.12:37870 162.172µs
2025/07/06 11:35:08 [GET] / 192.168.10.12:37870 200.47µs
2025/07/06 11:35:08 [GET] /style.css 192.168.10.12:37870 124.241µs
2025/07/06 11:37:16 Mudança detectada em www/index.html, enviando reload
2025/07/06 11:37:16 [GET] / 192.168.10.12:37870 205.302µs
2025/07/06 11:37:16 [GET] /style.css 192.168.10.12:37870 118.28µs
2025/07/06 11:37:18 [GET] / 192.168.10.12:37870 224.396µs
2025/07/06 11:37:18 [GET] /style.css 192.168.10.12:37870 118.481µs
2025/07/06 11:37:27 Mudança detectada em www/index.html, enviando reload
2025/07/06 11:37:29 [GET] / 192.168.10.12:37870 270.307µs
2025/07/06 11:37:29 [GET] /style.css 192.168.10.12:37870 106.494µs
2025/07/06 11:37:49 Mudança detectada em www/index.html, enviando reload
2025/07/06 11:37:49 [GET] / 192.168.10.12:37870 221.498µs
2025/07/06 11:37:49 [GET] /style.css 192.168.10.12:37870 117.056µs
2025/07/06 11:38:07 Mudança detectada em www/style.css, enviando css-update
2025/07/06 11:38:07 [GET] / 192.168.10.12:37870 193.954µs
2025/07/06 11:38:07 [GET] /style.css 192.168.10.12:37870 678.389µs
2025/07/06 11:38:10 [GET] / 192.168.10.12:37870 199.54µs
2025/07/06 11:38:10 [GET] /style.css 192.168.10.12:37870 133.598µs
2025/07/06 11:38:11 [GET] / 192.168.10.12:37870 220.613µs
2025/07/06 11:38:11 [GET] /style.css 192.168.10.12:37870 134.194µs
2025/07/06 11:39:00 [GET] / 192.168.10.12:37870 379.297µs
2025/07/06 11:39:00 [GET] /style.css 192.168.10.12:37870 210.851µs
2025/07/06 11:41:04 Mudança detectada em www/index.html, enviando reload
2025/07/06 11:41:04 [GET] / 192.168.10.12:37870 219.763µs
2025/07/06 11:41:04 [GET] /style.css 192.168.10.12:37870 132.29µs
2025/07/06 11:41:07 [GET] / 192.168.10.12:37870 168.471µs
2025/07/06 11:41:07 [GET] /style.css 192.168.10.12:37870 111.194µs
2025/07/06 11:41:18 Mudança detectada em www/index.html, enviando reload
2025/07/06 11:41:18 [GET] / 192.168.10.12:37870 170.546µs
2025/07/06 11:41:19 [GET] /style.css 192.168.10.12:37870 123.272µs
2025/07/06 11:41:49 Mudança detectada em www/style.css, enviando css-update
2025/07/06 11:41:49 [GET] / 192.168.10.12:37870 171.215µs
2025/07/06 11:41:49 [GET] /style.css 192.168.10.12:37870 122.275µs
2025/07/06 11:41:50 [GET] / 192.168.10.12:37870 173.347µs
2025/07/06 11:41:50 [GET] /style.css 192.168.10.12:37870 152.752µs
2025/07/06 11:41:51 [GET] / 192.168.10.12:37870 196.893µs
2025/07/06 11:41:51 [GET] /style.css 192.168.10.12:37870 133.173µs
2025/07/06 11:43:16 Mudança detectada em www/script.js, enviando js-update
2025/07/06 11:43:16 [GET] / 192.168.10.12:37870 181.263µs
2025/07/06 11:43:16 [GET] /style.css 192.168.10.12:37870 138.208µs
2025/07/06 11:43:19 Mudança detectada em www/script.js, enviando js-update
2025/07/06 11:43:19 [GET] / 192.168.10.12:37870 160.222µs
2025/07/06 11:43:19 [GET] /style.css 192.168.10.12:37870 119.479µs
2025/07/06 11:43:20 Mudança detectada em www/script.js, enviando js-update
2025/07/06 11:44:22 Mudança detectada em www/index.html, enviando reload
2025/07/06 11:44:22 [GET] / 192.168.10.12:37870 166.812µs
2025/07/06 11:44:22 [GET] /style.css 192.168.10.12:37870 157.038µs
2025/07/06 11:44:46 [GET] / 192.168.10.12:37870 233.691µs
2025/07/06 11:44:46 [GET] /style.css 192.168.10.12:37870 154.34µs
2025/07/06 11:45:37 Mudança detectada em www/style.css, enviando css-update
2025/07/06 11:45:37 [GET] / 192.168.10.12:37870 260.863µs
2025/07/06 11:45:37 [GET] /style.css 192.168.10.12:37870 138.535µs
2025/07/06 11:45:39 [GET] / 192.168.10.12:37870 413.482µs
2025/07/06 11:45:39 [GET] /style.css 192.168.10.12:37870 245.687µs
2025/07/06 11:48:01 Mudança detectada em www/index.html, enviando reload
2025/07/06 11:48:01 [GET] / 192.168.10.12:37870 150.447µs
2025/07/06 11:48:01 [GET] /style.css 192.168.10.12:37870 125.203µs
2025/07/06 11:48:08 Mudança detectada em www/index.html, enviando reload
2025/07/06 11:48:11 [GET] / 192.168.10.12:37870 167.555µs
2025/07/06 11:48:11 [GET] /style.css 192.168.10.12:37870 147.545µs
2025/07/06 11:48:12 [GET] / 192.168.10.12:37870 169.622µs
2025/07/06 11:48:12 [GET] /style.css 192.168.10.12:37870 133.969µs
2025/07/06 11:48:24 Mudança detectada em www/index.html, enviando reload
2025/07/06 11:48:25 [GET] / 192.168.10.12:37870 143.827µs
2025/07/06 11:48:25 [GET] /style.css 192.168.10.12:37870 142.129µs
2025/07/06 11:48:25 [GET] /script.js 192.168.10.12:48824 85.337µs
2025/07/06 11:48:36 [GET] / 192.168.10.12:37870 178.151µs
2025/07/06 11:48:36 [GET] /style.css 192.168.10.12:37870 148.289µs
2025/07/06 11:48:36 [GET] /script.js 192.168.10.12:48824 73.933µs
2025/07/06 11:48:46 Mudança detectada em www/index.html, enviando reload
2025/07/06 11:48:46 [GET] / 192.168.10.12:48824 177.021µs
2025/07/06 11:48:46 [GET] /style.css 192.168.10.12:48824 187.236µs
2025/07/06 11:48:46 [GET] /script.js 192.168.10.12:48824 59.914µs
2025/07/06 11:48:57 Mudança detectada em www/style.css, enviando css-update
2025/07/06 11:48:57 [GET] / 192.168.10.12:48824 189.268µs
2025/07/06 11:48:57 [GET] /style.css 192.168.10.12:48824 149.769µs
2025/07/06 11:48:57 [GET] /script.js 192.168.10.12:48824 63.103µs
2025/07/06 11:48:59 [GET] / 192.168.10.12:48824 188.79µs
2025/07/06 11:48:59 [GET] /script.js 192.168.10.12:37870 48.187µs
2025/07/06 11:48:59 [GET] /style.css 192.168.10.12:48824 111.301µs
2025/07/06 11:49:09 Mudança detectada em www/style.css, enviando css-update
2025/07/06 11:49:09 [GET] / 192.168.10.12:48824 173.769µs
2025/07/06 11:49:09 [GET] /style.css 192.168.10.12:48824 133.35µs
2025/07/06 11:49:09 [GET] /script.js 192.168.10.12:37870 34.294µs
2025/07/06 11:49:10 [GET] / 192.168.10.12:48824 182.023µs
2025/07/06 11:49:10 [GET] /style.css 192.168.10.12:48824 135.975µs
2025/07/06 11:49:10 [GET] /script.js 192.168.10.12:48824 62.611µs
2025/07/06 11:49:11 [GET] / 192.168.10.12:48824 246.43µs
2025/07/06 11:49:11 [GET] /style.css 192.168.10.12:48824 144.652µs
2025/07/06 11:49:11 [GET] /script.js 192.168.10.12:48824 53.905µs
2025/07/06 11:49:19 Mudança detectada em www/style.css, enviando css-update
2025/07/06 11:49:19 [GET] / 192.168.10.12:48824 308.835µs
2025/07/06 11:49:19 [GET] /style.css 192.168.10.12:48824 183.027µs
2025/07/06 11:49:19 [GET] /script.js 192.168.10.12:37870 69.658µs
2025/07/06 11:49:30 Mudança detectada em www/script.js, enviando js-update
2025/07/06 11:49:30 [GET] / 192.168.10.12:37870 167.341µs
2025/07/06 11:49:30 [GET] /style.css 192.168.10.12:37870 134.752µs
2025/07/06 11:49:30 [GET] /script.js 192.168.10.12:48824 87.571µs
2025/07/06 11:49:32 [GET] / 192.168.10.12:48824 298.838µs
2025/07/06 11:49:32 [GET] /script.js 192.168.10.12:37870 133.76µs
2025/07/06 11:49:32 [GET] /style.css 192.168.10.12:48824 428.446µs
2025/07/06 11:49:32 [GET] / 192.168.10.12:37870 624.547µs
2025/07/06 11:49:32 [GET] /style.css 192.168.10.12:37870 159.565µs
2025/07/06 11:49:32 [GET] /script.js 192.168.10.12:48824 108.915µs
2025/07/06 11:50:34 [GET] / 192.168.10.12:53954 191.294µs
2025/07/06 11:50:34 [GET] /style.css 192.168.10.12:53954 166.768µs
2025/07/06 11:50:34 [GET] /script.js 192.168.10.12:53954 102.526µs
2025/07/06 11:50:37 [GET] /favicon.ico 192.168.10.12:53954 34.984µs
2025/07/06 11:53:09 Mudança detectada em www/script.js, enviando js-update
2025/07/06 11:53:09 [GET] / 192.168.10.12:53954 165.835µs
2025/07/06 11:53:09 [GET] / 192.168.10.12:40078 260.586µs
2025/07/06 11:53:09 [GET] /style.css 192.168.10.12:53954 135.728µs
2025/07/06 11:53:09 [GET] /script.js 192.168.10.12:40070 147.544µs
2025/07/06 11:53:09 [GET] /script.js 192.168.10.12:40090 64.437µs
2025/07/06 11:53:09 [GET] /style.css 192.168.10.12:40078 73.816µs
2025/07/06 11:55:13 Mudança detectada em www/script.js, enviando js-update
2025/07/06 11:55:13 [GET] / 192.168.10.12:40078 204.456µs
2025/07/06 11:55:13 [GET] / 192.168.10.12:40070 156.549µs
2025/07/06 11:55:13 [GET] /script.js 192.168.10.12:40090 113.785µs
2025/07/06 11:55:13 [GET] /style.css 192.168.10.12:40078 89.98µs
2025/07/06 11:55:13 [GET] /style.css 192.168.10.12:40070 136.244µs
2025/07/06 11:55:13 [GET] /script.js 192.168.10.12:53954 60.576µs
2025/07/06 11:55:15 [GET] / 192.168.10.12:53954 177.182µs
2025/07/06 11:55:15 [GET] /script.js 192.168.10.12:40070 87.72µs
2025/07/06 11:55:15 [GET] /style.css 192.168.10.12:53954 115.083µs
2025/07/06 11:57:45 Mudança detectada em www/script.js, enviando js-update
2025/07/06 11:57:45 [GET] / 192.168.10.12:40078 198.203µs
2025/07/06 11:57:45 [GET] / 192.168.10.12:53954 155.342µs
2025/07/06 11:57:45 [GET] /style.css 192.168.10.12:53954 108.81µs
2025/07/06 11:57:45 [GET] /script.js 192.168.10.12:40070 75.496µs
2025/07/06 11:57:45 [GET] /style.css 192.168.10.12:40078 113.387µs
2025/07/06 11:57:45 [GET] /script.js 192.168.10.12:40090 74.764µs
2025/07/06 11:58:43 Mudança detectada em www/index.html, enviando reload
2025/07/06 11:58:43 [GET] / 192.168.10.12:40090 196.4µs
2025/07/06 11:58:43 [GET] / 192.168.10.12:40070 258.562µs
2025/07/06 11:58:43 [GET] /style.css 192.168.10.12:40090 116.197µs
2025/07/06 11:58:43 [GET] /script.js 192.168.10.12:40078 115.057µs
2025/07/06 11:58:43 [GET] /style.css 192.168.10.12:40070 151.161µs
2025/07/06 11:58:43 [GET] /script.js 192.168.10.12:53954 68.727µs
2025/07/06 11:58:52 Mudança detectada em www/index.html, enviando reload
2025/07/06 11:58:52 [GET] / 192.168.10.12:40078 185.535µs
2025/07/06 11:58:52 [GET] / 192.168.10.12:53954 208.658µs
2025/07/06 11:58:52 [GET] /style.css 192.168.10.12:53954 134.884µs
2025/07/06 11:58:52 [GET] /script.js 192.168.10.12:40070 77.688µs
2025/07/06 11:58:52 [GET] /style.css 192.168.10.12:40078 117.853µs
2025/07/06 11:58:52 [GET] /script.js 192.168.10.12:40090 99.038µs
2025/07/06 12:00:49 [GET] /style.css 192.168.10.12:40070 125.816µs
2025/07/06 12:01:03 [GET] / 192.168.10.12:40070 178.289µs
2025/07/06 12:01:03 [GET] /script.js 192.168.10.12:53954 103.469µs
2025/07/06 12:01:03 [GET] /style.css 192.168.10.12:40070 66.227µs
2025/07/06 12:01:04 [GET] / 192.168.10.12:40070 166.85µs
2025/07/06 12:01:04 [GET] /style.css 192.168.10.12:40070 503.353µs
2025/07/06 12:01:04 [GET] /script.js 192.168.10.12:53954 105.542µs
2025/07/06 12:01:04 [GET] / 192.168.10.12:53954 195.425µs
2025/07/06 12:01:04 [GET] /script.js 192.168.10.12:40070 95.226µs
2025/07/06 12:01:04 [GET] /style.css 192.168.10.12:53954 62.146µs
2025/07/06 12:01:30 [GET] / 192.168.10.12:53954 316.137µs
2025/07/06 12:01:30 [GET] /style.css 192.168.10.12:53954 168.819µs
2025/07/06 12:01:30 [GET] /script.js 192.168.10.12:40070 398.685µs
2025/07/06 12:02:56 [GET] / 192.168.10.12:40070 168.822µs
2025/07/06 12:02:56 [GET] /style.css 192.168.10.12:40070 116.96µs
2025/07/06 12:02:56 [GET] /script.js 192.168.10.12:53954 71.434µs
2025/07/06 12:03:01 [GET] /style.css 192.168.10.12:40090 131.231µs
2025/07/06 12:03:13 [GET] / 192.168.10.12:40090 153.753µs
2025/07/06 12:03:13 [GET] /style.css 192.168.10.12:40090 106.826µs
2025/07/06 12:03:13 [GET] /script.js 192.168.10.12:40078 94.181µs
2025/07/06 12:04:34 Mudança detectada em www/index.html, enviando reload
2025/07/06 12:04:34 [GET] / 192.168.10.12:53954 192.119µs
2025/07/06 12:04:34 [GET] / 192.168.10.12:40078 171.232µs
2025/07/06 12:04:34 [GET] /style.css 192.168.10.12:53954 166.449µs
2025/07/06 12:04:34 [GET] /style.css 192.168.10.12:40078 131.026µs
2025/07/06 12:04:41 Mudança detectada em www/index.html, enviando reload
2025/07/06 12:04:41 [GET] / 192.168.10.12:40078 187.783µs
2025/07/06 12:04:41 [GET] / 192.168.10.12:53954 181.222µs
2025/07/06 12:04:41 [GET] /script.js 192.168.10.12:40070 133.558µs
2025/07/06 12:04:41 [GET] /style.css 192.168.10.12:53954 97.1µs
2025/07/06 12:04:41 [GET] /script.js 192.168.10.12:40090 85.053µs
2025/07/06 12:04:41 [GET] /style.css 192.168.10.12:40078 105.616µs
2025/07/06 12:05:29 [GET] /style.css 192.168.10.12:53954 138.618µs
2025/07/06 12:05:43 [GET] / 192.168.10.12:53954 177.564µs
2025/07/06 12:05:43 [GET] /style.css 192.168.10.12:53954 128.067µs
2025/07/06 12:05:43 [GET] /script.js 192.168.10.12:40070 171.579µs
2025/07/06 12:05:45 [GET] /style.css 192.168.10.12:40070 122.279µs
2025/07/06 12:08:01 Mudança detectada em www/style.css, enviando css-update
2025/07/06 12:08:01 [GET] / 192.168.10.12:40070 157.777µs
2025/07/06 12:08:01 [GET] / 192.168.10.12:40078 163.228µs
2025/07/06 12:08:02 [GET] /style.css 192.168.10.12:40070 94.588µs
2025/07/06 12:08:02 [GET] /script.js 192.168.10.12:53954 104.724µs
2025/07/06 12:08:02 [GET] /style.css 192.168.10.12:40078 91.185µs
2025/07/06 12:08:02 [GET] /script.js 192.168.10.12:40090 110.259µs
2025/07/06 12:08:23 Mudança detectada em www/style.css, enviando css-update
2025/07/06 12:08:23 [GET] / 192.168.10.12:40090 165.224µs
2025/07/06 12:08:23 [GET] / 192.168.10.12:53954 158.426µs
2025/07/06 12:08:23 [GET] /style.css 192.168.10.12:40090 126.48µs
2025/07/06 12:08:23 [GET] /script.js 192.168.10.12:40078 88.845µs
2025/07/06 12:08:23 [GET] /style.css 192.168.10.12:53954 100.057µs
2025/07/06 12:08:23 [GET] /script.js 192.168.10.12:40070 69.666µs
2025/07/06 12:08:27 Mudança detectada em www/style.css, enviando css-update
2025/07/06 12:08:27 [GET] / 192.168.10.12:40090 273.29µs
2025/07/06 12:08:27 [GET] / 192.168.10.12:40070 153.229µs
2025/07/06 12:08:28 [GET] /style.css 192.168.10.12:40070 115.384µs
2025/07/06 12:08:28 [GET] /script.js 192.168.10.12:53954 102.991µs
2025/07/06 12:08:28 [GET] /style.css 192.168.10.12:40090 208.68µs
2025/07/06 12:08:28 [GET] /script.js 192.168.10.12:40078 103.303µs
2025/07/06 12:08:55 Mudança detectada em www/style.css, enviando css-update
2025/07/06 12:08:55 [GET] / 192.168.10.12:40090 181.873µs
2025/07/06 12:08:55 [GET] / 192.168.10.12:53954 164.99µs
2025/07/06 12:08:55 [GET] /style.css 192.168.10.12:40090 114.3µs
2025/07/06 12:08:55 [GET] /script.js 192.168.10.12:40078 120.87µs
2025/07/06 12:08:55 [GET] /style.css 192.168.10.12:53954 108.139µs
2025/07/06 12:08:55 [GET] /script.js 192.168.10.12:40070 102.594µs
2025/07/06 12:10:40 Mudança detectada em www/style.css, enviando css-update
2025/07/06 12:10:40 [GET] / 192.168.10.12:40078 161.545µs
2025/07/06 12:10:40 [GET] / 192.168.10.12:40070 213.965µs
2025/07/06 12:10:40 [GET] /style.css 192.168.10.12:40078 134.604µs
2025/07/06 12:10:40 [GET] /script.js 192.168.10.12:40090 605.129µs
2025/07/06 12:10:40 [GET] /style.css 192.168.10.12:40070 140.061µs
2025/07/06 12:10:40 [GET] /script.js 192.168.10.12:53954 158.137µs
2025/07/06 12:10:49 Mudança detectada em www/style.css, enviando css-update
2025/07/06 12:10:49 [GET] / 192.168.10.12:53954 561.553µs
2025/07/06 12:10:49 [GET] / 192.168.10.12:40090 174.049µs
2025/07/06 12:10:49 [GET] /style.css 192.168.10.12:53954 144.651µs
2025/07/06 12:10:49 [GET] /script.js 192.168.10.12:40070 58.292µs
2025/07/06 12:10:49 [GET] /style.css 192.168.10.12:40090 148.622µs
2025/07/06 12:10:49 [GET] /script.js 192.168.10.12:40078 69.114µs
2025/07/06 12:11:10 Mudança detectada em www/style.css, enviando css-update
2025/07/06 12:11:10 [GET] / 192.168.10.12:40078 154.983µs
2025/07/06 12:11:10 [GET] / 192.168.10.12:40070 144.481µs
2025/07/06 12:11:10 [GET] /style.css 192.168.10.12:40070 135.887µs
2025/07/06 12:11:10 [GET] /script.js 192.168.10.12:53954 126.861µs
2025/07/06 12:11:10 [GET] /style.css 192.168.10.12:40078 148.897µs
2025/07/06 12:11:10 [GET] /script.js 192.168.10.12:40090 112.801µs
2025/07/06 12:11:23 Mudança detectada em www/style.css, enviando css-update
2025/07/06 12:11:23 [GET] / 192.168.10.12:40090 178.665µs
2025/07/06 12:11:23 [GET] / 192.168.10.12:53954 158.956µs
2025/07/06 12:11:23 [GET] /style.css 192.168.10.12:40090 112.226µs
2025/07/06 12:11:23 [GET] /script.js 192.168.10.12:40078 106.973µs
2025/07/06 12:11:23 [GET] /style.css 192.168.10.12:53954 115.766µs
2025/07/06 12:11:23 [GET] /script.js 192.168.10.12:40070 108.997µs
2025/07/06 12:11:33 [GET] / 192.168.10.12:40070 168.663µs
2025/07/06 12:11:33 [GET] /style.css 192.168.10.12:40070 115.957µs
2025/07/06 12:11:33 [GET] /script.js 192.168.10.12:53954 98.345µs
2025/07/06 12:12:45 Mudança detectada em www/style.css, enviando css-update
2025/07/06 12:12:45 [GET] / 192.168.10.12:40078 165.084µs
2025/07/06 12:12:45 [GET] / 192.168.10.12:53954 170.786µs
2025/07/06 12:12:45 [GET] /style.css 192.168.10.12:40078 165.311µs
2025/07/06 12:12:45 [GET] /script.js 192.168.10.12:40090 58.86µs
2025/07/06 12:12:46 [GET] /style.css 192.168.10.12:53954 354.773µs
2025/07/06 12:12:46 [GET] /script.js 192.168.10.12:40070 116.157µs
2025/07/06 12:13:20 Mudança detectada em www/style.css, enviando css-update
2025/07/06 12:13:20 [GET] / 192.168.10.12:40090 188.05µs
2025/07/06 12:13:20 [GET] / 192.168.10.12:40070 171.885µs
2025/07/06 12:13:20 [GET] /style.css 192.168.10.12:40070 106.53µs
2025/07/06 12:13:20 [GET] /script.js 192.168.10.12:53954 98.481µs
2025/07/06 12:13:20 [GET] /style.css 192.168.10.12:40090 148.476µs
2025/07/06 12:13:20 [GET] /script.js 192.168.10.12:40078 116.267µs
2025/07/06 12:13:30 Mudança detectada em www/style.css, enviando css-update
2025/07/06 12:13:30 [GET] / 192.168.10.12:40078 221.127µs
2025/07/06 12:13:30 [GET] / 192.168.10.12:53954 149.342µs
2025/07/06 12:13:30 [GET] /style.css 192.168.10.12:40078 198.455µs
2025/07/06 12:13:30 [GET] /script.js 192.168.10.12:40090 123.422µs
2025/07/06 12:13:30 [GET] /script.js 192.168.10.12:40070 59.07µs
2025/07/06 12:13:30 [GET] /style.css 192.168.10.12:53954 98.963µs
2025/07/06 12:13:38 Mudança detectada em www/index.html, enviando reload
2025/07/06 12:13:38 [GET] / 192.168.10.12:40090 153.814µs
2025/07/06 12:13:38 [GET] / 192.168.10.12:53954 155.81µs
2025/07/06 12:13:38 [GET] /intlTelInput.local.css 192.168.10.12:40090 35.109µs
2025/07/06 12:13:38 [GET] /intlTelInput.local.css 192.168.10.12:53954 42.371µs
2025/07/06 12:13:38 [GET] /style.css 192.168.10.12:40090 163.714µs
2025/07/06 12:13:38 [GET] /script.js 192.168.10.12:40078 115.311µs
2025/07/06 12:13:38 [GET] /style.css 192.168.10.12:40070 146.874µs
2025/07/06 12:13:38 [GET] /script.js 192.168.10.12:43856 138.921µs
2025/07/06 12:13:40 [GET] / 192.168.10.12:43856 327.925µs
2025/07/06 12:13:41 [GET] /intlTelInput.local.css 192.168.10.12:43856 52.424µs
2025/07/06 12:13:41 [GET] /style.css 192.168.10.12:40070 176.52µs
2025/07/06 12:13:41 [GET] /script.js 192.168.10.12:53954 103.846µs
2025/07/06 12:17:17 Mudança detectada em www/style.css, enviando css-update
2025/07/06 12:17:17 [GET] / 192.168.10.12:40078 169.51µs
2025/07/06 12:17:17 [GET] / 192.168.10.12:53954 164.887µs
2025/07/06 12:17:17 [GET] /intlTelInput.local.css 192.168.10.12:53954 32.597µs
2025/07/06 12:17:17 [GET] /style.css 192.168.10.12:53954 110.282µs
2025/07/06 12:17:17 [GET] /script.js 192.168.10.12:40070 57.828µs
2025/07/06 12:17:17 [GET] /intlTelInput.local.css 192.168.10.12:40078 64.397µs
2025/07/06 12:17:17 [GET] /script.js 192.168.10.12:33376 126.698µs
2025/07/06 12:17:17 [GET] /style.css 192.168.10.12:40090 61.653µs
2025/07/06 12:17:20 Mudança detectada em www/style.css, enviando css-update
2025/07/06 12:17:20 [GET] / 192.168.10.12:40090 264.007µs
2025/07/06 12:17:20 [GET] / 192.168.10.12:40070 177.067µs
2025/07/06 12:17:20 [GET] /intlTelInput.local.css 192.168.10.12:40090 33.034µs
2025/07/06 12:17:20 [GET] /intlTelInput.local.css 192.168.10.12:40070 33.497µs
2025/07/06 12:17:20 [GET] /script.js 192.168.10.12:33376 376.42µs
2025/07/06 12:17:20 [GET] /style.css 192.168.10.12:40090 1.201585ms
2025/07/06 12:17:20 [GET] /style.css 192.168.10.12:53954 152.955µs
2025/07/06 12:17:20 [GET] /script.js 192.168.10.12:43856 168.301µs
2025/07/06 12:21:03 Mudança detectada em www/style.css, enviando css-update
2025/07/06 12:21:03 [GET] / 192.168.10.12:48468 160.777µs
2025/07/06 12:21:03 [GET] /intlTelInput.local.css 192.168.10.12:48468 27.119µs
2025/07/06 12:21:03 [GET] /style.css 192.168.10.12:48472 133.181µs
2025/07/06 12:21:03 [GET] /script.js 192.168.10.12:48482 74.427µs
2025/07/06 12:21:47 Mudança detectada em www/style.css, enviando css-update
2025/07/06 12:21:47 [GET] / 192.168.10.12:48482 203.871µs
2025/07/06 12:21:47 [GET] /intlTelInput.local.css 192.168.10.12:48482 52.995µs
2025/07/06 12:21:47 [GET] /style.css 192.168.10.12:48472 155.749µs
2025/07/06 12:21:47 [GET] /script.js 192.168.10.12:48468 112.074µs
2025/07/06 12:22:05 Mudança detectada em www/style.css, enviando css-update
2025/07/06 12:22:05 [GET] / 192.168.10.12:48468 182.03µs
2025/07/06 12:22:05 [GET] /intlTelInput.local.css 192.168.10.12:48468 26.597µs
2025/07/06 12:22:05 [GET] /script.js 192.168.10.12:48482 101.47µs
2025/07/06 12:22:05 [GET] /style.css 192.168.10.12:48472 228.713µs
2025/07/06 12:22:14 Mudança detectada em www/style.css, enviando css-update
2025/07/06 12:22:14 [GET] / 192.168.10.12:48472 199.118µs
2025/07/06 12:22:14 [GET] /intlTelInput.local.css 192.168.10.12:48472 30.487µs
2025/07/06 12:22:14 [GET] /style.css 192.168.10.12:48482 140.995µs
2025/07/06 12:22:14 [GET] /script.js 192.168.10.12:48468 61.768µs
2025/07/06 12:22:14 [GET] /intlTelInput.local.css 192.168.10.12:48472 28.328µs
2025/07/06 12:22:44 Mudança detectada em www/style.css, enviando css-update
2025/07/06 12:22:44 [GET] / 192.168.10.12:48472 179.726µs
2025/07/06 12:22:44 [GET] /intlTelInput.local.css 192.168.10.12:48472 29.983µs
2025/07/06 12:22:44 [GET] /style.css 192.168.10.12:48468 163.151µs
2025/07/06 12:22:44 [GET] /script.js 192.168.10.12:48482 64.441µs
2025/07/06 12:23:04 Mudança detectada em www/style.css, enviando css-update
2025/07/06 12:23:04 [GET] / 192.168.10.12:48482 308.865µs
2025/07/06 12:23:05 [GET] /intlTelInput.local.css 192.168.10.12:48482 36.238µs
2025/07/06 12:23:05 [GET] /style.css 192.168.10.12:48468 266.084µs
2025/07/06 12:23:05 [GET] /script.js 192.168.10.12:48472 205.26µs
2025/07/06 12:23:05 [GET] /intlTelInput.local.css 192.168.10.12:48472 32.896µs
2025/07/06 12:23:34 Mudança detectada em www/style.css, enviando css-update
2025/07/06 12:23:34 [GET] / 192.168.10.12:48472 182.094µs
2025/07/06 12:23:34 [GET] /intlTelInput.local.css 192.168.10.12:48472 26.683µs
2025/07/06 12:23:34 [GET] /style.css 192.168.10.12:48468 126.53µs
2025/07/06 12:23:34 [GET] /script.js 192.168.10.12:48482 133.795µs
2025/07/06 12:23:36 [GET] / 192.168.10.12:48482 355.714µs
2025/07/06 12:23:36 [GET] /intlTelInput.local.css 192.168.10.12:48482 54.406µs
2025/07/06 12:23:36 [GET] /style.css 192.168.10.12:48468 252.047µs
2025/07/06 12:23:36 [GET] /script.js 192.168.10.12:48472 204.362µs
2025/07/06 12:29:22 Mudança detectada em www/index.html, enviando reload
2025/07/06 12:29:22 [GET] / 192.168.10.12:37054 174.358µs
2025/07/06 12:29:22 [GET] /style.css 192.168.10.12:37054 158.38µs
2025/07/06 12:29:22 [GET] /script.js 192.168.10.12:37062 132.989µs
2025/07/06 12:29:24 [GET] / 192.168.10.12:37062 348.487µs
2025/07/06 12:29:24 [GET] /style.css 192.168.10.12:37062 302.529µs
2025/07/06 12:29:24 [GET] /script.js 192.168.10.12:37054 177.067µs
2025/07/06 12:29:32 Mudança detectada em www/style.css, enviando css-update
2025/07/06 12:29:32 [GET] / 192.168.10.12:37054 184.858µs
2025/07/06 12:29:32 [GET] /style.css 192.168.10.12:37054 148.541µs
2025/07/06 12:29:32 [GET] /script.js 192.168.10.12:37062 114.56µs
2025/07/06 12:29:54 Mudança detectada em www/script.js, enviando js-update
2025/07/06 12:29:54 [GET] / 192.168.10.12:37062 173.862µs
2025/07/06 12:29:54 [GET] /style.css 192.168.10.12:37062 137.708µs
2025/07/06 12:29:54 [GET] /script.js 192.168.10.12:37054 80.522µs
2025/07/06 12:29:56 [GET] / 192.168.10.12:37054 296.112µs
2025/07/06 12:29:56 [GET] /style.css 192.168.10.12:37054 163.831µs
2025/07/06 12:29:56 [GET] /script.js 192.168.10.12:37062 159.829µs
2025/07/06 12:32:05 Mudança detectada em www/index.html, enviando reload
2025/07/06 12:32:05 [GET] / 192.168.10.12:37062 135.766µs
2025/07/06 12:33:09 Mudança detectada em www/index.html, enviando reload
2025/07/06 12:33:15 Mudança detectada em www/index.html, enviando reload
2025/07/06 12:33:30 [GET] / 192.168.10.12:37062 245.014µs
2025/07/06 12:33:38 Mudança detectada em www/index.html, enviando reload
2025/07/06 12:33:39 [GET] / 192.168.10.12:37062 232.708µs
2025/07/06 12:34:46 Mudança detectada em www/index.html, enviando reload
2025/07/06 12:34:46 [GET] / 192.168.10.12:37062 260.955µs
2025/07/06 12:34:49 [GET] / 192.168.10.12:37062 525.158µs
2025/07/06 12:35:07 Mudança detectada em www/index.html, enviando reload
2025/07/06 12:35:07 [GET] / 192.168.10.12:37062 154.775µs
2025/07/06 12:35:07 [GET] /style.css 192.168.10.12:37062 177.121µs
2025/07/06 12:35:07 [GET] /script.js 192.168.10.12:42710 92.344µs
2025/07/06 12:37:18 Mudança detectada em www/index.html, enviando reload
2025/07/06 12:37:19 [GET] / 192.168.10.12:42710 206.066µs
2025/07/06 12:37:19 [GET] /style.css 192.168.10.12:42710 129.095µs
2025/07/06 12:37:19 [GET] /script.js 192.168.10.12:37062 141.208µs
2025/07/06 12:39:16 Mudança detectada em www/style.css, enviando css-update
2025/07/06 12:39:16 [GET] / 192.168.10.12:37062 150.069µs
2025/07/06 12:39:16 [GET] /style.css 192.168.10.12:37062 107.838µs
2025/07/06 12:39:16 [GET] /script.js 192.168.10.12:42710 90.531µs
2025/07/06 12:39:24 Mudança detectada em www/style.css, enviando css-update
2025/07/06 12:39:24 [GET] / 192.168.10.12:42710 224.273µs
2025/07/06 12:39:24 [GET] /style.css 192.168.10.12:42710 154.614µs
2025/07/06 12:39:24 [GET] /script.js 192.168.10.12:37062 80.992µs
2025/07/06 12:39:26 Mudança detectada em www/script.js, enviando js-update
2025/07/06 12:39:26 [GET] / 192.168.10.12:37062 238.277µs
2025/07/06 12:39:26 [GET] /style.css 192.168.10.12:37062 191.82µs
2025/07/06 12:39:26 [GET] /script.js 192.168.10.12:37062 144.709µs
2025/07/06 12:39:27 [GET] / 192.168.10.12:37062 365.496µs
2025/07/06 12:39:27 [GET] /style.css 192.168.10.12:37062 281.53µs
2025/07/06 12:39:27 [GET] /script.js 192.168.10.12:42710 222.377µs
2025/07/06 12:42:36 Mudança detectada em www/style.css, enviando css-update
2025/07/06 12:42:36 [GET] / 192.168.10.12:42710 150.889µs
2025/07/06 12:42:36 [GET] /style.css 192.168.10.12:42710 149.732µs
2025/07/06 12:42:36 [GET] /script.js 192.168.10.12:37062 364.366µs
2025/07/06 12:47:31 Mudança detectada em www/index.html, enviando reload
2025/07/06 12:47:31 [GET] / 192.168.10.12:37062 369.068µs
2025/07/06 12:47:31 [GET] /style.css 192.168.10.12:37062 161.947µs
2025/07/06 12:47:31 [GET] /script.js 192.168.10.12:37062 279.309µs
2025/07/06 12:47:38 Mudança detectada em www/index.html, enviando reload
2025/07/06 12:47:38 [GET] / 192.168.10.12:37062 152.004µs
2025/07/06 12:47:38 [GET] /style.css 192.168.10.12:37062 129.491µs
2025/07/06 12:47:38 [GET] /script.js 192.168.10.12:35502 129.04µs
2025/07/06 12:47:40 Mudança detectada em www/style.css, enviando css-update
2025/07/06 12:47:40 [GET] / 192.168.10.12:35502 332.047µs
2025/07/06 12:47:40 [GET] /style.css 192.168.10.12:35502 168.721µs
2025/07/06 12:47:40 [GET] /script.js 192.168.10.12:35502 149.392µs
2025/07/06 13:23:17 [GET] / 192.168.10.12:53586 163.705µs
2025/07/06 13:23:17 [GET] /style.css 192.168.10.12:53586 258.549µs
2025/07/06 13:23:17 [GET] /script.js 192.168.10.12:53596 110.109µs
2025/07/06 13:44:55 [GET] / 192.168.10.12:36790 168.313µs
2025/07/06 13:44:55 [GET] /style.css 192.168.10.12:36790 134.179µs
2025/07/06 13:44:55 [GET] /script.js 192.168.10.12:36802 169.766µs
2025/07/06 13:45:01 Mudança detectada em www/index.html, enviando reload
2025/07/06 13:45:01 [GET] / 192.168.10.12:36802 189.155µs
2025/07/06 13:45:01 [GET] / 192.168.10.12:33906 181.482µs
2025/07/06 13:45:01 [GET] /style.css 192.168.10.12:36802 164.134µs
2025/07/06 13:45:01 [GET] /style.css 192.168.10.12:33906 153.629µs
2025/07/06 13:45:20 Mudança detectada em www/index.html, enviando reload
2025/07/06 13:45:20 [GET] / 192.168.10.12:36802 248.863µs
2025/07/06 13:45:20 [GET] / 192.168.10.12:33906 219.767µs
2025/07/06 13:45:20 [GET] /style.css 192.168.10.12:36802 161.573µs
2025/07/06 13:45:20 [GET] /script.js 192.168.10.12:36790 86.407µs
2025/07/06 13:45:20 [GET] /style.css 192.168.10.12:33906 426.68µs
2025/07/06 13:45:20 [GET] /script.js 192.168.10.12:33916 130.979µs
2025/07/06 13:45:47 Mudança detectada em www/index.html, enviando reload
2025/07/06 13:45:47 [GET] / 192.168.10.12:36790 185.099µs
2025/07/06 13:45:47 [GET] / 192.168.10.12:33916 236.486µs
2025/07/06 13:45:47 [GET] /style.css 192.168.10.12:36790 271.436µs
2025/07/06 13:45:47 [GET] /script.js 192.168.10.12:36802 117.235µs
2025/07/06 13:45:47 [GET] /style.css 192.168.10.12:33906 184.239µs
2025/07/06 13:45:47 [GET] /script.js 192.168.10.12:33906 108.755µs
2025/07/06 13:48:00 Mudança detectada em www/style.css, enviando css-update
2025/07/06 13:48:00 [GET] / 192.168.10.12:36802 250.238µs
2025/07/06 13:48:00 [GET] / 192.168.10.12:33906 149.403µs
2025/07/06 13:48:00 [GET] /style.css 192.168.10.12:33906 112.058µs
2025/07/06 13:48:00 [GET] /style.css 192.168.10.12:36802 128.288µs
2025/07/06 13:48:00 [GET] /script.js 192.168.10.12:36802 86.826µs
2025/07/06 13:48:00 [GET] /script.js 192.168.10.12:33906 125.777µs
2025/07/06 13:48:18 Mudança detectada em www/script.js, enviando js-update
2025/07/06 13:48:18 [GET] / 192.168.10.12:36802 182.792µs
2025/07/06 13:48:18 [GET] / 192.168.10.12:33906 202.258µs
2025/07/06 13:48:18 [GET] /style.css 192.168.10.12:36802 148.788µs
2025/07/06 13:48:18 [GET] /script.js 192.168.10.12:36790 159.765µs
2025/07/06 13:48:18 [GET] /style.css 192.168.10.12:33906 150.906µs
2025/07/06 13:48:18 [GET] /script.js 192.168.10.12:33906 209.921µs
2025/07/06 13:53:32 Mudança detectada em www/script.js, enviando js-update
2025/07/06 13:53:32 [GET] / 192.168.10.12:60842 292.496µs
2025/07/06 13:53:33 [GET] / 192.168.10.12:60858 188.095µs
2025/07/06 13:53:33 [GET] /script.js 192.168.10.12:60860 119.119µs
2025/07/06 13:53:33 [GET] /style.css 192.168.10.12:60842 134.8µs
2025/07/06 13:53:33 [GET] /style.css 192.168.10.12:60858 177.83µs
2025/07/06 13:53:33 [GET] /script.js 192.168.10.12:60866 123.236µs
2025/07/06 13:55:38 Mudança detectada em www/index.html, enviando reload
2025/07/06 13:55:38 [GET] / 192.168.10.12:60842 229.487µs
2025/07/06 13:55:38 [GET] / 192.168.10.12:60866 174.176µs
2025/07/06 13:55:38 [GET] /style.css 192.168.10.12:60842 167.751µs
2025/07/06 13:55:38 [GET] /script.js 192.168.10.12:60860 104.232µs
2025/07/06 13:55:38 [GET] /style.css 192.168.10.12:60866 133.074µs
2025/07/06 13:55:38 [GET] /script.js 192.168.10.12:60858 142.155µs
2025/07/06 13:55:59 Mudança detectada em www/index.html, enviando reload
2025/07/06 13:55:59 [GET] / 192.168.10.12:60860 209.057µs
2025/07/06 13:55:59 [GET] / 192.168.10.12:60858 207.09µs
2025/07/06 13:55:59 [GET] /style.css 192.168.10.12:60860 161.416µs
2025/07/06 13:55:59 [GET] /script.js 192.168.10.12:60842 114.128µs
2025/07/06 13:55:59 [GET] /style.css 192.168.10.12:60858 150.754µs
2025/07/06 13:55:59 [GET] /script.js 192.168.10.12:60866 113.515µs
2025/07/06 13:56:38 Mudança detectada em www/style.css, enviando css-update
2025/07/06 13:56:38 [GET] / 192.168.10.12:60842 150.555µs
2025/07/06 13:56:38 [GET] / 192.168.10.12:60866 160.065µs
2025/07/06 13:56:38 [GET] /style.css 192.168.10.12:60842 130.885µs
2025/07/06 13:56:38 [GET] /style.css 192.168.10.12:60866 116.13µs
2025/07/06 13:56:38 [GET] /script.js 192.168.10.12:60860 90.4µs
2025/07/06 13:56:38 [GET] /script.js 192.168.10.12:60858 114.756µs
2025/07/06 13:58:41 Mudança detectada em www/index.html, enviando reload
2025/07/06 13:58:41 [GET] / 192.168.10.12:60858 187.877µs
2025/07/06 13:58:41 [GET] / 192.168.10.12:60860 167.808µs
2025/07/06 13:58:41 [GET] /style.css 192.168.10.12:60858 133.368µs
2025/07/06 13:58:41 [GET] /style.css 192.168.10.12:60860 132.735µs
2025/07/06 13:58:41 [GET] /script.js 192.168.10.12:60860 213.991µs
2025/07/06 13:58:41 [GET] /script.js 192.168.10.12:60858 95.334µs
2025/07/06 13:59:57 Mudança detectada em www/script.js, enviando js-update
2025/07/06 13:59:57 [GET] / 192.168.10.12:60860 186.789µs
2025/07/06 13:59:57 [GET] / 192.168.10.12:60858 185.966µs
2025/07/06 13:59:57 [GET] /style.css 192.168.10.12:60860 137.78µs
2025/07/06 13:59:57 [GET] /script.js 192.168.10.12:60842 117.885µs
2025/07/06 13:59:57 [GET] /style.css 192.168.10.12:60858 144.914µs
2025/07/06 13:59:57 [GET] /script.js 192.168.10.12:60866 116.491µs
2025/07/06 14:01:25 Mudança detectada em www/style.css, enviando css-update
2025/07/06 14:01:25 [GET] / 192.168.10.12:60842 256.372µs
2025/07/06 14:01:25 [GET] / 192.168.10.12:60866 191.691µs
2025/07/06 14:01:25 [GET] /style.css 192.168.10.12:60842 143.335µs
2025/07/06 14:01:25 [GET] /style.css 192.168.10.12:60866 71.976µs
2025/07/06 14:01:25 [GET] /script.js 192.168.10.12:60860 458.894µs
2025/07/06 14:01:25 [GET] /script.js 192.168.10.12:60858 122.994µs
2025/07/06 14:01:29 [GET] / 192.168.10.12:60860 793.384µs
2025/07/06 14:01:29 [GET] /style.css 192.168.10.12:60860 126.36µs
2025/07/06 14:01:29 [GET] /script.js 192.168.10.12:60860 107.958µs
2025/07/06 14:03:47 Mudança detectada em www/index.html, enviando reload
2025/07/06 14:03:47 [GET] / 192.168.10.12:60858 162.068µs
2025/07/06 14:03:47 [GET] / 192.168.10.12:60860 100.52µs
2025/07/06 14:03:47 [GET] /style.css 192.168.10.12:60858 150.813µs
2025/07/06 14:03:47 [GET] /script.js 192.168.10.12:60842 69.344µs
2025/07/06 14:03:47 [GET] /style.css 192.168.10.12:60860 148.096µs
2025/07/06 14:03:47 [GET] /script.js 192.168.10.12:60866 1.218615ms
2025/07/06 14:06:06 Mudança detectada em www/style.css, enviando css-update
2025/07/06 14:06:06 [GET] / 192.168.10.12:60860 148.511µs
2025/07/06 14:06:06 [GET] / 192.168.10.12:60866 166.975µs
2025/07/06 14:06:06 [GET] /script.js 192.168.10.12:60842 133.906µs
2025/07/06 14:06:06 [GET] /style.css 192.168.10.12:60860 82.172µs
2025/07/06 14:06:06 [GET] /style.css 192.168.10.12:60866 142.865µs
2025/07/06 14:06:06 [GET] /script.js 192.168.10.12:60866 119.42µs
2025/07/06 14:06:08 [GET] / 192.168.10.12:60860 162.416µs
2025/07/06 14:06:08 [GET] /style.css 192.168.10.12:60860 123.193µs
2025/07/06 14:06:08 [GET] /script.js 192.168.10.12:60842 142.283µs
2025/07/06 14:06:14 [GET] / 192.168.10.12:60842 170.597µs
2025/07/06 14:06:14 [GET] /style.css 192.168.10.12:60842 122.608µs
2025/07/06 14:06:14 [GET] /script.js 192.168.10.12:60860 109.027µs
2025/07/06 14:06:21 Mudança detectada em www/style.css, enviando css-update
2025/07/06 14:06:21 [GET] / 192.168.10.12:60860 174.351µs
2025/07/06 14:06:21 [GET] / 192.168.10.12:60866 157.768µs
2025/07/06 14:06:21 [GET] /script.js 192.168.10.12:60842 106.915µs
2025/07/06 14:06:21 [GET] /style.css 192.168.10.12:60860 77.909µs
2025/07/06 14:06:21 [GET] /style.css 192.168.10.12:60866 208.762µs
2025/07/06 14:06:21 [GET] /script.js 192.168.10.12:60858 130.564µs
2025/07/06 14:06:23 [GET] / 192.168.10.12:60860 183.44µs
2025/07/06 14:06:23 [GET] /style.css 192.168.10.12:60860 126.532µs
2025/07/06 14:06:23 [GET] /script.js 192.168.10.12:60860 125.65µs
2025/07/06 14:07:53 Mudança detectada em www/style.css, enviando css-update
2025/07/06 14:07:53 [GET] / 192.168.10.12:60860 153.721µs
2025/07/06 14:07:53 [GET] / 192.168.10.12:60858 214.463µs
2025/07/06 14:07:53 [GET] /style.css 192.168.10.12:60860 115.4µs
2025/07/06 14:07:53 [GET] /script.js 192.168.10.12:60842 110.324µs
2025/07/06 14:07:53 [GET] /style.css 192.168.10.12:60858 116.817µs
2025/07/06 14:07:53 [GET] /script.js 192.168.10.12:60866 128.464µs
2025/07/06 14:07:56 [GET] / 192.168.10.12:60842 153.114µs
2025/07/06 14:07:56 [GET] /style.css 192.168.10.12:60842 113.663µs
2025/07/06 14:07:56 [GET] /script.js 192.168.10.12:60860 111.262µs
2025/07/06 14:08:14 Mudança detectada em www/style.css, enviando css-update
2025/07/06 14:08:14 [GET] / 192.168.10.12:60860 180.065µs
2025/07/06 14:08:14 [GET] / 192.168.10.12:60866 161.916µs
2025/07/06 14:08:14 [GET] /style.css 192.168.10.12:60860 138.95µs
2025/07/06 14:08:14 [GET] /script.js 192.168.10.12:60860 108.3µs
2025/07/06 14:08:14 [GET] /style.css 192.168.10.12:60866 121.469µs
2025/07/06 14:08:14 [GET] /script.js 192.168.10.12:60866 122.198µs
2025/07/06 14:08:15 [GET] / 192.168.10.12:60860 12.061667ms
2025/07/06 14:08:15 [GET] /script.js 192.168.10.12:60842 180.941µs
2025/07/06 14:08:15 [GET] /style.css 192.168.10.12:60860 79.571µs
2025/07/06 14:08:57 [GET] / 192.168.10.12:60860 161.912µs
2025/07/06 14:08:57 [GET] /style.css 192.168.10.12:60860 107.863µs
2025/07/06 14:08:57 [GET] /script.js 192.168.10.12:60860 135.149µs
2025/07/06 14:10:48 Mudança detectada em www/style.css, enviando css-update
2025/07/06 14:10:48 [GET] / 192.168.10.12:60860 153.963µs
2025/07/06 14:10:48 [GET] / 192.168.10.12:60866 159.79µs
2025/07/06 14:10:48 [GET] /style.css 192.168.10.12:60860 124.326µs
2025/07/06 14:10:48 [GET] /script.js 192.168.10.12:60842 68.488µs
2025/07/06 14:10:48 [GET] /style.css 192.168.10.12:60866 121.717µs
2025/07/06 14:10:48 [GET] /script.js 192.168.10.12:60858 1.751917ms
2025/07/06 14:10:50 [GET] / 192.168.10.12:60842 233.868µs
2025/07/06 14:10:50 [GET] /style.css 192.168.10.12:60842 218.463µs
2025/07/06 14:10:50 [GET] /script.js 192.168.10.12:60860 89.563µs
2025/07/06 14:10:54 [GET] / 192.168.10.12:60860 158.255µs
2025/07/06 14:10:54 [GET] /style.css 192.168.10.12:60860 111.032µs
2025/07/06 14:10:54 [GET] /script.js 192.168.10.12:60860 99.834µs
2025/07/06 14:12:16 Mudança detectada em www/index.html, enviando reload
2025/07/06 14:12:16 [GET] / 192.168.10.12:60860 164.427µs
2025/07/06 14:12:16 [GET] / 192.168.10.12:60858 196.37µs
2025/07/06 14:12:16 [GET] /style.css 192.168.10.12:60860 126.768µs
2025/07/06 14:12:16 [GET] /script.js 192.168.10.12:60860 222.298µs
2025/07/06 14:12:16 [GET] /style.css 192.168.10.12:60858 128.124µs
2025/07/06 14:12:16 [GET] /script.js 192.168.10.12:60866 112.889µs
2025/07/06 14:12:17 [GET] / 192.168.10.12:60860 143.546µs
2025/07/06 14:12:17 [GET] /style.css 192.168.10.12:60860 109.93µs
2025/07/06 14:12:17 [GET] /script.js 192.168.10.12:60842 125.064µs
2025/07/06 14:14:32 Mudança detectada em www/index.html, enviando reload
2025/07/06 14:14:32 [GET] / 192.168.10.12:60842 198.793µs
2025/07/06 14:14:32 [GET] / 192.168.10.12:60866 149.175µs
2025/07/06 14:14:32 [GET] /style.css 192.168.10.12:60842 127.579µs
2025/07/06 14:14:32 [GET] /script.js 192.168.10.12:60860 107.57µs
2025/07/06 14:14:32 [GET] /style.css 192.168.10.12:60866 133.872µs
2025/07/06 14:14:32 [GET] /script.js 192.168.10.12:60858 101.419µs
2025/07/06 14:17:14 Mudança detectada em www/style.css, enviando css-update
2025/07/06 14:17:14 [GET] / 192.168.10.12:60860 208.107µs
2025/07/06 14:17:14 [GET] / 192.168.10.12:60858 188.169µs
2025/07/06 14:17:14 [GET] /style.css 192.168.10.12:60860 115.998µs
2025/07/06 14:17:14 [GET] /script.js 192.168.10.12:60842 69.418µs
2025/07/06 14:17:14 [GET] /style.css 192.168.10.12:60858 132.551µs
2025/07/06 14:17:14 [GET] /script.js 192.168.10.12:60866 94.677µs
2025/07/06 14:20:04 Mudança detectada em www/index.html, enviando reload
2025/07/06 14:20:04 [GET] / 192.168.10.12:60842 155.278µs
2025/07/06 14:20:04 [GET] / 192.168.10.12:60866 106.149µs
2025/07/06 14:20:04 [GET] /style.css 192.168.10.12:60842 592.092µs
2025/07/06 14:20:04 [GET] /style.css 192.168.10.12:60866 135.217µs
2025/07/06 14:20:04 [GET] /script.js 192.168.10.12:60860 69.355µs
2025/07/06 14:20:04 [GET] /script.js 192.168.10.12:60858 131.911µs
2025/07/06 14:22:50 Mudança detectada em www/index.html, enviando reload
2025/07/06 14:22:50 [GET] / 192.168.10.12:39298 202.859µs
2025/07/06 14:22:50 [GET] / 192.168.10.12:39312 173.657µs
2025/07/06 14:22:50 [GET] /script.js 192.168.10.12:39318 179.248µs
2025/07/06 14:22:50 [GET] /style.css 192.168.10.12:39298 71.962µs
2025/07/06 14:22:50 [GET] /style.css 192.168.10.12:39312 125.926µs
2025/07/06 14:22:50 [GET] /script.js 192.168.10.12:39334 95.632µs
2025/07/06 14:23:05 Mudança detectada em www/index.html, enviando reload
2025/07/06 14:23:05 [GET] / 192.168.10.12:39298 180.409µs
2025/07/06 14:23:05 [GET] / 192.168.10.12:39334 207.024µs
2025/07/06 14:23:05 [GET] /style.css 192.168.10.12:39318 139.136µs
2025/07/06 14:23:05 [GET] /style.css 192.168.10.12:39312 1.978156ms
2025/07/06 14:23:05 [GET] /script.js 192.168.10.12:35462 194.071µs
2025/07/06 14:23:05 [GET] /script.js 192.168.10.12:39312 133.519µs
2025/07/06 14:23:11 [GET] / 192.168.10.12:35462 375.924µs
2025/07/06 14:23:11 [GET] /style.css 192.168.10.12:35462 111.005µs
2025/07/06 14:23:11 [GET] /script.js 192.168.10.12:39318 118.888µs
2025/07/06 14:24:02 Mudança detectada em www/index.html, enviando reload
2025/07/06 14:24:02 [GET] / 192.168.10.12:39312 225.203µs
2025/07/06 14:24:02 [GET] / 192.168.10.12:39318 164.313µs
2025/07/06 14:24:02 [GET] /style.css 192.168.10.12:39312 107.457µs
2025/07/06 14:24:02 [GET] /script.js 192.168.10.12:39334 117.618µs
2025/07/06 14:24:02 [GET] /style.css 192.168.10.12:39318 137.646µs
2025/07/06 14:24:02 [GET] /script.js 192.168.10.12:35462 259.559µs
2025/07/06 14:24:04 Mudança detectada em www/index.html, enviando reload
2025/07/06 14:24:04 [GET] / 192.168.10.12:35462 235.889µs
2025/07/06 14:24:04 [GET] / 192.168.10.12:39334 156.43µs
2025/07/06 14:24:04 [GET] /style.css 192.168.10.12:35462 116.745µs
2025/07/06 14:24:04 [GET] /script.js 192.168.10.12:35462 128.7µs
2025/07/06 14:24:04 [GET] /style.css 192.168.10.12:39334 180.433µs
2025/07/06 14:24:04 [GET] /script.js 192.168.10.12:39312 137.083µs
2025/07/06 14:25:32 Mudança detectada em www/script.js, enviando js-update
2025/07/06 14:25:32 [GET] / 192.168.10.12:35462 181.453µs
2025/07/06 14:25:32 [GET] / 192.168.10.12:39312 163.003µs
2025/07/06 14:25:32 [GET] /style.css 192.168.10.12:35462 109.933µs
2025/07/06 14:25:32 [GET] /script.js 192.168.10.12:39318 143.486µs
2025/07/06 14:25:32 [GET] /style.css 192.168.10.12:39312 159.883µs
2025/07/06 14:25:32 [GET] /script.js 192.168.10.12:39334 143.369µs
2025/07/06 14:25:34 [GET] / 192.168.10.12:39318 173.472µs
2025/07/06 14:25:34 [GET] /style.css 192.168.10.12:39318 107.151µs
2025/07/06 14:25:34 [GET] /script.js 192.168.10.12:35462 67.497µs
2025/07/06 14:25:41 [GET] / 192.168.10.12:35462 183.889µs
2025/07/06 14:25:41 [GET] /style.css 192.168.10.12:35462 130.034µs
2025/07/06 14:25:41 [GET] /script.js 192.168.10.12:35462 122.68µs
2025/07/06 14:26:38 [GET] /style.css 192.168.10.12:35462 101.29µs
2025/07/06 14:27:27 Mudança detectada em www/index.html, enviando reload
2025/07/06 14:27:27 [GET] / 192.168.10.12:35462 150.901µs
2025/07/06 14:27:27 [GET] / 192.168.10.12:39334 176.61µs
2025/07/06 14:27:27 [GET] /style.css 192.168.10.12:35462 107.654µs
2025/07/06 14:27:27 [GET] /script.js 192.168.10.12:39318 101.906µs
2025/07/06 14:27:27 [GET] /style.css 192.168.10.12:39334 173.086µs
2025/07/06 14:27:27 [GET] /script.js 192.168.10.12:39312 103.938µs
2025/07/06 14:27:31 [GET] / 192.168.10.12:39318 153.062µs
2025/07/06 14:27:31 [GET] /style.css 192.168.10.12:39318 114.839µs
2025/07/06 14:27:31 [GET] /script.js 192.168.10.12:35462 105.548µs
2025/07/06 14:27:36 Mudança detectada em www/index.html, enviando reload
2025/07/06 14:27:36 [GET] / 192.168.10.12:35462 140.359µs
2025/07/06 14:27:36 [GET] / 192.168.10.12:39312 151.484µs
2025/07/06 14:27:36 [GET] /style.css 192.168.10.12:39312 108.066µs
2025/07/06 14:27:36 [GET] /style.css 192.168.10.12:35462 127.676µs
2025/07/06 14:27:36 [GET] /script.js 192.168.10.12:39334 63.093µs
2025/07/06 14:27:36 [GET] /script.js 192.168.10.12:39318 132.939µs
2025/07/06 14:27:42 Mudança detectada em www/index.html, enviando reload
2025/07/06 14:27:42 [GET] / 192.168.10.12:39318 191.262µs
2025/07/06 14:27:42 [GET] / 192.168.10.12:39334 160.572µs
2025/07/06 14:27:42 [GET] /script.js 192.168.10.12:35462 120.594µs
2025/07/06 14:27:42 [GET] /style.css 192.168.10.12:39318 96.179µs
2025/07/06 14:27:42 [GET] /script.js 192.168.10.12:39312 119.451µs
2025/07/06 14:27:42 [GET] /style.css 192.168.10.12:39334 62.206µs
2025/07/06 14:27:44 Mudança detectada em www/index.html, enviando reload
2025/07/06 14:27:44 [GET] / 192.168.10.12:35462 185.524µs
2025/07/06 14:27:44 [GET] / 192.168.10.12:39334 166.474µs
2025/07/06 14:27:44 [GET] /style.css 192.168.10.12:35462 247.738µs
2025/07/06 14:27:44 [GET] /script.js 192.168.10.12:39318 165.44µs
2025/07/06 14:27:44 [GET] /script.js 192.168.10.12:39312 134.333µs
2025/07/06 14:27:44 [GET] /style.css 192.168.10.12:39334 353.365µs
2025/07/06 14:29:11 Mudança detectada em www/index.html, enviando reload
2025/07/06 14:29:11 [GET] / 192.168.10.12:39318 150.452µs
2025/07/06 14:29:11 [GET] /style.css 192.168.10.12:35462 132.233µs
2025/07/06 14:29:11 [GET] / 192.168.10.12:39334 105.711µs
2025/07/06 14:29:11 [GET] /script.js 192.168.10.12:39318 112.36µs
2025/07/06 14:29:11 [GET] /script.js 192.168.10.12:39334 177.683µs
2025/07/06 14:29:11 [GET] /style.css 192.168.10.12:39312 115.22µs
2025/07/06 14:29:14 [GET] / 192.168.10.12:39318 263.65µs
2025/07/06 14:29:14 [GET] /style.css 192.168.10.12:39318 123.835µs
2025/07/06 14:29:14 [GET] /script.js 192.168.10.12:35462 103.934µs
2025/07/06 14:29:22 Mudança detectada em www/index.html, enviando reload
2025/07/06 14:29:22 [GET] / 192.168.10.12:39312 209.892µs
2025/07/06 14:29:22 [GET] / 192.168.10.12:35462 199.237µs
2025/07/06 14:29:22 [GET] /style.css 192.168.10.12:39312 114.962µs
2025/07/06 14:29:22 [GET] /script.js 192.168.10.12:39334 96.668µs
2025/07/06 14:29:22 [GET] /style.css 192.168.10.12:35462 110.613µs
2025/07/06 14:29:22 [GET] /script.js 192.168.10.12:35462 99.35µs
2025/07/06 14:30:35 Mudança detectada em www/style.css, enviando css-update
2025/07/06 14:30:35 [GET] / 192.168.10.12:35462 148.607µs
2025/07/06 14:30:35 [GET] / 192.168.10.12:39334 142.702µs
2025/07/06 14:30:35 [GET] /style.css 192.168.10.12:35462 243.129µs
2025/07/06 14:30:35 [GET] /script.js 192.168.10.12:39318 158.948µs
2025/07/06 14:30:35 [GET] /style.css 192.168.10.12:39334 116.154µs
2025/07/06 14:30:35 [GET] /script.js 192.168.10.12:39312 53.373µs
2025/07/06 14:30:38 [GET] / 192.168.10.12:39318 210.591µs
2025/07/06 14:30:38 [GET] /script.js 192.168.10.12:35462 71.64µs
2025/07/06 14:30:38 [GET] /style.css 192.168.10.12:39318 741.886µs
2025/07/06 14:30:42 Mudança detectada em www/style.css, enviando css-update
2025/07/06 14:30:42 [GET] / 192.168.10.12:39318 183.836µs
2025/07/06 14:30:42 [GET] / 192.168.10.12:39312 156.011µs
2025/07/06 14:30:42 [GET] /style.css 192.168.10.12:39318 138.397µs
2025/07/06 14:30:42 [GET] /script.js 192.168.10.12:39318 95.965µs
2025/07/06 14:30:42 [GET] /style.css 192.168.10.12:39312 223.476µs
2025/07/06 14:30:42 [GET] /script.js 192.168.10.12:39334 103.17µs
2025/07/06 14:30:53 Mudança detectada em www/index.html, enviando reload
2025/07/06 14:30:54 [GET] / 192.168.10.12:39318 197.281µs
2025/07/06 14:30:54 [GET] / 192.168.10.12:39334 148.417µs
2025/07/06 14:30:54 [GET] /style.css 192.168.10.12:39334 155.121µs
2025/07/06 14:30:54 [GET] /script.js 192.168.10.12:39334 87.337µs
2025/07/06 14:30:54 [GET] /style.css 192.168.10.12:39318 120.389µs
2025/07/06 14:30:54 [GET] /script.js 192.168.10.12:35462 99.307µs
2025/07/06 14:30:55 Mudança detectada em www/index.html, enviando reload
2025/07/06 14:30:55 [GET] / 192.168.10.12:35462 370.139µs
2025/07/06 14:30:55 [GET] / 192.168.10.12:39334 426.078µs
2025/07/06 14:30:55 [GET] /style.css 192.168.10.12:35462 168.603µs
2025/07/06 14:30:55 [GET] /script.js 192.168.10.12:39312 103.182µs
2025/07/06 14:30:55 [GET] /style.css 192.168.10.12:39334 115.152µs
2025/07/06 14:30:55 [GET] /script.js 192.168.10.12:39318 50.537µs
2025/07/06 14:31:09 Mudança detectada em www/style.css, enviando css-update
2025/07/06 14:31:09 [GET] / 192.168.10.12:39318 185.422µs
2025/07/06 14:31:09 [GET] / 192.168.10.12:39312 158.181µs
2025/07/06 14:31:09 [GET] /style.css 192.168.10.12:39318 138.952µs
2025/07/06 14:31:09 [GET] /script.js 192.168.10.12:35462 98.375µs
2025/07/06 14:31:09 [GET] /script.js 192.168.10.12:39334 133.738µs
2025/07/06 14:31:09 [GET] /style.css 192.168.10.12:39312 63.397µs
2025/07/06 14:33:15 [GET] / 192.168.10.12:35462 165.409µs
2025/07/06 14:33:15 [GET] /script.js 192.168.10.12:39318 103.779µs
2025/07/06 14:33:15 [GET] /style.css 192.168.10.12:35462 69.689µs
2025/07/06 14:33:52 Mudança detectada em www/style.css, enviando css-update
2025/07/06 14:33:52 [GET] / 192.168.10.12:35462 151.485µs
2025/07/06 14:33:52 [GET] / 192.168.10.12:39312 335.481µs
2025/07/06 14:33:52 [GET] /style.css 192.168.10.12:35462 120.605µs
2025/07/06 14:33:52 [GET] /script.js 192.168.10.12:39318 122.362µs
2025/07/06 14:33:52 [GET] /script.js 192.168.10.12:39334 131.862µs
2025/07/06 14:33:52 [GET] /style.css 192.168.10.12:39312 73.432µs
2025/07/06 14:33:54 [GET] / 192.168.10.12:39318 162.016µs
2025/07/06 14:33:54 [GET] /style.css 192.168.10.12:39318 125.906µs
2025/07/06 14:33:54 [GET] /script.js 192.168.10.12:35462 108.115µs
2025/07/06 14:33:58 Mudança detectada em www/style.css, enviando css-update
2025/07/06 14:33:58 [GET] / 192.168.10.12:35462 206.337µs
2025/07/06 14:33:58 [GET] / 192.168.10.12:39312 149.563µs
2025/07/06 14:33:58 [GET] /style.css 192.168.10.12:35462 116.304µs
2025/07/06 14:33:58 [GET] /script.js 192.168.10.12:39318 103.488µs
2025/07/06 14:33:58 [GET] /style.css 192.168.10.12:39312 175.889µs
2025/07/06 14:33:58 [GET] /script.js 192.168.10.12:39334 56.407µs
2025/07/06 14:33:59 [GET] / 192.168.10.12:39318 145.06µs
2025/07/06 14:33:59 [GET] /style.css 192.168.10.12:39318 141.093µs
2025/07/06 14:33:59 [GET] /script.js 192.168.10.12:35462 68.516µs
2025/07/06 14:37:44 Mudança detectada em www/index.html, enviando reload
2025/07/06 14:37:44 [GET] / 192.168.10.12:35462 185.957µs
2025/07/06 14:37:44 [GET] / 192.168.10.12:39334 167.355µs
2025/07/06 14:37:44 [GET] /style.css 192.168.10.12:35462 130.109µs
2025/07/06 14:37:44 [GET] /script.js 192.168.10.12:39318 870.663µs
2025/07/06 14:37:44 [GET] /style.css 192.168.10.12:39334 122.719µs
2025/07/06 14:37:44 [GET] /script.js 192.168.10.12:39312 151.648µs
2025/07/06 14:38:01 Mudança detectada em www/index.html, enviando reload
2025/07/06 14:38:01 [GET] / 192.168.10.12:39312 161.249µs
2025/07/06 14:38:01 [GET] / 192.168.10.12:39318 225.309µs
2025/07/06 14:38:01 [GET] /style.css 192.168.10.12:39312 108.096µs
2025/07/06 14:38:01 [GET] /style.css 192.168.10.12:39318 117.687µs
2025/07/06 14:38:01 [GET] /script.js 192.168.10.12:39334 52.018µs
2025/07/06 14:38:01 [GET] /script.js 192.168.10.12:35462 46.925µs
2025/07/06 14:42:44 Mudança detectada em www/style.css, enviando css-update
2025/07/06 14:42:44 [GET] / 192.168.10.12:35462 165.849µs
2025/07/06 14:42:44 [GET] / 192.168.10.12:39334 276.079µs
2025/07/06 14:42:44 [GET] /style.css 192.168.10.12:39334 186.713µs
2025/07/06 14:42:44 [GET] /style.css 192.168.10.12:35462 185.507µs
2025/07/06 14:42:44 [GET] /script.js 192.168.10.12:39312 177.777µs
2025/07/06 14:42:44 [GET] /script.js 192.168.10.12:39318 96.606µs
2025/07/06 14:43:11 Mudança detectada em www/style.css, enviando css-update
2025/07/06 14:43:11 [GET] / 192.168.10.12:39318 199.745µs
2025/07/06 14:43:12 [GET] / 192.168.10.12:39312 189.783µs
2025/07/06 14:43:12 [GET] /style.css 192.168.10.12:35462 205.206µs
2025/07/06 14:43:12 [GET] /style.css 192.168.10.12:39334 192.193µs
2025/07/06 14:43:12 [GET] /script.js 192.168.10.12:60966 111.996µs
2025/07/06 14:43:12 [GET] /script.js 192.168.10.12:39334 107.042µs
2025/07/06 14:45:40 Mudança detectada em www/index.html, enviando reload
2025/07/06 14:45:40 [GET] / 192.168.10.12:60966 170.697µs
2025/07/06 14:45:40 [GET] / 192.168.10.12:39334 154.781µs
2025/07/06 14:45:40 [GET] /style.css 192.168.10.12:60966 167.945µs
2025/07/06 14:45:40 [GET] /script.js 192.168.10.12:60966 127.76µs
2025/07/06 14:45:40 [GET] /script.js 192.168.10.12:39312 130.268µs
2025/07/06 14:45:40 [GET] /style.css 192.168.10.12:39334 100.03µs
2025/07/06 14:45:41 Mudança detectada em www/index.html, enviando reload
2025/07/06 14:45:41 [GET] / 192.168.10.12:60966 203.196µs
2025/07/06 14:45:41 [GET] / 192.168.10.12:39312 173.083µs
2025/07/06 14:45:41 [GET] /style.css 192.168.10.12:60966 151.798µs
2025/07/06 14:45:41 [GET] /style.css 192.168.10.12:39312 164.517µs
2025/07/06 14:45:41 [GET] /script.js 192.168.10.12:35462 62.883µs
2025/07/06 14:45:41 [GET] /script.js 192.168.10.12:39334 187.28µs
2025/07/06 14:46:15 [GET] / 192.168.10.12:35462 180.493µs
2025/07/06 14:46:15 [GET] /style.css 192.168.10.12:35462 212.736µs
2025/07/06 14:46:15 [GET] /script.js 192.168.10.12:60966 110.646µs
2025/07/06 14:46:16 [GET] / 192.168.10.12:60966 185.189µs
2025/07/06 14:46:16 [GET] /style.css 192.168.10.12:60966 146.337µs
2025/07/06 14:46:16 [GET] /script.js 192.168.10.12:60966 98.123µs
2025/07/06 14:47:33 Mudança detectada em www/index.html, enviando reload
2025/07/06 14:47:33 [GET] / 192.168.10.12:60966 183.925µs
2025/07/06 14:47:33 [GET] / 192.168.10.12:39334 348.206µs
2025/07/06 14:47:33 [GET] /style.css 192.168.10.12:60966 128.162µs
2025/07/06 14:47:33 [GET] /script.js 192.168.10.12:60966 95.906µs
2025/07/06 14:47:33 [GET] /style.css 192.168.10.12:39334 246.279µs
2025/07/06 14:47:33 [GET] /script.js 192.168.10.12:39312 113.96µs
2025/07/06 14:47:37 Mudança detectada em www/index.html, enviando reload
2025/07/06 14:47:37 [GET] / 192.168.10.12:60966 168.663µs
2025/07/06 14:47:37 [GET] / 192.168.10.12:39312 178.35µs
2025/07/06 14:47:37 [GET] /style.css 192.168.10.12:60966 156.356µs
2025/07/06 14:47:37 [GET] /style.css 192.168.10.12:39312 195.384µs
2025/07/06 14:47:37 [GET] /script.js 192.168.10.12:35462 84.323µs
2025/07/06 14:47:37 [GET] /script.js 192.168.10.12:39334 74.526µs
2025/07/06 14:48:11 Mudança detectada em www/script.js, enviando js-update
2025/07/06 14:48:11 [GET] / 192.168.10.12:35462 222.924µs
2025/07/06 14:48:11 [GET] / 192.168.10.12:39334 182.094µs
2025/07/06 14:48:11 [GET] /script.js 192.168.10.12:60966 52.402µs
2025/07/06 14:48:11 [GET] /style.css 192.168.10.12:35462 448.837µs
2025/07/06 14:48:11 [GET] /script.js 192.168.10.12:39312 54.855µs
2025/07/06 14:48:11 [GET] /style.css 192.168.10.12:39334 567.818µs
2025/07/06 14:48:16 [GET] / 192.168.10.12:35462 205.876µs
2025/07/06 14:48:16 [GET] /style.css 192.168.10.12:35462 144.446µs
2025/07/06 14:48:16 [GET] /script.js 192.168.10.12:35462 48.352µs
2025/07/06 14:48:17 [GET] / 192.168.10.12:35462 159.597µs
2025/07/06 14:48:17 [GET] /style.css 192.168.10.12:35462 141.158µs
2025/07/06 14:48:17 [GET] /script.js 192.168.10.12:35462 49.107µs
2025/07/06 14:48:20 [GET] / 192.168.10.12:35462 164.719µs
2025/07/06 14:48:20 [GET] /style.css 192.168.10.12:35462 146.206µs
2025/07/06 14:48:20 [GET] /script.js 192.168.10.12:60966 49.845µs
2025/07/06 14:48:27 Mudança detectada em www/script.js, enviando js-update
2025/07/06 14:48:27 [GET] / 192.168.10.12:35462 319.244µs
2025/07/06 14:48:27 [GET] / 192.168.10.12:39334 307.435µs
2025/07/06 14:48:28 [GET] /style.css 192.168.10.12:35462 162.686µs
2025/07/06 14:48:28 [GET] /script.js 192.168.10.12:60966 181.07µs
2025/07/06 14:48:28 [GET] /script.js 192.168.10.12:39312 125.103µs
2025/07/06 14:48:28 [GET] /style.css 192.168.10.12:39334 132.18µs
2025/07/06 14:48:30 [GET] / 192.168.10.12:60966 168.418µs
2025/07/06 14:48:30 [GET] /script.js 192.168.10.12:35462 121.445µs
2025/07/06 14:48:30 [GET] /style.css 192.168.10.12:60966 131.554µs
2025/07/06 14:49:46 Mudança detectada em www/script.js, enviando js-update
2025/07/06 14:49:46 [GET] / 192.168.10.12:60966 182.915µs
2025/07/06 14:49:46 [GET] / 192.168.10.12:39312 130.481µs
2025/07/06 14:49:46 [GET] /style.css 192.168.10.12:39312 175.136µs
2025/07/06 14:49:46 [GET] /script.js 192.168.10.12:39312 117.707µs
2025/07/06 14:49:46 [GET] /style.css 192.168.10.12:60966 198.551µs
2025/07/06 14:49:46 [GET] /script.js 192.168.10.12:35462 116.437µs
2025/07/06 14:51:56 Mudança detectada em www/style.css, enviando css-update
2025/07/06 14:51:56 [GET] / 192.168.10.12:57136 196.838µs
2025/07/06 14:51:56 [GET] / 192.168.10.12:57152 125.388µs
2025/07/06 14:51:57 [GET] /style.css 192.168.10.12:57136 205.599µs
2025/07/06 14:51:57 [GET] /script.js 192.168.10.12:57180 135.075µs
2025/07/06 14:51:57 [GET] /style.css 192.168.10.12:57152 123.11µs
2025/07/06 14:51:57 [GET] /script.js 192.168.10.12:57166 268.349µs
2025/07/06 16:15:52 Mudança detectada em www/index.html, enviando reload
2025/07/06 16:15:52 [GET] / 192.168.10.12:36028 266.011µs
2025/07/06 16:15:52 [GET] / 192.168.10.12:36044 239.211µs
2025/07/06 16:15:56 Mudança detectada em www/index.html, enviando reload
2025/07/06 16:15:56 [GET] / 192.168.10.12:36028 216.187µs
2025/07/06 16:15:56 [GET] / 192.168.10.12:36044 277.738µs
2025/07/06 16:15:56 [GET] /style.css 192.168.10.12:36028 170.108µs
2025/07/06 16:15:56 [GET] /script.js 192.168.10.12:36048 181.95µs
2025/07/06 16:15:56 [GET] /script.js 192.168.10.12:36064 80.731µs
2025/07/06 16:15:56 [GET] /style.css 192.168.10.12:36044 493.491µs
2025/07/06 16:15:58 Mudança detectada em www/style.css, enviando css-update
2025/07/06 16:15:58 [GET] / 192.168.10.12:36048 232.96µs
2025/07/06 16:15:58 [GET] / 192.168.10.12:36044 182.935µs
2025/07/06 16:15:58 [GET] /style.css 192.168.10.12:36048 143.232µs
2025/07/06 16:15:58 [GET] /script.js 192.168.10.12:36028 79.379µs
2025/07/06 16:15:58 [GET] /style.css 192.168.10.12:36044 135.62µs
2025/07/06 16:15:58 [GET] /script.js 192.168.10.12:36064 85.22µs
2025/07/06 16:17:13 Mudança detectada em www/index.html, enviando reload
2025/07/06 16:17:13 [GET] / 192.168.10.12:36028 182.443µs
2025/07/06 16:17:13 [GET] / 192.168.10.12:36064 174.992µs
2025/07/06 16:17:13 [GET] /style.css 192.168.10.12:36028 160.889µs
2025/07/06 16:17:13 [GET] /script.js 192.168.10.12:36048 98.82µs
2025/07/06 16:17:13 [GET] /style.css 192.168.10.12:36064 147.261µs
2025/07/06 16:17:13 [GET] /script.js 192.168.10.12:36064 120.299µs
2025/07/06 16:18:00 Mudança detectada em www/script.js, enviando js-update
2025/07/06 16:18:00 [GET] / 192.168.10.12:36048 173.893µs
2025/07/06 16:18:00 [GET] / 192.168.10.12:36064 193.176µs
2025/07/06 16:18:00 [GET] /style.css 192.168.10.12:36048 150.289µs
2025/07/06 16:18:00 [GET] /style.css 192.168.10.12:36064 151.601µs
2025/07/06 16:18:00 [GET] /script.js 192.168.10.12:36048 107.478µs
2025/07/06 16:18:00 [GET] /script.js 192.168.10.12:36044 136.115µs
2025/07/06 16:19:06 Mudança detectada em www/index.html, enviando reload
2025/07/06 16:19:06 [GET] / 192.168.10.12:36048 157.245µs
2025/07/06 16:19:06 [GET] / 192.168.10.12:36044 165.573µs
2025/07/06 16:19:06 [GET] /script.js 192.168.10.12:36028 128.57µs
2025/07/06 16:19:06 [GET] /style.css 192.168.10.12:36048 728.195µs
2025/07/06 16:19:06 [GET] /style.css 192.168.10.12:36044 141.534µs
2025/07/06 16:19:06 [GET] /script.js 192.168.10.12:36064 973.012µs
2025/07/06 16:19:07 [GET] / 192.168.10.12:36048 182.648µs
2025/07/06 16:19:07 [GET] /style.css 192.168.10.12:36048 131.672µs
2025/07/06 16:19:07 [GET] /script.js 192.168.10.12:36028 107.176µs
2025/07/06 16:20:54 Mudança detectada em www/index.html, enviando reload
2025/07/06 16:20:54 [GET] / 192.168.10.12:60416 192.126µs
2025/07/06 16:20:54 [GET] / 192.168.10.12:60418 245.285µs
2025/07/06 16:20:54 [GET] /style.css 192.168.10.12:60416 146.464µs
2025/07/06 16:20:54 [GET] /script.js 192.168.10.12:60432 126.42µs
2025/07/06 16:20:54 [GET] /script.js 192.168.10.12:60444 114.116µs
2025/07/06 16:20:54 [GET] /style.css 192.168.10.12:60418 821.511µs
2025/07/06 16:22:52 Mudança detectada em www/index.html, enviando reload
2025/07/06 16:22:52 [GET] / 192.168.10.12:60432 197.475µs
2025/07/06 16:22:52 [GET] /style.css 192.168.10.12:60432 132.496µs
2025/07/06 16:22:52 [GET] / 192.168.10.12:60418 161.027µs
2025/07/06 16:22:52 [GET] /script.js 192.168.10.12:60416 147.638µs
2025/07/06 16:22:52 [GET] /style.css 192.168.10.12:60418 120.361µs
2025/07/06 16:22:52 [GET] /script.js 192.168.10.12:60444 75.018µs
2025/07/06 16:23:23 Mudança detectada em www/index.html, enviando reload
2025/07/06 16:23:23 [GET] / 192.168.10.12:60416 215.751µs
2025/07/06 16:23:23 [GET] / 192.168.10.12:60444 138.351µs
2025/07/06 16:23:23 [GET] /style.css 192.168.10.12:60432 182.198µs
2025/07/06 16:23:23 [GET] /style.css 192.168.10.12:60444 139.559µs
2025/07/06 16:23:23 [GET] /script.js 192.168.10.12:60432 67.607µs
2025/07/06 16:23:23 [GET] /script.js 192.168.10.12:60418 130.06µs
2025/07/06 16:24:12 Mudança detectada em www/style.css, enviando css-update
2025/07/06 16:24:12 [GET] / 192.168.10.12:60432 180.402µs
2025/07/06 16:24:12 [GET] / 192.168.10.12:60418 564.974µs
2025/07/06 16:24:12 [GET] /style.css 192.168.10.12:60432 110.746µs
2025/07/06 16:24:12 [GET] /script.js 192.168.10.12:60416 146.857µs
2025/07/06 16:24:12 [GET] /style.css 192.168.10.12:60418 108.821µs
2025/07/06 16:24:12 [GET] /script.js 192.168.10.12:60444 112.084µs
2025/07/06 16:25:38 Mudança detectada em www/index.html, enviando reload
2025/07/06 16:25:38 [GET] / 192.168.10.12:60416 175.311µs
2025/07/06 16:25:38 [GET] / 192.168.10.12:60444 189.79µs
2025/07/06 16:25:38 [GET] /script.js 192.168.10.12:60432 131.923µs
2025/07/06 16:25:38 [GET] /style.css 192.168.10.12:60416 132.111µs
2025/07/06 16:25:38 [GET] /style.css 192.168.10.12:60444 794.066µs
2025/07/06 16:25:38 [GET] /script.js 192.168.10.12:60418 85.776µs
2025/07/06 16:25:51 Mudança detectada em www/style.css, enviando css-update
2025/07/06 16:25:51 [GET] / 192.168.10.12:60432 172.222µs
2025/07/06 16:25:51 [GET] / 192.168.10.12:60418 150.358µs
2025/07/06 16:25:51 [GET] /style.css 192.168.10.12:60432 186.709µs
2025/07/06 16:25:51 [GET] /script.js 192.168.10.12:60416 117.656µs
2025/07/06 16:25:51 [GET] /style.css 192.168.10.12:60418 118.956µs
2025/07/06 16:25:51 [GET] /script.js 192.168.10.12:60444 120.053µs
2025/07/06 16:27:55 Mudança detectada em www/index.html, enviando reload
2025/07/06 16:27:55 [GET] / 192.168.10.12:60416 165.396µs
2025/07/06 16:27:55 [GET] / 192.168.10.12:60444 187.008µs
2025/07/06 16:27:55 [GET] /style.css 192.168.10.12:60416 133.944µs
2025/07/06 16:27:55 [GET] /style.css 192.168.10.12:60444 114.348µs
2025/07/06 16:27:55 [GET] /script.js 192.168.10.12:60432 119.697µs
2025/07/06 16:27:55 [GET] /script.js 192.168.10.12:60418 56.367µs
2025/07/06 16:30:11 Mudança detectada em www/index.html, enviando reload
2025/07/06 16:30:11 [GET] / 192.168.10.12:60432 165.536µs
2025/07/06 16:30:11 [GET] / 192.168.10.12:60418 209.849µs
2025/07/06 16:30:12 [GET] /style.css 192.168.10.12:60418 134.466µs
2025/07/06 16:30:12 [GET] /script.js 192.168.10.12:60416 64.496µs
2025/07/06 16:30:12 [GET] /style.css 192.168.10.12:60432 76.377µs
2025/07/06 16:30:12 [GET] /script.js 192.168.10.12:60444 3.834822ms
2025/07/06 16:31:25 [GET] / 192.168.10.12:60432 209.747µs
2025/07/06 16:31:25 [GET] /style.css 192.168.10.12:60432 118.879µs
2025/07/06 16:31:25 [GET] /script.js 192.168.10.12:60432 106.261µs
2025/07/06 16:32:08 Mudança detectada em www/index.html, enviando reload
2025/07/06 16:32:08 [GET] / 192.168.10.12:60432 290.951µs
2025/07/06 16:32:08 [GET] / 192.168.10.12:60444 197.892µs
2025/07/06 16:32:09 [GET] /style.css 192.168.10.12:60432 143.04µs
2025/07/06 16:32:09 [GET] /script.js 192.168.10.12:60416 122.178µs
2025/07/06 16:32:09 [GET] /style.css 192.168.10.12:60444 140.635µs
2025/07/06 16:32:09 [GET] /script.js 192.168.10.12:60418 112.569µs
2025/07/06 16:35:10 Mudança detectada em www/style.css, enviando css-update
2025/07/06 16:35:10 [GET] / 192.168.10.12:60416 174.433µs
2025/07/06 16:35:10 [GET] / 192.168.10.12:60418 185.827µs
2025/07/06 16:35:10 [GET] /style.css 192.168.10.12:60416 145.693µs
2025/07/06 16:35:10 [GET] /script.js 192.168.10.12:60432 128.644µs
2025/07/06 16:35:10 [GET] /style.css 192.168.10.12:60418 120.146µs
2025/07/06 16:35:10 [GET] /script.js 192.168.10.12:60444 69.597µs
2025/07/06 16:35:38 Mudança detectada em www/style.css, enviando css-update
2025/07/06 16:35:38 [GET] / 192.168.10.12:60432 472.538µs
2025/07/06 16:35:38 [GET] / 192.168.10.12:60444 166.697µs
2025/07/06 16:35:38 [GET] /style.css 192.168.10.12:60432 139.45µs
2025/07/06 16:35:38 [GET] /style.css 192.168.10.12:60444 99.627µs
2025/07/06 16:35:38 [GET] /script.js 192.168.10.12:60418 168.487µs
2025/07/06 16:35:38 [GET] /script.js 192.168.10.12:60416 339.743µs
2025/07/06 16:35:40 [GET] / 192.168.10.12:60416 412.616µs
2025/07/06 16:35:40 [GET] /style.css 192.168.10.12:60416 246.16µs
2025/07/06 16:35:40 [GET] /script.js 192.168.10.12:60416 199.336µs
2025/07/06 16:35:45 Mudança detectada em www/style.css, enviando css-update
2025/07/06 16:35:45 [GET] / 192.168.10.12:60416 196.658µs
2025/07/06 16:35:45 [GET] / 192.168.10.12:60418 235.841µs
2025/07/06 16:35:45 [GET] /style.css 192.168.10.12:60416 52.753µs
2025/07/06 16:35:45 [GET] /style.css 192.168.10.12:60418 48.228µs
2025/07/06 16:35:45 [GET] /script.js 192.168.10.12:60416 115.693µs
2025/07/06 16:35:45 [GET] /script.js 192.168.10.12:60444 116.289µs
2025/07/06 16:35:46 Mudança detectada em www/style.css, enviando css-update
2025/07/06 16:35:46 [GET] / 192.168.10.12:60416 201.255µs
2025/07/06 16:35:46 [GET] / 192.168.10.12:60444 493.159µs
2025/07/06 16:35:46 [GET] /style.css 192.168.10.12:60416 166.54µs
2025/07/06 16:35:46 [GET] /script.js 192.168.10.12:60432 130.307µs
2025/07/06 16:35:46 [GET] /style.css 192.168.10.12:60444 141.989µs
2025/07/06 16:35:46 [GET] /script.js 192.168.10.12:60418 177.607µs
2025/07/06 16:38:00 Mudança detectada em www/style.css, enviando css-update
2025/07/06 16:38:00 [GET] / 192.168.10.12:60432 191.183µs
2025/07/06 16:38:00 [GET] / 192.168.10.12:60418 158.713µs
2025/07/06 16:38:00 [GET] /script.js 192.168.10.12:60444 184.769µs
2025/07/06 16:38:00 [GET] /script.js 192.168.10.12:60416 66.172µs
2025/07/06 16:38:00 [GET] /style.css 192.168.10.12:60432 7.581414ms
2025/07/06 16:38:00 [GET] /style.css 192.168.10.12:60418 8.374187ms
2025/07/06 16:38:01 [GET] / 192.168.10.12:60432 280.444µs
2025/07/06 16:38:01 [GET] /style.css 192.168.10.12:60432 123.909µs
2025/07/06 16:38:01 [GET] /script.js 192.168.10.12:60432 191.246µs
2025/07/06 16:38:03 [GET] / 192.168.10.12:60432 184.63µs
2025/07/06 16:38:03 [GET] /style.css 192.168.10.12:60432 1.166765ms
2025/07/06 16:38:03 [GET] /script.js 192.168.10.12:60416 114.24µs
2025/07/06 16:38:19 Mudança detectada em www/style.css, enviando css-update
2025/07/06 16:38:19 [GET] / 192.168.10.12:60416 190.086µs
2025/07/06 16:38:19 [GET] / 192.168.10.12:60418 196.001µs
2025/07/06 16:38:19 [GET] /style.css 192.168.10.12:60416 207.66µs
2025/07/06 16:38:19 [GET] /script.js 192.168.10.12:60432 131.625µs
2025/07/06 16:38:19 [GET] /style.css 192.168.10.12:60418 132.074µs
2025/07/06 16:38:19 [GET] /script.js 192.168.10.12:60444 119.735µs
2025/07/06 16:41:06 Mudança detectada em www/style.css, enviando css-update
2025/07/06 16:41:06 [GET] / 192.168.10.12:60416 174.429µs
2025/07/06 16:41:06 [GET] / 192.168.10.12:60444 108.397µs
2025/07/06 16:41:06 [GET] /style.css 192.168.10.12:60416 150.154µs
2025/07/06 16:41:06 [GET] /script.js 192.168.10.12:60416 117.168µs
2025/07/06 16:41:06 [GET] /script.js 192.168.10.12:60418 60.042µs
2025/07/06 16:41:06 [GET] /style.css 192.168.10.12:60444 68.457µs
2025/07/06 16:41:09 [GET] / 192.168.10.12:60416 181.617µs
2025/07/06 16:41:09 [GET] /style.css 192.168.10.12:60416 124.214µs
2025/07/06 16:41:09 [GET] /script.js 192.168.10.12:60432 142.704µs
2025/07/06 16:43:24 Mudança detectada em www/script.js, enviando js-update
2025/07/06 16:43:24 [GET] / 192.168.10.12:60432 174.825µs
2025/07/06 16:43:24 [GET] / 192.168.10.12:60444 178.191µs
2025/07/06 16:43:24 [GET] /style.css 192.168.10.12:60432 172.298µs
2025/07/06 16:43:24 [GET] /script.js 192.168.10.12:60432 139.663µs
2025/07/06 16:43:24 [GET] /style.css 192.168.10.12:60444 172.461µs
2025/07/06 16:43:24 [GET] /script.js 192.168.10.12:60418 152.882µs
2025/07/06 16:47:14 Mudança detectada em www/index.html, enviando reload
2025/07/06 16:47:14 [GET] / 192.168.10.12:60432 173.641µs
2025/07/06 16:47:14 [GET] / 192.168.10.12:60418 187.631µs
2025/07/06 16:47:14 [GET] /script.js 192.168.10.12:51892 161.242µs
2025/07/06 16:47:14 [GET] /style.css 192.168.10.12:60432 109.776µs
2025/07/06 16:47:14 [GET] /style.css 192.168.10.12:60418 166.466µs
2025/07/06 16:47:14 [GET] /script.js 192.168.10.12:60444 105.415µs
2025/07/06 16:48:50 Mudança detectada em www/style.css, enviando css-update
2025/07/06 16:48:50 [GET] / 192.168.10.12:60432 242.084µs
2025/07/06 16:48:50 [GET] / 192.168.10.12:60444 1.322869ms
2025/07/06 16:48:50 [GET] /style.css 192.168.10.12:60432 123.571µs
2025/07/06 16:48:50 [GET] /script.js 192.168.10.12:60432 108.906µs
2025/07/06 16:48:50 [GET] /style.css 192.168.10.12:60444 126.385µs
2025/07/06 16:48:50 [GET] /script.js 192.168.10.12:60418 509.715µs
2025/07/06 16:50:09 Mudança detectada em www/script.js, enviando js-update
2025/07/06 16:50:09 [GET] / 192.168.10.12:39558 1.756793ms
2025/07/06 16:50:09 [GET] / 192.168.10.12:39566 212.346µs
2025/07/06 16:50:10 [GET] /style.css 192.168.10.12:39558 135.048µs
2025/07/06 16:50:10 [GET] /script.js 192.168.10.12:39586 133.298µs
2025/07/06 16:50:10 [GET] /style.css 192.168.10.12:39566 133.434µs
2025/07/06 16:50:10 [GET] /script.js 192.168.10.12:39576 171.337µs
2025/07/06 16:51:58 Mudança detectada em www/script.js, enviando js-update
2025/07/06 16:51:58 [GET] / 192.168.10.12:39586 181.015µs
2025/07/06 16:51:58 [GET] / 192.168.10.12:39576 167.638µs
2025/07/06 16:51:58 [GET] /style.css 192.168.10.12:39586 637.826µs
2025/07/06 16:51:58 [GET] /script.js 192.168.10.12:39558 181.084µs
2025/07/06 16:51:58 [GET] /style.css 192.168.10.12:39576 130.246µs
2025/07/06 16:51:58 [GET] /script.js 192.168.10.12:39566 116.886µs
2025/07/06 16:52:28 [GET] / 192.168.10.12:39558 265.182µs
2025/07/06 16:52:28 [GET] /style.css 192.168.10.12:39558 135.543µs
2025/07/06 16:52:28 [GET] /script.js 192.168.10.12:39586 84.952µs
2025/07/06 16:52:33 [GET] / 192.168.10.12:39586 321.83µs
2025/07/06 16:52:33 [GET] /style.css 192.168.10.12:39586 220.324µs
2025/07/06 16:52:33 [GET] /script.js 192.168.10.12:39558 168.207µs
2025/07/06 16:57:34 Mudança detectada em www/index.html, enviando reload
2025/07/06 16:57:34 [GET] / 192.168.10.12:39798 208.635µs
2025/07/06 16:57:34 [GET] / 192.168.10.12:39820 229.104µs
2025/07/06 16:57:34 [GET] /script.js 192.168.10.12:39826 166.513µs
2025/07/06 16:57:34 [GET] /script.js 192.168.10.12:39810 95.498µs
2025/07/06 16:57:34 [GET] /style.css 192.168.10.12:39820 82.559µs
2025/07/06 16:57:34 [GET] /style.css 192.168.10.12:39798 85.633µs
2025/07/06 16:59:01 Mudança detectada em www/style.css, enviando css-update
2025/07/06 16:59:01 [GET] / 192.168.10.12:39820 242.385µs
2025/07/06 16:59:01 [GET] / 192.168.10.12:39798 235.633µs
2025/07/06 16:59:01 [GET] /style.css 192.168.10.12:39820 146.198µs
2025/07/06 16:59:01 [GET] /script.js 192.168.10.12:39826 116.746µs
2025/07/06 16:59:01 [GET] /style.css 192.168.10.12:39798 152.44µs
2025/07/06 16:59:01 [GET] /script.js 192.168.10.12:39810 119.688µs
2025/07/06 16:59:07 Mudança detectada em www/script.js, enviando js-update
2025/07/06 16:59:07 [GET] / 192.168.10.12:39826 244.129µs
2025/07/06 16:59:07 [GET] / 192.168.10.12:39810 212.271µs
2025/07/06 16:59:07 [GET] /style.css 192.168.10.12:39826 181.383µs
2025/07/06 16:59:07 [GET] /script.js 192.168.10.12:39820 131.228µs
2025/07/06 16:59:07 [GET] /style.css 192.168.10.12:39810 121.055µs
2025/07/06 16:59:07 [GET] /script.js 192.168.10.12:39798 109.26µs
2025/07/06 17:02:23 Mudança detectada em www/index.html, enviando reload
2025/07/06 17:02:23 [GET] / 192.168.10.12:39820 176.593µs
2025/07/06 17:02:23 [GET] / 192.168.10.12:39798 968.295µs
2025/07/06 17:02:23 [GET] /style.css 192.168.10.12:39826 162.018µs
2025/07/06 17:02:23 [GET] /script.js 192.168.10.12:39826 137.264µs
2025/07/06 17:02:23 [GET] /style.css 192.168.10.12:39798 149.739µs
2025/07/06 17:02:23 [GET] /script.js 192.168.10.12:39798 3.431353ms
2025/07/06 17:02:59 Mudança detectada em www/style.css, enviando css-update
2025/07/06 17:02:59 [GET] / 192.168.10.12:39798 239.612µs
2025/07/06 17:02:59 [GET] / 192.168.10.12:39826 158.196µs
2025/07/06 17:02:59 [GET] /style.css 192.168.10.12:39826 173.714µs
2025/07/06 17:02:59 [GET] /script.js 192.168.10.12:39810 189.801µs
2025/07/06 17:02:59 [GET] /style.css 192.168.10.12:39798 142.507µs
2025/07/06 17:02:59 [GET] /script.js 192.168.10.12:39820 73.378µs
2025/07/06 17:03:04 Mudança detectada em www/style.css, enviando css-update
2025/07/06 17:03:04 [GET] / 192.168.10.12:39820 245.517µs
2025/07/06 17:03:04 [GET] / 192.168.10.12:39798 249.137µs
2025/07/06 17:03:04 [GET] /style.css 192.168.10.12:39820 142.627µs
2025/07/06 17:03:04 [GET] /script.js 192.168.10.12:39820 165.888µs
2025/07/06 17:03:04 [GET] /style.css 192.168.10.12:39798 151.29µs
2025/07/06 17:03:04 [GET] /script.js 192.168.10.12:39810 150.513µs
2025/07/06 17:03:20 Mudança detectada em www/script.js, enviando js-update
2025/07/06 17:03:20 [GET] / 192.168.10.12:39820 220.255µs
2025/07/06 17:03:20 [GET] / 192.168.10.12:39810 209.617µs
2025/07/06 17:03:20 [GET] /style.css 192.168.10.12:39820 160.75µs
2025/07/06 17:03:20 [GET] /script.js 192.168.10.12:39826 161.701µs
2025/07/06 17:03:20 [GET] /script.js 192.168.10.12:39798 168.147µs
2025/07/06 17:03:20 [GET] /style.css 192.168.10.12:39810 75.301µs
2025/07/06 17:03:22 [GET] / 192.168.10.12:39826 213.348µs
2025/07/06 17:03:22 [GET] /style.css 192.168.10.12:39826 141.823µs
2025/07/06 17:03:22 [GET] /script.js 192.168.10.12:39820 108.467µs
2025/07/06 17:04:24 [GET] / 192.168.10.12:39820 234.889µs
2025/07/06 17:04:24 [GET] /script.js 192.168.10.12:39826 122.102µs
2025/07/06 17:04:24 [GET] /style.css 192.168.10.12:39820 395.524µs
2025/07/06 17:16:45 [GET] / 192.168.10.11:51886 387.921µs
2025/07/06 17:16:45 [GET] /style.css 192.168.10.11:51886 206.658µs
2025/07/06 17:16:45 [GET] /script.js 192.168.10.11:51887 209.274µs
2025/07/06 17:16:46 [GET] /favicon.ico 192.168.10.11:61259 84.063µs
2025/07/06 19:31:20 Mudança detectada em www/README.md, enviando reload
2025/07/06 19:31:20 [GET] / 192.168.10.12:58440 182.511562ms
2025/07/06 19:31:20 [GET] / 192.168.10.12:58438 184.28714ms
2025/07/06 19:31:20 [GET] /style.css 192.168.10.12:58440 1.326151ms
2025/07/06 19:31:20 [GET] /style.css 192.168.10.12:58438 149.228µs
2025/07/06 19:31:20 [GET] /script.js 192.168.10.12:58444 221.449µs
2025/07/06 19:31:20 [GET] /script.js 192.168.10.12:58448 686.703µs
2025/07/06 19:31:22 Mudança detectada em www/README.md, enviando reload
2025/07/06 19:31:22 [GET] / 192.168.10.12:58444 579.177µs
2025/07/06 19:31:22 [GET] / 192.168.10.12:58448 233.215µs
2025/07/06 19:31:22 [GET] /style.css 192.168.10.12:58444 142.762µs
2025/07/06 19:31:22 [GET] /script.js 192.168.10.12:58444 129.755µs
2025/07/06 19:31:22 [GET] /script.js 192.168.10.12:58438 173.244µs
2025/07/06 19:31:22 [GET] /style.css 192.168.10.12:58448 120.829µs
2025/07/06 19:38:27 Mudança detectada em www/README.md, enviando reload
2025/07/06 19:38:27 [GET] / 192.168.10.12:56574 198.925µs
2025/07/06 19:38:27 [GET] / 192.168.10.12:56588 202.15µs
2025/07/06 19:38:27 [GET] /style.css 192.168.10.12:56574 137.547µs
2025/07/06 19:38:27 [GET] /script.js 192.168.10.12:56574 129.696µs
2025/07/06 19:38:27 [GET] /script.js 192.168.10.12:56604 132.009µs
2025/07/06 19:38:27 [GET] /style.css 192.168.10.12:56588 92.561µs
2025/07/06 19:38:41 Mudança detectada em www/media, enviando reload
2025/07/06 19:38:41 [GET] / 192.168.10.12:56574 245.029µs
2025/07/06 19:38:41 [GET] / 192.168.10.12:56588 301.645µs
2025/07/06 19:38:41 [GET] /style.css 192.168.10.12:56574 152.931µs
2025/07/06 19:38:41 [GET] /script.js 192.168.10.12:56604 119.808µs
2025/07/06 19:38:41 [GET] /style.css 192.168.10.12:56588 108.479µs
2025/07/06 19:38:41 [GET] /script.js 192.168.10.12:56598 1.034342ms
2025/07/06 19:39:38 Mudança detectada em www/README.md, enviando reload
2025/07/06 19:39:38 [GET] / 192.168.10.12:56598 185.424µs
2025/07/06 19:39:38 [GET] / 192.168.10.12:56588 197.421µs
2025/07/06 19:39:38 [GET] /style.css 192.168.10.12:56588 122.769µs
2025/07/06 19:39:38 [GET] /script.js 192.168.10.12:56574 144.03µs
2025/07/06 19:39:38 [GET] /style.css 192.168.10.12:56598 94.95µs
2025/07/06 19:39:38 [GET] /script.js 192.168.10.12:56604 106.905µs
2025/07/06 19:41:02 [GET] / 192.168.10.12:56604 205.787µs
2025/07/06 19:41:02 [GET] /style.css 192.168.10.12:56604 140.226µs
2025/07/06 19:41:03 [GET] /script.js 192.168.10.12:56604 143.004µs
2025/07/06 19:45:14 [GET] / 192.168.10.12:56604 176.55µs
2025/07/06 19:45:14 [GET] /style.css 192.168.10.12:56604 126.158µs
2025/07/06 19:45:14 [GET] /script.js 192.168.10.12:44824 117.276µs
2025/07/06 19:45:23 [GET] /style.css 192.168.10.12:44824 146.421µs
2025/07/06 19:48:31 Mudança detectada em www/style.css, enviando css-update
2025/07/06 19:48:31 [GET] / 192.168.10.12:44824 208.779µs
2025/07/06 19:48:31 [GET] / 192.168.10.12:44824 208.85µs
2025/07/06 19:48:31 [GET] /style.css 192.168.10.12:56604 114.876µs
2025/07/06 19:48:31 [GET] /script.js 192.168.10.12:57706 550.278µs
2025/07/06 19:48:31 [GET] /style.css 192.168.10.12:57706 129.133µs
2025/07/06 19:48:31 [GET] /script.js 192.168.10.12:56604 129.452µs
2025/07/06 19:49:24 Mudança detectada em www/index.html, enviando reload
2025/07/06 19:49:24 [GET] / 192.168.10.12:56604 664.402µs
2025/07/06 19:49:24 [GET] / 192.168.10.12:57706 256.958µs
2025/07/06 19:49:25 [GET] /style.css 192.168.10.12:57706 241.272µs
2025/07/06 19:49:25 [GET] /script.js 192.168.10.12:56604 121.247µs
2025/07/06 19:49:25 [GET] /style.css 192.168.10.12:44824 185.897µs
2025/07/06 19:49:25 [GET] /script.js 192.168.10.12:41044 144.297µs
2025/07/06 19:49:28 [GET] /style.css 192.168.10.12:41044 318.332µs
2025/07/06 19:49:59 [GET] / 192.168.10.12:41044 461.186µs
2025/07/06 19:49:59 [GET] /style.css 192.168.10.12:41044 173.987µs
2025/07/06 19:49:59 [GET] /script.js 192.168.10.12:44824 166.279µs
2025/07/06 19:50:11 Mudança detectada em www/index.html, enviando reload
2025/07/06 19:50:11 [GET] / 192.168.10.12:52284 246.128µs
2025/07/06 19:50:11 [GET] / 192.168.10.12:52290 232.881µs
2025/07/06 19:50:11 [GET] /style.css 192.168.10.12:52290 171.389µs
2025/07/06 19:50:11 [GET] /style.css 192.168.10.12:52284 141.636µs
2025/07/06 19:50:11 [GET] /script.js 192.168.10.12:52292 172.533µs
2025/07/06 19:50:11 [GET] /script.js 192.168.10.12:52284 142.988µs
2025/07/06 19:50:17 Mudança detectada em www/script.js, enviando js-update
2025/07/06 19:50:17 [GET] / 192.168.10.12:52284 213.576µs
2025/07/06 19:50:17 [GET] / 192.168.10.12:52284 240.844µs
2025/07/06 19:50:17 [GET] /style.css 192.168.10.12:52284 159.859µs
2025/07/06 19:50:17 [GET] /script.js 192.168.10.12:52292 98.413µs
2025/07/06 19:50:17 [GET] /style.css 192.168.10.12:52290 128.401µs
2025/07/06 19:50:17 [GET] /script.js 192.168.10.12:52316 133.627µs
2025/07/06 19:50:20 [GET] / 192.168.10.12:52316 215.25µs
2025/07/06 19:50:20 [GET] /style.css 192.168.10.12:52316 151.86µs
2025/07/06 19:50:20 [GET] /script.js 192.168.10.12:52290 130.408µs
2025/07/06 19:52:39 Mudança detectada em www/style.css, enviando css-update
2025/07/06 19:52:39 [GET] / 192.168.10.12:52290 204.343µs
2025/07/06 19:52:39 [GET] / 192.168.10.12:52290 232.35µs
2025/07/06 19:52:39 [GET] /style.css 192.168.10.12:52290 145.762µs
2025/07/06 19:52:39 [GET] /script.js 192.168.10.12:52316 122.731µs
2025/07/06 19:52:39 [GET] /style.css 192.168.10.12:52316 150.179µs
2025/07/06 19:52:39 [GET] /script.js 192.168.10.12:52290 121.113µs
2025/07/06 19:52:55 Mudança detectada em www/style.css, enviando css-update
2025/07/06 19:52:55 [GET] / 192.168.10.12:52290 221.933µs
2025/07/06 19:52:55 [GET] / 192.168.10.12:52290 214.108µs
2025/07/06 19:52:55 [GET] /script.js 192.168.10.12:52316 143.966µs
2025/07/06 19:52:55 [GET] /style.css 192.168.10.12:52290 80.96µs
2025/07/06 19:52:55 [GET] /style.css 192.168.10.12:52290 135.619µs
2025/07/06 19:52:55 [GET] /script.js 192.168.10.12:52316 146.902µs
2025/07/06 19:53:40 Mudança detectada em www/index.html, enviando reload
2025/07/06 19:53:40 [GET] / 192.168.10.12:52316 239.026µs
2025/07/06 19:53:40 [GET] / 192.168.10.12:52290 211.052µs
2025/07/06 19:53:40 [GET] /style.css 192.168.10.12:52290 144.104µs
2025/07/06 19:53:40 [GET] /script.js 192.168.10.12:52316 114.142µs
2025/07/06 19:53:40 [GET] /style.css 192.168.10.12:52316 181.605µs
2025/07/06 19:53:40 [GET] /script.js 192.168.10.12:52290 256.81µs
2025/07/06 19:54:12 Mudança detectada em www/script.js, enviando js-update
2025/07/06 19:54:12 [GET] / 192.168.10.12:52290 196.417µs
2025/07/06 19:54:12 [GET] / 192.168.10.12:52316 182.703µs
2025/07/06 19:54:12 [GET] /style.css 192.168.10.12:52316 115.491µs
2025/07/06 19:54:12 [GET] /script.js 192.168.10.12:52290 121.064µs
2025/07/06 19:54:12 [GET] /style.css 192.168.10.12:52292 126.592µs
2025/07/06 19:54:12 [GET] /script.js 192.168.10.12:52284 105.441µs
2025/07/06 19:57:34 Mudança detectada em www/style.css, enviando css-update
2025/07/06 19:57:34 [GET] / 192.168.10.12:52284 187.956µs
2025/07/06 19:57:34 [GET] / 192.168.10.12:52292 262.465µs
2025/07/06 19:57:34 [GET] /script.js 192.168.10.12:52284 134.638µs
2025/07/06 19:57:34 [GET] /style.css 192.168.10.12:52292 219.508µs
2025/07/06 19:57:34 [GET] /style.css 192.168.10.12:52290 443.421µs
2025/07/06 19:57:34 [GET] /script.js 192.168.10.12:52316 120.653µs
2025/07/06 19:58:06 Mudança detectada em www/style.css, enviando css-update
2025/07/06 19:58:06 [GET] / 192.168.10.12:52316 205.451µs
2025/07/06 19:58:06 [GET] / 192.168.10.12:52290 178.299µs
2025/07/06 19:58:07 [GET] /script.js 192.168.10.12:52316 84.561µs
2025/07/06 19:58:07 [GET] /style.css 192.168.10.12:52290 313.782µs
2025/07/06 19:58:07 [GET] /style.css 192.168.10.12:52292 117.747µs
2025/07/06 19:58:07 [GET] /script.js 192.168.10.12:52284 118.218µs
2025/07/06 19:58:18 Mudança detectada em www/index.html, enviando reload
2025/07/06 19:58:18 [GET] / 192.168.10.12:52284 175.173µs
2025/07/06 19:58:18 [GET] / 192.168.10.12:52292 191.193µs
2025/07/06 19:58:18 [GET] /style.css 192.168.10.12:52292 208.132µs
2025/07/06 19:58:18 [GET] /style.css 192.168.10.12:52316 239.535µs
2025/07/06 19:58:18 [GET] /script.js 192.168.10.12:52284 587.399µs
2025/07/06 19:58:18 [GET] /script.js 192.168.10.12:52292 154.685µs
2025/07/06 19:58:28 Mudança detectada em www/script.js, enviando js-update
2025/07/06 19:58:28 [GET] / 192.168.10.12:52292 176.763µs
2025/07/06 19:58:28 [GET] / 192.168.10.12:52284 301.204µs
2025/07/06 19:58:29 [GET] /style.css 192.168.10.12:52284 140.863µs
2025/07/06 19:58:29 [GET] /script.js 192.168.10.12:52292 139.888µs
2025/07/06 19:58:29 [GET] /style.css 192.168.10.12:52316 146.357µs
2025/07/06 19:58:29 [GET] /script.js 192.168.10.12:52316 141.829µs
2025/07/06 20:02:45 Mudança detectada em www/style.css, enviando css-update
2025/07/06 20:02:45 [GET] / 192.168.10.12:52316 173.77µs
2025/07/06 20:02:45 [GET] / 192.168.10.12:52316 271.081µs
2025/07/06 20:02:45 [GET] /style.css 192.168.10.12:52316 159.99µs
2025/07/06 20:02:45 [GET] /style.css 192.168.10.12:52316 143.833µs
2025/07/06 20:02:45 [GET] /script.js 192.168.10.12:52292 134.51µs
2025/07/06 20:02:45 [GET] /script.js 192.168.10.12:52284 585.957µs
2025/07/06 20:02:48 [GET] / 192.168.10.12:52284 236.054µs
2025/07/06 20:02:48 [GET] /style.css 192.168.10.12:52284 7.205125ms
2025/07/06 20:02:48 [GET] /script.js 192.168.10.12:52292 196.212µs
2025/07/06 20:02:57 Mudança detectada em www/style.css, enviando css-update
2025/07/06 20:02:57 [GET] / 192.168.10.12:52292 217.602µs
2025/07/06 20:02:57 [GET] / 192.168.10.12:52284 222.314µs
2025/07/06 20:02:57 [GET] /style.css 192.168.10.12:52284 172.416µs
2025/07/06 20:02:57 [GET] /style.css 192.168.10.12:52292 215.123µs
2025/07/06 20:02:57 [GET] /script.js 192.168.10.12:52284 158.131µs
2025/07/06 20:02:57 [GET] /script.js 192.168.10.12:52316 193.627µs
2025/07/06 20:03:31 Mudança detectada em www/script.js, enviando js-update
2025/07/06 20:03:31 [GET] / 192.168.10.12:52316 234.627µs
2025/07/06 20:03:31 [GET] / 192.168.10.12:52284 698.471µs
2025/07/06 20:03:31 [GET] /style.css 192.168.10.12:52284 147.921µs
2025/07/06 20:03:31 [GET] /script.js 192.168.10.12:52316 148.616µs
2025/07/06 20:03:31 [GET] /style.css 192.168.10.12:52316 143.271µs
2025/07/06 20:03:31 [GET] /script.js 192.168.10.12:52284 146.359µs
2025/07/06 20:06:47 Mudança detectada em www/style.css, enviando css-update
2025/07/06 20:06:47 [GET] / 192.168.10.12:52284 332.007µs
2025/07/06 20:06:47 [GET] / 192.168.10.12:52316 175.709µs
2025/07/06 20:06:47 [GET] /style.css 192.168.10.12:52316 120.884µs
2025/07/06 20:06:47 [GET] /script.js 192.168.10.12:52284 137.737µs
2025/07/06 20:06:47 [GET] /style.css 192.168.10.12:52292 133.23µs
2025/07/06 20:06:47 [GET] /script.js 192.168.10.12:46368 153.35µs
2025/07/06 20:08:14 [GET] /style.css 192.168.10.12:46368 161.285µs
2025/07/06 20:09:49 Mudança detectada em www/style.css, enviando css-update
2025/07/06 20:09:49 [GET] / 192.168.10.12:46368 207.419µs
2025/07/06 20:09:49 [GET] / 192.168.10.12:46368 200.173µs
2025/07/06 20:09:49 [GET] /style.css 192.168.10.12:46368 127.557µs
2025/07/06 20:09:49 [GET] /script.js 192.168.10.12:52292 118.542µs
2025/07/06 20:09:49 [GET] /style.css 192.168.10.12:52284 131.881µs
2025/07/06 20:09:49 [GET] /script.js 192.168.10.12:52316 164.708µs
2025/07/06 20:13:10 Mudança detectada em www/style.css, enviando css-update
2025/07/06 20:13:10 [GET] / 192.168.10.12:52316 220.257µs
2025/07/06 20:13:10 [GET] / 192.168.10.12:52284 224.012µs
2025/07/06 20:13:10 [GET] /script.js 192.168.10.12:52316 140.377µs
2025/07/06 20:13:10 [GET] /style.css 192.168.10.12:52284 105.238µs
2025/07/06 20:13:10 [GET] /style.css 192.168.10.12:52292 154.585µs
2025/07/06 20:13:11 [GET] /script.js 192.168.10.12:46368 134.827µs
2025/07/06 20:16:36 [GET] / 192.168.10.12:50882 220.035µs
2025/07/06 20:16:36 [GET] /script.js 192.168.10.12:50898 171.22µs
2025/07/06 20:16:36 [GET] /style.css 192.168.10.12:50882 92.339µs
2025/07/06 20:16:36 [GET] /favicon.ico 192.168.10.12:50882 30.832µs
2025/07/06 20:16:38 [GET] / 192.168.10.12:50882 233.94µs
2025/07/06 20:16:38 [GET] /style.css 192.168.10.12:50882 157.417µs
2025/07/06 20:16:38 [GET] /script.js 192.168.10.12:50898 249.338µs
2025/07/06 20:18:33 [GET] / 192.168.10.12:50898 243.797µs
2025/07/06 20:18:33 [GET] /style.css 192.168.10.12:50882 129.322µs
2025/07/06 20:20:29 Mudança detectada em www/index.html, enviando reload
2025/07/06 20:20:29 [GET] / 192.168.10.12:41954 199.432µs
2025/07/06 20:20:29 [GET] /style.css 192.168.10.12:41954 131.82µs
2025/07/06 20:20:29 [GET] /script.js 192.168.10.12:41962 97.063µs
2025/07/06 20:20:46 [GET] / 192.168.10.12:41962 255.624µs
2025/07/06 20:20:46 [GET] /style.css 192.168.10.12:41962 163.12µs
2025/07/06 20:20:46 [GET] /script.js 192.168.10.12:41954 168.338µs
2025/07/06 20:21:37 Mudança detectada em www/style.css, enviando css-update
2025/07/06 20:21:37 [GET] / 192.168.10.12:41954 195.38µs
2025/07/06 20:21:37 [GET] /script.js 192.168.10.12:41962 160.304µs
2025/07/06 20:21:37 [GET] /style.css 192.168.10.12:41954 77.523µs
2025/07/06 20:25:01 Mudança detectada em www/index.html, enviando reload
2025/07/06 20:25:01 [GET] / 192.168.10.12:41954 207.112µs
2025/07/06 20:25:01 [GET] /style.css 192.168.10.12:41954 2.035277ms
2025/07/06 20:25:01 [GET] /script.js 192.168.10.12:41962 125.566µs
2025/07/06 20:25:14 [GET] / 192.168.10.12:41962 222.527µs
2025/07/06 20:25:14 [GET] /style.css 192.168.10.12:41962 126.538µs
2025/07/06 20:25:14 [GET] /script.js 192.168.10.12:41954 328.433µs
2025/07/06 20:25:48 Mudança detectada em www/style.css, enviando css-update
2025/07/06 20:25:48 [GET] / 192.168.10.12:41954 220.583µs
2025/07/06 20:25:48 [GET] /style.css 192.168.10.12:41954 130.932µs
2025/07/06 20:25:48 [GET] /script.js 192.168.10.12:41962 128.251µs
2025/07/06 20:25:58 Mudança detectada em www/style.css, enviando css-update
2025/07/06 20:25:58 [GET] / 192.168.10.12:41962 230.382µs
2025/07/06 20:25:58 [GET] /style.css 192.168.10.12:41962 173.537µs
2025/07/06 20:25:58 [GET] /script.js 192.168.10.12:41954 859.934µs
2025/07/06 20:26:14 Mudança detectada em www/script.js, enviando js-update
2025/07/06 20:26:14 [GET] / 192.168.10.12:41954 196.086µs
2025/07/06 20:26:14 [GET] /script.js 192.168.10.12:41962 158.799µs
2025/07/06 20:26:14 [GET] /style.css 192.168.10.12:41954 100.769µs
2025/07/06 20:29:49 Mudança detectada em www/index.html, enviando reload
2025/07/06 20:29:49 [GET] / 192.168.10.12:41954 215.547µs
2025/07/06 20:29:50 [GET] /style.css 192.168.10.12:41954 127.672µs
2025/07/06 20:29:50 [GET] /script.js 192.168.10.12:41962 75.273µs
2025/07/06 20:31:26 Mudança detectada em www/index.html, enviando reload
2025/07/06 20:31:26 [GET] / 192.168.10.12:41962 245.481µs
2025/07/06 20:31:26 [GET] /style.css 192.168.10.12:41962 138.916µs
2025/07/06 20:31:38 Mudança detectada em www/index.html, enviando reload
2025/07/06 20:31:49 Mudança detectada em www/index.html, enviando reload
2025/07/06 20:31:52 [GET] / 192.168.10.12:41962 236.156µs
2025/07/06 20:31:52 [GET] /style.css 192.168.10.12:41962 122.33µs
2025/07/06 20:31:52 [GET] /script.js 192.168.10.12:41954 122.917µs
2025/07/06 20:32:15 Mudança detectada em www/index.html, enviando reload
2025/07/06 20:32:15 [GET] / 192.168.10.12:41962 12.963344ms
2025/07/06 20:32:15 [GET] /style.css 192.168.10.12:41962 165.82µs
2025/07/06 20:32:15 [GET] /script.js 192.168.10.12:41962 181.858µs
2025/07/06 20:32:20 Mudança detectada em www/index.html, enviando reload
2025/07/06 20:32:21 [GET] / 192.168.10.12:41962 223.403µs
2025/07/06 20:32:21 [GET] /style.css 192.168.10.12:41962 152.9µs
2025/07/06 20:32:21 [GET] /script.js 192.168.10.12:41954 118.419µs
2025/07/06 20:32:25 Mudança detectada em www/index.html, enviando reload
2025/07/06 20:32:25 [GET] / 192.168.10.12:41954 237.123µs
2025/07/06 20:32:25 [GET] /style.css 192.168.10.12:41954 132.572µs
2025/07/06 20:32:25 [GET] /script.js 192.168.10.12:41962 124.595µs
2025/07/06 20:32:31 Mudança detectada em www/index.html, enviando reload
2025/07/06 20:32:31 [GET] / 192.168.10.12:41962 378.247µs
2025/07/06 20:32:31 [GET] /style.css 192.168.10.12:41962 154.23µs
2025/07/06 20:32:31 [GET] /script.js 192.168.10.12:41954 95.48µs
2025/07/06 20:32:47 Mudança detectada em www/style.css, enviando css-update
2025/07/06 20:32:47 [GET] / 192.168.10.12:41954 268.146µs
2025/07/06 20:32:47 [GET] /script.js 192.168.10.12:41962 188.711µs
2025/07/06 20:32:47 [GET] /style.css 192.168.10.12:41954 154.694µs
2025/07/06 20:33:16 Mudança detectada em www/style.css, enviando css-update
2025/07/06 20:33:16 [GET] / 192.168.10.12:41962 218.902µs
2025/07/06 20:33:16 [GET] /style.css 192.168.10.12:41962 243.199µs
2025/07/06 20:33:17 [GET] /script.js 192.168.10.12:41954 109.257µs
2025/07/06 20:33:30 Mudança detectada em www/style.css, enviando css-update
2025/07/06 20:33:30 [GET] / 192.168.10.12:41954 199.906µs
2025/07/06 20:33:30 [GET] /style.css 192.168.10.12:41954 121.606µs
2025/07/06 20:33:30 [GET] /script.js 192.168.10.12:41962 76.623µs
2025/07/06 20:33:41 Mudança detectada em www/style.css, enviando css-update
2025/07/06 20:33:41 [GET] / 192.168.10.12:41962 249.99µs
2025/07/06 20:33:41 [GET] /style.css 192.168.10.12:41962 154.411µs
2025/07/06 20:33:41 [GET] /script.js 192.168.10.12:41962 134.578µs
2025/07/06 20:34:52 Mudança detectada em www/index.html, enviando reload
2025/07/06 20:34:53 [GET] / 192.168.10.12:41962 340.479µs
2025/07/06 20:34:53 [GET] /style.css 192.168.10.12:41954 105.197µs
2025/07/06 20:35:20 [GET] / 192.168.10.12:41954 210.413µs
2025/07/06 20:35:20 [GET] /style.css 192.168.10.12:41954 160.69µs
2025/07/06 20:35:58 Mudança detectada em www/index.html, enviando reload
2025/07/06 20:35:59 [GET] / 192.168.10.12:41954 200.512µs
2025/07/06 20:35:59 [GET] /style.css 192.168.10.12:41954 125.603µs
2025/07/06 20:35:59 [GET] /script.js 192.168.10.12:41962 93.572µs
2025/07/06 20:36:00 [GET] / 192.168.10.12:41962 660.808µs
2025/07/06 20:36:00 [GET] /style.css 192.168.10.12:41962 124.482µs
2025/07/06 20:36:00 [GET] /script.js 192.168.10.12:41954 106.912µs
2025/07/06 20:37:10 Mudança detectada em www/index.html, enviando reload
2025/07/06 20:37:11 [GET] / 192.168.10.12:41954 14.498702ms
2025/07/06 20:37:11 [GET] /style.css 192.168.10.12:41954 175.029µs
2025/07/06 20:37:57 Mudança detectada em www/style.css, enviando css-update
2025/07/06 20:37:59 Mudança detectada em www/style.css, enviando css-update
2025/07/06 20:38:00 [GET] / 192.168.10.12:41954 309.196µs
2025/07/06 20:38:00 [GET] /style.css 192.168.10.12:41954 180.917µs
2025/07/06 20:40:05 Mudança detectada em www/index.html, enviando reload
2025/07/06 20:40:07 [GET] / 192.168.10.12:41954 233.247µs
2025/07/06 20:40:07 [GET] /style.css 192.168.10.12:41954 122.473µs
2025/07/06 20:40:07 [GET] /script.js 192.168.10.12:41962 98.471µs
2025/07/06 20:40:24 Mudança detectada em www/index.html, enviando reload
2025/07/06 20:40:24 [GET] / 192.168.10.12:41962 239.427µs
2025/07/06 20:40:24 [GET] /style.css 192.168.10.12:41962 134.747µs
2025/07/06 20:40:24 [GET] /script.js 192.168.10.12:41954 114.286µs
2025/07/06 20:40:35 Mudança detectada em www/index.html, enviando reload
2025/07/06 20:40:35 [GET] / 192.168.10.12:41954 219.514µs
2025/07/06 20:40:35 [GET] /style.css 192.168.10.12:41954 157.317µs
2025/07/06 20:40:35 [GET] /script.js 192.168.10.12:41962 130.948µs
2025/07/06 20:44:56 Mudança detectada em www/index.html, enviando reload
2025/07/06 20:44:56 [GET] / 192.168.10.12:41962 222.341µs
2025/07/06 20:44:56 [GET] /style.css 192.168.10.12:41962 130.097µs
2025/07/06 20:44:56 [GET] /script.js 192.168.10.12:41954 743.759µs
2025/07/06 20:45:13 Mudança detectada em www/style.css, enviando css-update
2025/07/06 20:45:13 [GET] / 192.168.10.12:41954 470.129µs
2025/07/06 20:45:13 [GET] /style.css 192.168.10.12:41954 116.214µs
2025/07/06 20:45:13 [GET] /script.js 192.168.10.12:41962 76.111µs
2025/07/06 20:45:15 [GET] / 192.168.10.12:41954 221.493µs
2025/07/06 20:45:15 [GET] /style.css 192.168.10.12:41954 104.315µs
2025/07/06 20:45:15 [GET] /script.js 192.168.10.12:41954 151.399µs
2025/07/06 20:45:17 Mudança detectada em www/style.css, enviando css-update
2025/07/06 20:45:17 [GET] / 192.168.10.12:41954 237.116µs
2025/07/06 20:45:17 [GET] /style.css 192.168.10.12:41954 135.469µs
2025/07/06 20:45:17 [GET] /script.js 192.168.10.12:41962 144.157µs
2025/07/06 20:46:29 Mudança detectada em www/style.css, enviando css-update
2025/07/06 20:46:30 [GET] / 192.168.10.12:41962 288.291µs
2025/07/06 20:46:30 [GET] /style.css 192.168.10.12:41962 181.281µs
2025/07/06 20:46:30 [GET] /script.js 192.168.10.12:41954 95.699µs
2025/07/06 20:47:43 Mudança detectada em www/style.css, enviando css-update
2025/07/06 20:47:43 [GET] / 192.168.10.12:41954 343.308µs
2025/07/06 20:47:43 [GET] /script.js 192.168.10.12:41962 348.107µs
2025/07/06 20:47:43 [GET] /style.css 192.168.10.12:41954 467.549µs
2025/07/06 20:50:32 Mudança detectada em www/index.html, enviando reload
2025/07/06 20:50:32 [GET] / 192.168.10.12:36352 252.247µs
2025/07/06 20:50:32 [GET] /style.css 192.168.10.12:36352 128.673µs
2025/07/06 20:50:37 Mudança detectada em www/index.html, enviando reload
2025/07/06 20:52:37 Mudança detectada em www/index.html, enviando reload
2025/07/06 20:52:56 Mudança detectada em www/index.html, enviando reload
2025/07/06 20:55:52 Mudança detectada em www/index.html, enviando reload
2025/07/06 20:57:03 Mudança detectada em www/index.html, enviando reload
2025/07/06 20:58:33 Mudança detectada em www/index.html, enviando reload
2025/07/06 20:59:34 Mudança detectada em www/index.html, enviando reload
2025/07/06 20:59:39 Mudança detectada em www/index.html, enviando reload
2025/07/06 20:59:57 Mudança detectada em www/index.html, enviando reload
2025/07/06 21:00:06 Mudança detectada em www/index.html, enviando reload
2025/07/06 21:00:18 Mudança detectada em www/index.html, enviando reload
2025/07/06 21:01:16 Mudança detectada em www/style.css, enviando css-update
2025/07/06 21:01:55 Mudança detectada em www/style.css, enviando css-update
2025/07/06 21:02:11 Mudança detectada em www/script.js, enviando js-update
2025/07/06 21:02:14 [GET] / 192.168.10.12:36434 229.802µs
2025/07/06 21:02:14 [GET] /style.css 192.168.10.12:36434 130.438µs
2025/07/06 21:02:14 [GET] /script.js 192.168.10.12:36440 120.759µs
2025/07/06 21:02:23 Mudança detectada em www/script.js, enviando js-update
2025/07/06 21:02:23 [GET] / 192.168.10.12:36440 254.296µs
2025/07/06 21:02:23 [GET] /style.css 192.168.10.12:36440 141.878µs
2025/07/06 21:02:23 [GET] /script.js 192.168.10.12:36434 166.297µs
2025/07/06 21:02:24 [GET] / 192.168.10.12:36434 461.901µs
2025/07/06 21:02:24 [GET] /style.css 192.168.10.12:36434 231.861µs
2025/07/06 21:02:24 [GET] /script.js 192.168.10.12:36440 218.415µs
2025/07/06 21:02:25 [GET] / 192.168.10.12:36440 446.758µs
2025/07/06 21:02:25 [GET] /style.css 192.168.10.12:36440 249.317µs
2025/07/06 21:02:25 [GET] /script.js 192.168.10.12:36440 205.593µs
2025/07/06 21:02:42 Mudança detectada em www/style.css, enviando css-update
2025/07/06 21:02:42 [GET] / 192.168.10.12:36440 324.235µs
2025/07/06 21:02:42 [GET] /style.css 192.168.10.12:36440 170.887µs
2025/07/06 21:02:42 [GET] /script.js 192.168.10.12:36434 180.504µs
2025/07/06 21:02:43 Mudança detectada em www/index.html, enviando reload
2025/07/06 21:02:43 [GET] / 192.168.10.12:36434 284.78µs
2025/07/06 21:02:43 [GET] /style.css 192.168.10.12:36434 131.518µs
2025/07/06 21:02:47 Mudança detectada em www/index.html, enviando reload
2025/07/06 21:02:47 [GET] / 192.168.10.12:36434 279.394µs
2025/07/06 21:02:47 [GET] /style.css 192.168.10.12:36434 146.207µs
2025/07/06 21:02:49 Mudança detectada em www/index.html, enviando reload
2025/07/06 21:02:51 Mudança detectada em www/index.html, enviando reload
2025/07/06 21:02:57 Mudança detectada em www/style.css, enviando css-update
2025/07/06 21:02:58 Mudança detectada em www/style.css, enviando css-update
2025/07/06 21:02:59 [GET] / 192.168.10.12:36434 252.752µs
2025/07/06 21:02:59 [GET] /style.css 192.168.10.12:36434 141.948µs
2025/07/06 21:02:59 [GET] /script.js 192.168.10.12:36440 134.588µs
2025/07/06 21:03:03 Mudança detectada em www/style.css, enviando css-update
2025/07/06 21:03:04 [GET] / 192.168.10.12:36440 216.921µs
2025/07/06 21:03:04 [GET] /style.css 192.168.10.12:36440 142.778µs
2025/07/06 21:03:04 [GET] /script.js 192.168.10.12:36440 155.67µs
2025/07/06 21:03:06 [GET] / 192.168.10.12:36440 185.002µs
2025/07/06 21:03:06 [GET] /style.css 192.168.10.12:36440 119.934µs
2025/07/06 21:03:06 [GET] /script.js 192.168.10.12:36434 78.368µs
2025/07/06 21:03:09 Mudança detectada em www/style.css, enviando css-update
2025/07/06 21:03:09 [GET] / 192.168.10.12:36434 505.67µs
2025/07/06 21:03:09 [GET] /style.css 192.168.10.12:36434 134.396µs
2025/07/06 21:03:09 [GET] /script.js 192.168.10.12:36440 166.99µs
2025/07/06 21:03:10 Mudança detectada em www/style.css, enviando css-update
2025/07/06 21:03:10 [GET] / 192.168.10.12:36440 215.367µs
2025/07/06 21:03:10 [GET] /style.css 192.168.10.12:36440 146.852µs
2025/07/06 21:03:10 [GET] /script.js 192.168.10.12:36434 102.854µs
2025/07/06 21:03:10 [GET] / 192.168.10.12:36434 216.877µs
2025/07/06 21:03:10 [GET] /style.css 192.168.10.12:36434 156.977µs
2025/07/06 21:03:10 [GET] /script.js 192.168.10.12:36440 116.406µs
2025/07/06 21:03:16 Mudança detectada em www/style.css, enviando css-update
2025/07/06 21:03:16 [GET] / 192.168.10.12:36440 207.27µs
2025/07/06 21:03:16 [GET] /style.css 192.168.10.12:36440 162.596µs
2025/07/06 21:03:16 [GET] /script.js 192.168.10.12:36434 105.785µs
2025/07/06 21:03:18 Mudança detectada em www/index.html, enviando reload
2025/07/06 21:03:18 [GET] / 192.168.10.12:36434 210.648µs
2025/07/06 21:03:18 [GET] /style.css 192.168.10.12:36434 147.274µs
2025/07/06 21:03:20 Mudança detectada em www/index.html, enviando reload
2025/07/06 21:03:23 Mudança detectada em www/index.html, enviando reload
2025/07/06 21:03:25 [GET] / 192.168.10.12:36434 448.496µs
2025/07/06 21:03:25 [GET] /style.css 192.168.10.12:36434 125.419µs
2025/07/06 21:03:28 Mudança detectada em www/index.html, enviando reload
2025/07/06 21:03:29 Mudança detectada em www/index.html, enviando reload
2025/07/06 21:03:30 [GET] / 192.168.10.12:36434 180.079µs
2025/07/06 21:03:30 [GET] /style.css 192.168.10.12:36434 117.527µs
2025/07/06 21:03:30 [GET] /script.js 192.168.10.12:36434 606.205µs
2025/07/06 21:03:47 [GET] / 192.168.10.12:36434 204.153µs
2025/07/06 21:03:47 [GET] /style.css 192.168.10.12:36434 114.26µs
2025/07/06 21:03:47 [GET] /script.js 192.168.10.12:36434 269.139µs
2025/07/06 21:03:50 [GET] /style.css 192.168.10.12:36434 143.358µs
2025/07/06 21:04:40 Mudança detectada em www/script.js, enviando js-update
2025/07/06 21:04:40 [GET] / 192.168.10.12:36434 190.213µs
2025/07/06 21:04:40 [GET] /style.css 192.168.10.12:36434 186.575µs
2025/07/06 21:04:40 [GET] /script.js 192.168.10.12:36434 187.218µs
2025/07/06 21:05:45 Mudança detectada em www/style.css, enviando css-update
2025/07/06 21:05:45 [GET] / 192.168.10.12:36434 182.086µs
2025/07/06 21:05:46 [GET] /style.css 192.168.10.12:36434 103.297µs
2025/07/06 21:05:46 [GET] /script.js 192.168.10.12:36440 80.321µs
2025/07/06 21:05:57 Mudança detectada em www/style.css, enviando css-update
2025/07/06 21:05:57 [GET] / 192.168.10.12:36440 196.373µs
2025/07/06 21:05:57 [GET] /style.css 192.168.10.12:36440 121.136µs
2025/07/06 21:05:57 [GET] /script.js 192.168.10.12:36434 130.555µs
2025/07/06 21:06:19 Mudança detectada em www/style.css, enviando css-update
2025/07/06 21:06:19 [GET] / 192.168.10.12:36434 183.701µs
2025/07/06 21:06:19 [GET] /style.css 192.168.10.12:36434 345.388µs
2025/07/06 21:06:19 [GET] /script.js 192.168.10.12:36440 110.102µs
2025/07/06 21:06:53 Mudança detectada em www/index.html, enviando reload
2025/07/06 21:06:53 [GET] / 192.168.10.12:36440 233.391µs
2025/07/06 21:06:53 [GET] /style.css 192.168.10.12:36440 151.754µs
2025/07/06 21:07:19 Mudança detectada em www/index.html, enviando reload
2025/07/06 21:07:51 Mudança detectada em www/style.css, enviando css-update
2025/07/06 21:07:53 [GET] / 192.168.10.12:36440 187.932µs
2025/07/06 21:07:53 [GET] /script.js 192.168.10.12:36434 114.24µs
2025/07/06 21:07:53 [GET] /style.css 192.168.10.12:36440 65.379µs
2025/07/06 21:08:18 Mudança detectada em www/style.css, enviando css-update
2025/07/06 21:08:18 [GET] / 192.168.10.12:36440 181.229µs
2025/07/06 21:08:18 [GET] /style.css 192.168.10.12:36440 120.485µs
2025/07/06 21:08:18 [GET] /script.js 192.168.10.12:36440 120.254µs
2025/07/06 21:08:19 Mudança detectada em www/style.css, enviando css-update
2025/07/06 21:08:19 [GET] / 192.168.10.12:36440 192.7µs
2025/07/06 21:08:19 [GET] /style.css 192.168.10.12:36440 121.642µs
2025/07/06 21:08:19 [GET] /script.js 192.168.10.12:36434 68.392µs
2025/07/06 21:08:22 Mudança detectada em www/index.html, enviando reload
2025/07/06 21:08:22 [GET] / 192.168.10.12:36434 240.971µs
2025/07/06 21:08:22 [GET] /style.css 192.168.10.12:36434 143.66µs
2025/07/06 21:08:23 Mudança detectada em www/index.html, enviando reload
2025/07/06 21:10:08 Mudança detectada em www/index.html, enviando reload
2025/07/06 21:10:16 Mudança detectada em www/index.html, enviando reload
2025/07/06 21:10:31 Mudança detectada em www/index.html, enviando reload
2025/07/06 21:10:33 [GET] / 192.168.10.12:36434 201.057µs
2025/07/06 21:10:33 [GET] /style.css 192.168.10.12:36434 164.028µs
2025/07/06 21:10:33 [GET] /script.js 192.168.10.12:36434 128.885µs
2025/07/06 21:11:33 Mudança detectada em www/style.css, enviando css-update
2025/07/06 21:11:33 [GET] / 192.168.10.12:36434 206.366µs
2025/07/06 21:11:33 [GET] /style.css 192.168.10.12:36434 125.913µs
2025/07/06 21:11:33 [GET] /script.js 192.168.10.12:36440 121.664µs
2025/07/06 21:11:37 Mudança detectada em www/style.css, enviando css-update
2025/07/06 21:11:37 [GET] / 192.168.10.12:36440 186.758µs
2025/07/06 21:11:37 [GET] /style.css 192.168.10.12:36440 133.101µs
2025/07/06 21:11:37 [GET] /script.js 192.168.10.12:36434 271.446µs
2025/07/06 21:12:55 Mudança detectada em www/index.html, enviando reload
2025/07/06 21:12:55 [GET] / 192.168.10.12:36434 210.11µs
2025/07/06 21:12:55 [GET] /style.css 192.168.10.12:36434 388.972µs
2025/07/06 21:13:07 Mudança detectada em www/index.html, enviando reload
2025/07/06 21:13:32 Mudança detectada em www/index.html, enviando reload
2025/07/06 21:14:09 Mudança detectada em www/style.css, enviando css-update
2025/07/06 21:14:17 Mudança detectada em www/style.css, enviando css-update
2025/07/06 21:14:48 Mudança detectada em www/style.css, enviando css-update
2025/07/06 21:14:53 Mudança detectada em www/style.css, enviando css-update
2025/07/06 21:14:55 Mudança detectada em www/index.html, enviando reload
2025/07/06 21:14:56 Mudança detectada em www/index.html, enviando reload
2025/07/06 21:14:58 Mudança detectada em www/index.html, enviando reload
2025/07/06 21:14:59 [GET] / 192.168.10.12:36434 221.639µs
2025/07/06 21:14:59 [GET] /style.css 192.168.10.12:36434 134.177µs
2025/07/06 21:14:59 [GET] /script.js 192.168.10.12:36440 121.515µs
2025/07/06 21:15:02 Mudança detectada em www/index.html, enviando reload
2025/07/06 21:15:02 [GET] / 192.168.10.12:36440 250.553µs
2025/07/06 21:15:02 [GET] /style.css 192.168.10.12:36440 114.301µs
2025/07/06 21:15:03 Mudança detectada em www/index.html, enviando reload
2025/07/06 21:15:05 Mudança detectada em www/index.html, enviando reload
2025/07/06 21:15:07 Mudança detectada em www/index.html, enviando reload
2025/07/06 21:15:11 Mudança detectada em www/index.html, enviando reload
2025/07/06 21:15:14 Mudança detectada em www/style.css, enviando css-update
2025/07/06 21:15:15 [GET] / 192.168.10.12:36440 275.537µs
2025/07/06 21:15:15 [GET] /style.css 192.168.10.12:36440 124.184µs
2025/07/06 21:15:17 [GET] / 192.168.10.12:36440 257.465µs
2025/07/06 21:15:17 [GET] /style.css 192.168.10.12:36440 162.382µs
2025/07/06 21:15:20 [GET] / 192.168.10.12:36440 243.634µs
2025/07/06 21:15:20 [GET] /style.css 192.168.10.12:36440 129.468µs
2025/07/06 21:15:25 Mudança detectada em www/script.js, enviando js-update
2025/07/06 21:15:26 [GET] / 192.168.10.12:36440 590.155µs
2025/07/06 21:15:26 [GET] /style.css 192.168.10.12:36440 279.792µs
2025/07/06 21:15:29 Mudança detectada em www/script.js, enviando js-update
2025/07/06 21:15:31 Mudança detectada em www/index.html, enviando reload
2025/07/06 21:15:32 [GET] / 192.168.10.12:36440 365.78µs
2025/07/06 21:15:32 [GET] /style.css 192.168.10.12:36440 137.323µs
2025/07/06 21:15:32 [GET] /script.js 192.168.10.12:36440 124.481µs
2025/07/06 21:18:39 [GET] / 192.168.10.12:54990 243.306µs
2025/07/06 21:18:39 [GET] /style.css 192.168.10.12:54990 134.479µs
2025/07/06 21:18:39 [GET] /script.js 192.168.10.12:54990 121.22µs
2025/07/06 21:18:39 [GET] /favicon.ico 192.168.10.12:54990 42.254µs
2025/07/06 21:23:29 Mudança detectada em www/style.css, enviando css-update
2025/07/06 21:23:29 [GET] / 192.168.10.12:58252 316.096µs
2025/07/06 21:23:29 [GET] /style.css 192.168.10.12:58252 143.653µs
2025/07/06 21:23:29 [GET] /script.js 192.168.10.12:58264 126.285µs
2025/07/06 21:42:00 Mudança detectada em www/index.html, enviando reload
2025/07/06 21:42:00 [GET] / 192.168.10.12:38992 265.607µs
2025/07/06 21:42:00 [GET] /style.css 192.168.10.12:38992 150.319µs
2025/07/06 21:42:00 [GET] /script.js 192.168.10.12:38992 149.963µs
2025/07/06 21:42:01 [GET] / 192.168.10.12:38992 240.273µs
2025/07/06 21:42:01 [GET] /style.css 192.168.10.12:38992 123.664µs
2025/07/06 21:42:01 [GET] /script.js 192.168.10.12:38992 145.648µs
2025/07/06 21:49:38 [GET] / 192.168.10.12:34020 197.591µs
2025/07/06 21:49:38 [GET] /style.css 192.168.10.12:34020 125.602µs
2025/07/06 21:49:38 [GET] /script.js 192.168.10.12:34022 119.426µs
2025/07/06 21:49:38 [GET] /favicon.ico 192.168.10.12:34022 36.036µs
2025/07/06 21:55:21 [GET] / 192.168.10.12:56090 205.785µs
2025/07/06 21:55:21 [GET] /style.css 192.168.10.12:56090 124.515µs
2025/07/06 21:55:21 [GET] /script.js 192.168.10.12:56106 115.43µs
2025/07/06 21:55:24 [GET] /style.css 192.168.10.12:56106 178.01µs
2025/07/06 22:14:52 [GET] / 192.168.10.12:51366 198.52µs
2025/07/06 22:14:52 [GET] /style.css 192.168.10.12:51366 158.68µs
2025/07/06 22:14:52 [GET] /script.js 192.168.10.12:51380 105.901µs
2025/07/06 22:49:31 [GET] / 192.168.10.12:37864 184.542µs
2025/07/06 22:49:31 [GET] /style.css 192.168.10.12:37864 131.264µs
2025/07/06 22:49:31 [GET] /script.js 192.168.10.12:37864 123.408µs
2025/07/06 22:49:35 [GET] / [::1]:52904 357.764µs
2025/07/06 22:49:35 [GET] /style.css [::1]:52904 1.000731ms
2025/07/06 22:49:35 [GET] /script.js [::1]:52912 139.95µs
2025/07/06 22:49:36 [GET] /favicon.ico [::1]:52912 26.678µs
2025/07/07 02:05:59 🚀 Servidor iniciado em http://localhost:5571
2025/07/07 02:05:59    Servindo diretório: www
2025/07/07 02:05:59    Live Reload: Ativado
2025/07/07 02:05:59    Logs sendo gravados em: server.log
2025/07/07 02:06:03 [GET] / 192.168.10.15:56918 6.10946ms
2025/07/07 02:06:03 [GET] /style.css 192.168.10.15:56918 599.631µs
2025/07/07 02:06:03 [GET] /script.js 192.168.10.15:56910 1.077827ms
2025/07/07 02:06:04 [GET] /favicon.ico 192.168.10.15:56910 36.679µs
2025/07/07 02:06:49 [GET] / 192.168.10.12:54154 203.276µs
2025/07/07 02:06:49 [GET] /style.css 192.168.10.12:54154 126.282µs
2025/07/07 02:06:49 [GET] /script.js 192.168.10.12:54154 415.398µs
2025/07/07 02:06:49 [GET] /favicon.ico 192.168.10.12:54154 30.571µs
2025/07/07 02:07:41 [GET] / 192.168.10.12:37858 205.577µs
2025/07/07 02:07:41 [GET] /style.css 192.168.10.12:37858 152.154µs
2025/07/07 02:07:41 [GET] /script.js 192.168.10.12:37858 119.829µs
2025/07/07 02:09:19 Mudança detectada em www/index.html, enviando reload
2025/07/07 02:09:19 [GET] / 192.168.10.12:37858 165.444µs
2025/07/07 02:09:19 [GET] / 192.168.10.12:37858 167.89µs
2025/07/07 02:09:19 [GET] / 192.168.10.15:56910 145.776µs
2025/07/07 02:09:19 [GET] /style.css 192.168.10.12:37858 115.481µs
2025/07/07 02:09:19 [GET] /style.css 192.168.10.15:56910 146.341µs
2025/07/07 02:09:19 [GET] /style.css 192.168.10.12:37858 142.83µs
2025/07/07 02:09:22 Mudança detectada em www/index.html, enviando reload
2025/07/07 02:09:28 Mudança detectada em www/index.html, enviando reload
2025/07/07 02:09:28 Mudança detectada em www/index.html, enviando reload
2025/07/07 02:09:31 [GET] / 192.168.10.12:37858 253.637µs
2025/07/07 02:09:31 [GET] /style.css 192.168.10.12:37858 126.483µs
2025/07/07 02:09:31 [GET] /script.js 192.168.10.12:55376 158.731µs
2025/07/07 02:10:57 Mudança detectada em www/index.html, enviando reload
2025/07/07 02:10:57 [GET] / 192.168.10.12:55376 1.150875ms
2025/07/07 02:10:57 [GET] /style.css 192.168.10.12:55376 150.439µs
2025/07/07 02:10:57 [GET] /script.js 192.168.10.12:37858 88.898µs
2025/07/07 02:10:58 [GET] / 192.168.10.12:37858 219.053µs
2025/07/07 02:10:58 [GET] /style.css 192.168.10.12:37858 103.678µs
2025/07/07 02:10:58 [GET] /script.js 192.168.10.12:55376 159.712µs
2025/07/07 02:11:30 Mudança detectada em www/script.js, enviando js-update
2025/07/07 02:11:30 [GET] / 192.168.10.12:37858 200.56µs
2025/07/07 02:11:30 [GET] /style.css 192.168.10.12:37858 121.059µs
2025/07/07 02:11:30 [GET] /script.js 192.168.10.12:37858 113.323µs
2025/07/07 02:13:47 Mudança detectada em www/style.css, enviando css-update
2025/07/07 02:13:47 [GET] / 192.168.10.12:37858 231.235µs
2025/07/07 02:13:48 [GET] /style.css 192.168.10.12:37858 129.277µs
2025/07/07 02:13:48 [GET] /script.js 192.168.10.12:55376 113.538µs
2025/07/07 02:13:49 [GET] / 192.168.10.12:55376 229.255µs
2025/07/07 02:13:49 [GET] /style.css 192.168.10.12:55376 137.983µs
2025/07/07 02:13:49 [GET] /script.js 192.168.10.12:37858 93.054µs
2025/07/07 02:17:55 Mudança detectada em www/index.html, enviando reload
2025/07/07 02:17:55 [GET] / 192.168.10.12:37858 367.932µs
2025/07/07 02:17:55 [GET] /style.css 192.168.10.12:37858 186.002µs
2025/07/07 02:17:56 [GET] / 192.168.10.12:37858 379.536µs
2025/07/07 02:17:56 [GET] /style.css 192.168.10.12:55376 157.343µs
2025/07/07 02:18:08 Mudança detectada em www/index.html, enviando reload
2025/07/07 02:18:11 [GET] / 192.168.10.12:55376 479.161µs
2025/07/07 02:18:11 [GET] /style.css 192.168.10.12:55376 142.485µs
2025/07/07 02:18:11 [GET] /script.js 192.168.10.12:37858 277.703µs
2025/07/07 02:19:52 Mudança detectada em www/style.css, enviando css-update
2025/07/07 02:19:52 [GET] / 192.168.10.12:37858 467.139µs
2025/07/07 02:19:52 [GET] /style.css 192.168.10.12:37858 150.828µs
2025/07/07 02:19:52 [GET] /script.js 192.168.10.12:37858 405.528µs
2025/07/07 02:19:54 [GET] / 192.168.10.12:37858 207.523µs
2025/07/07 02:19:54 [GET] /style.css 192.168.10.12:37858 133.779µs
2025/07/07 02:19:54 [GET] /script.js 192.168.10.12:37858 116.113µs
2025/07/07 02:20:33 Mudança detectada em www/script.js, enviando js-update
2025/07/07 02:20:33 [GET] / 192.168.10.12:37858 304.871µs
2025/07/07 02:20:33 [GET] /style.css 192.168.10.12:37858 189.014µs
2025/07/07 02:20:33 [GET] /script.js 192.168.10.12:55376 113.57µs
2025/07/07 02:20:36 [GET] / 192.168.10.12:55376 332.871µs
2025/07/07 02:20:36 [GET] /style.css 192.168.10.12:55376 162.137µs
2025/07/07 02:20:36 [GET] /script.js 192.168.10.12:37858 362.032µs
2025/07/07 02:20:38 [GET] / 192.168.10.12:37858 292.703µs
2025/07/07 02:20:38 [GET] /style.css 192.168.10.12:37858 143.427µs
2025/07/07 02:20:38 [GET] /script.js 192.168.10.12:55376 235.256µs
2025/07/07 02:20:50 Mudança detectada em www/script.js, enviando js-update
2025/07/07 02:20:50 [GET] / 192.168.10.12:55376 325.432µs
2025/07/07 02:20:50 [GET] /style.css 192.168.10.12:55376 170.193µs
2025/07/07 02:20:50 [GET] /script.js 192.168.10.12:37858 83.231µs
2025/07/07 02:20:55 Mudança detectada em www/script.js, enviando js-update
2025/07/07 02:20:55 [GET] / 192.168.10.12:37858 300.568µs
2025/07/07 02:20:55 [GET] /style.css 192.168.10.12:37858 147.973µs
2025/07/07 02:20:55 [GET] /script.js 192.168.10.12:55376 83.959µs
2025/07/07 02:23:35 Mudança detectada em www/index.html, enviando reload
2025/07/07 02:23:35 [GET] / 192.168.10.12:55376 219.935µs
2025/07/07 02:23:35 [GET] /style.css 192.168.10.12:55376 101.881µs
2025/07/07 02:23:35 [GET] /script.js 192.168.10.12:37858 2.175188ms
2025/07/07 02:24:15 Mudança detectada em www/style.css, enviando css-update
2025/07/07 02:24:15 [GET] / 192.168.10.12:55376 202.839µs
2025/07/07 02:24:15 [GET] /style.css 192.168.10.12:37858 112.597µs
2025/07/07 02:24:15 [GET] /script.js 192.168.10.12:37858 130.775µs
2025/07/07 02:24:29 Mudança detectada em www/script.js, enviando js-update
2025/07/07 02:24:29 [GET] / 192.168.10.12:37858 343.87µs
2025/07/07 02:24:29 [GET] /style.css 192.168.10.12:37858 158.304µs
2025/07/07 02:24:29 [GET] /script.js 192.168.10.12:55376 128.665µs
2025/07/07 02:24:32 [GET] / 192.168.10.12:55376 295.554µs
2025/07/07 02:24:32 [GET] /style.css 192.168.10.12:55376 157.447µs
2025/07/07 02:24:32 [GET] /script.js 192.168.10.12:37858 165.18µs
2025/07/07 02:24:36 [GET] / 192.168.10.12:37858 602.03µs
2025/07/07 02:24:36 [GET] /style.css 192.168.10.12:37858 281.977µs
2025/07/07 02:24:36 [GET] /script.js 192.168.10.12:37858 224.064µs
2025/07/07 02:24:37 [GET] / 192.168.10.12:37858 286.78µs
2025/07/07 02:24:37 [GET] /style.css 192.168.10.12:37858 152.362µs
2025/07/07 02:24:37 [GET] /script.js 192.168.10.12:37858 126.198µs
2025/07/07 02:26:20 Mudança detectada em www/style.css, enviando css-update
2025/07/07 02:26:20 [GET] / 192.168.10.12:37858 222.893µs
2025/07/07 02:26:20 [GET] /script.js 192.168.10.12:55376 131.87µs
2025/07/07 02:26:20 [GET] /style.css 192.168.10.12:37858 78.578µs
2025/07/07 02:26:22 [GET] / 192.168.10.12:37858 423.447µs
2025/07/07 02:26:22 [GET] /style.css 192.168.10.12:37858 150.886µs
2025/07/07 02:26:22 [GET] /script.js 192.168.10.12:55376 96.407µs
2025/07/07 02:27:30 [GET] / 192.168.10.12:55376 420.303µs
2025/07/07 02:27:30 [GET] /style.css 192.168.10.12:55376 184.576µs
2025/07/07 02:27:30 [GET] /script.js 192.168.10.12:37858 168.564µs
2025/07/07 02:27:34 [GET] /style.css 192.168.10.12:37858 128.066µs
2025/07/07 02:30:59 Mudança detectada em www/index.html, enviando reload
2025/07/07 02:30:59 [GET] / 192.168.10.12:37858 289.33µs
2025/07/07 02:30:59 [GET] /style.css 192.168.10.12:37858 150.956µs
2025/07/07 02:30:59 [GET] /script.js 192.168.10.12:37858 130.176µs
2025/07/07 02:31:02 Mudança detectada em www/index.html, enviando reload
2025/07/07 02:31:02 [GET] / 192.168.10.12:37858 275.333µs
2025/07/07 02:31:02 [GET] /style.css 192.168.10.12:37858 241.782µs
2025/07/07 02:31:02 [GET] /script.js 192.168.10.12:55376 187.214µs
2025/07/07 02:31:03 [GET] / 192.168.10.12:55376 278.002µs
2025/07/07 02:31:04 [GET] /style.css 192.168.10.12:55376 138.754µs
2025/07/07 02:31:04 [GET] /script.js 192.168.10.12:37858 150.14µs
2025/07/07 02:32:17 Mudança detectada em www/style.css, enviando css-update
2025/07/07 02:32:17 [GET] / 192.168.10.12:37858 280.55µs
2025/07/07 02:32:17 [GET] /style.css 192.168.10.12:37858 134.235µs
2025/07/07 02:32:17 [GET] /script.js 192.168.10.12:37858 173.139µs
2025/07/07 02:32:35 Mudança detectada em www/style.css, enviando css-update
2025/07/07 02:32:35 [GET] / 192.168.10.12:37858 228.071µs
2025/07/07 02:32:35 [GET] /style.css 192.168.10.12:37858 121.797µs
2025/07/07 02:32:35 [GET] /script.js 192.168.10.12:55376 118.127µs
2025/07/07 02:32:40 Mudança detectada em www/style.css, enviando css-update
2025/07/07 02:32:40 [GET] / 192.168.10.12:55376 224.205µs
2025/07/07 02:32:40 [GET] /style.css 192.168.10.12:55376 117.67µs
2025/07/07 02:32:40 [GET] /script.js 192.168.10.12:37858 70.811µs
2025/07/07 02:32:43 [GET] / 192.168.10.12:37858 215.535µs
2025/07/07 02:32:43 [GET] /style.css 192.168.10.12:37858 123.4µs
2025/07/07 02:32:43 [GET] /script.js 192.168.10.12:55376 535.178µs
2025/07/07 02:32:55 Mudança detectada em www/style.css, enviando css-update
2025/07/07 02:32:55 [GET] / 192.168.10.12:55376 416.201µs
2025/07/07 02:32:55 [GET] /style.css 192.168.10.12:55376 177.019µs
2025/07/07 02:32:55 [GET] /script.js 192.168.10.12:37858 312.055µs
2025/07/07 02:33:02 Mudança detectada em www/style.css, enviando css-update
2025/07/07 02:33:02 [GET] / 192.168.10.12:37858 281.265µs
2025/07/07 02:33:02 [GET] /style.css 192.168.10.12:37858 142.85µs
2025/07/07 02:33:02 [GET] /script.js 192.168.10.12:37858 125.845µs
2025/07/07 02:33:23 [GET] / 192.168.10.12:37858 285.403µs
2025/07/07 02:33:23 [GET] /style.css 192.168.10.12:37858 147.212µs
2025/07/07 02:33:23 [GET] /script.js 192.168.10.12:55376 129.813µs
2025/07/07 02:33:42 Mudança detectada em www/script.js, enviando js-update
2025/07/07 02:33:42 [GET] / 192.168.10.12:55376 337.775µs
2025/07/07 02:33:42 [GET] /style.css 192.168.10.12:55376 144.883µs
2025/07/07 02:33:42 [GET] /script.js 192.168.10.12:37858 928.041µs
2025/07/07 02:33:43 [GET] / 192.168.10.12:37858 395.231µs
2025/07/07 02:33:43 [GET] /script.js 192.168.10.12:55376 110.646µs
2025/07/07 02:33:43 [GET] /style.css 192.168.10.12:37858 151.718µs
2025/07/07 02:33:47 [GET] / 192.168.10.12:55376 440.664µs
2025/07/07 02:33:47 [GET] /style.css 192.168.10.12:55376 210.342µs
2025/07/07 02:33:47 [GET] /script.js 192.168.10.12:37858 166.616µs
2025/07/07 02:33:50 Mudança detectada em www/script.js, enviando js-update
2025/07/07 02:33:50 [GET] / 192.168.10.12:37858 206.085µs
2025/07/07 02:33:50 [GET] /style.css 192.168.10.12:37858 136.825µs
2025/07/07 02:33:50 [GET] /script.js 192.168.10.12:55376 85.077µs
2025/07/07 02:34:52 Mudança detectada em www/script.js, enviando js-update
2025/07/07 02:34:52 [GET] / 192.168.10.12:55376 206.89µs
2025/07/07 02:34:52 [GET] /style.css 192.168.10.12:55376 137.096µs
2025/07/07 02:34:52 [GET] /script.js 192.168.10.12:37858 123.915µs
2025/07/07 02:35:03 Mudança detectada em www/script.js, enviando js-update
2025/07/07 02:35:03 [GET] / 192.168.10.12:37858 224.517µs
2025/07/07 02:35:03 [GET] /style.css 192.168.10.12:37858 163.876µs
2025/07/07 02:35:03 [GET] /script.js 192.168.10.12:55376 199.375µs
2025/07/07 02:36:05 [GET] / 192.168.10.12:52420 239.703µs
2025/07/07 02:36:05 [GET] /style.css 192.168.10.12:52420 123.842µs
2025/07/07 02:36:05 [GET] /script.js 192.168.10.12:52420 115.072µs
2025/07/07 02:36:15 [GET] / 192.168.10.12:52420 208.845µs
2025/07/07 02:36:15 [GET] /style.css 192.168.10.12:52420 148.907µs
2025/07/07 02:36:15 [GET] /script.js 192.168.10.12:52420 107.081µs
2025/07/07 02:36:21 Mudança detectada em www/script.js, enviando js-update
2025/07/07 02:36:21 [GET] / 192.168.10.12:52420 669.024µs
2025/07/07 02:36:21 [GET] /style.css 192.168.10.12:52420 123.937µs
2025/07/07 02:36:21 [GET] /script.js 192.168.10.12:52426 121.564µs
2025/07/07 02:36:25 [GET] / 192.168.10.12:52426 321.406µs
2025/07/07 02:36:25 [GET] /style.css 192.168.10.12:52426 143.94µs
2025/07/07 02:36:25 [GET] /script.js 192.168.10.12:52426 121.736µs
2025/07/07 02:36:54 Mudança detectada em www/script.js, enviando js-update
2025/07/07 02:36:54 [GET] / 192.168.10.12:52426 237.185µs
2025/07/07 02:36:54 [GET] /style.css 192.168.10.12:52426 131.803µs
2025/07/07 02:36:54 [GET] /script.js 192.168.10.12:52420 153.747µs
2025/07/07 02:37:11 [GET] / 192.168.10.12:52420 228.01µs
2025/07/07 02:37:11 [GET] /style.css 192.168.10.12:52420 141.52µs
2025/07/07 02:37:11 [GET] /script.js 192.168.10.12:52426 133.865µs
2025/07/07 02:37:28 [GET] / 192.168.10.12:52426 288.971µs
2025/07/07 02:37:29 [GET] /style.css 192.168.10.12:52426 271.095µs
2025/07/07 02:37:29 [GET] /script.js 192.168.10.12:52420 111.084µs
2025/07/07 02:37:36 [GET] / 192.168.10.12:52420 208.443µs
2025/07/07 02:37:36 [GET] /style.css 192.168.10.12:52420 142.945µs
2025/07/07 02:37:36 [GET] /script.js 192.168.10.12:52420 131.966µs
2025/07/07 02:37:40 [GET] / 192.168.10.12:52420 203.797µs
2025/07/07 02:37:40 [GET] /style.css 192.168.10.12:52420 127.684µs
2025/07/07 02:37:40 [GET] /script.js 192.168.10.12:52426 101.642µs
2025/07/07 02:38:08 [GET] / 192.168.10.12:52426 198.573µs
2025/07/07 02:38:08 [GET] /style.css 192.168.10.12:52426 137.64µs
2025/07/07 02:38:08 [GET] /script.js 192.168.10.12:52420 114.587µs
2025/07/07 02:40:11 Mudança detectada em www/script.js, enviando js-update
2025/07/07 02:40:11 [GET] / 192.168.10.12:52420 210.629µs
2025/07/07 02:40:11 [GET] /style.css 192.168.10.12:52420 118.287µs
2025/07/07 02:40:11 [GET] /script.js 192.168.10.12:52420 115.308µs
2025/07/07 02:40:13 [GET] / 192.168.10.12:52420 213.808µs
2025/07/07 02:40:13 [GET] /style.css 192.168.10.12:52420 123.919µs
2025/07/07 02:40:13 [GET] /script.js 192.168.10.12:52426 118.035µs
2025/07/07 02:40:22 [GET] / 192.168.10.12:52426 209.727µs
2025/07/07 02:40:22 [GET] /style.css 192.168.10.12:52426 125.517µs
2025/07/07 02:40:22 [GET] /script.js 192.168.10.12:52420 72.838µs
2025/07/07 02:40:28 [GET] / 192.168.10.12:52420 238.885µs
2025/07/07 02:40:28 [GET] /style.css 192.168.10.12:52420 145.78µs
2025/07/07 02:40:28 [GET] /script.js 192.168.10.12:52426 102.566µs
2025/07/07 02:40:28 [GET] / 192.168.10.12:52426 460.684µs
2025/07/07 02:40:28 [GET] /style.css 192.168.10.12:52426 180.431µs
2025/07/07 02:40:28 [GET] /script.js 192.168.10.12:52420 175.359µs
2025/07/07 02:40:51 [GET] / 192.168.10.12:52420 309.408µs
2025/07/07 02:40:51 [GET] /style.css 192.168.10.12:52420 269.391µs
2025/07/07 02:40:51 [GET] /script.js 192.168.10.12:52426 135.025µs
2025/07/07 02:42:01 [GET] / 192.168.10.15:51584 520.963µs
2025/07/07 02:42:01 [GET] /style.css 192.168.10.15:51584 194.478µs
2025/07/07 02:42:01 [GET] /script.js 192.168.10.15:51598 262.257µs
2025/07/07 02:42:16 [GET] / 192.168.10.12:52426 196.72µs
2025/07/07 02:42:16 [GET] /style.css 192.168.10.12:52426 136.339µs
2025/07/07 02:42:16 [GET] /script.js 192.168.10.12:52426 112.099µs
2025/07/07 02:42:18 [GET] / 192.168.10.12:52426 208.84µs
2025/07/07 02:42:18 [GET] /style.css 192.168.10.12:52426 124.054µs
2025/07/07 02:42:18 [GET] /script.js 192.168.10.12:52420 115.049µs
2025/07/07 02:42:19 [GET] / 192.168.10.12:52420 208.38µs
2025/07/07 02:42:19 [GET] /style.css 192.168.10.12:52420 111.188µs
2025/07/07 02:42:19 [GET] /script.js 192.168.10.12:52420 117.243µs
2025/07/07 02:42:49 Mudança detectada em www/script.js, enviando js-update
2025/07/07 02:42:49 [GET] / 192.168.10.12:52420 201.957µs
2025/07/07 02:42:49 [GET] /style.css 192.168.10.12:52420 151.602µs
2025/07/07 02:42:49 [GET] /script.js 192.168.10.12:52426 122.388µs
2025/07/07 02:42:49 [GET] / 192.168.10.15:51598 340.104µs
2025/07/07 02:42:49 [GET] /style.css 192.168.10.15:51598 418.346µs
2025/07/07 02:42:49 [GET] /script.js 192.168.10.15:51584 228.533µs
2025/07/07 02:42:51 [GET] / 192.168.10.12:52426 400.388µs
2025/07/07 02:42:51 [GET] /style.css 192.168.10.12:52426 360.033µs
2025/07/07 02:42:51 [GET] /script.js 192.168.10.12:52420 197.266µs
2025/07/07 02:42:54 [GET] / 192.168.10.12:52420 527.953µs
2025/07/07 02:42:54 [GET] /style.css 192.168.10.12:52420 226.632µs
2025/07/07 02:42:54 [GET] /script.js 192.168.10.12:52426 231.734µs
2025/07/07 02:42:58 [GET] / 192.168.10.12:52426 211.071µs
2025/07/07 02:42:58 [GET] /style.css 192.168.10.12:52426 220.839µs
2025/07/07 02:42:58 [GET] /script.js 192.168.10.12:52420 272.991µs
2025/07/07 02:44:50 Mudança detectada em www/script.js, enviando js-update
2025/07/07 02:44:50 [GET] / 192.168.10.12:52420 248.75µs
2025/07/07 02:44:50 [GET] /style.css 192.168.10.12:52420 128.648µs
2025/07/07 02:44:50 [GET] /script.js 192.168.10.12:52426 116.755µs
2025/07/07 02:44:50 [GET] / 192.168.10.15:51584 242.256µs
2025/07/07 02:44:50 [GET] /style.css 192.168.10.15:51584 168.4µs
2025/07/07 02:44:50 [GET] /script.js 192.168.10.15:51598 74.225µs
2025/07/07 02:44:53 Mudança detectada em www/script.js, enviando js-update
2025/07/07 02:44:53 [GET] / 192.168.10.12:52426 522.173µs
2025/07/07 02:44:53 [GET] /script.js 192.168.10.12:52420 160.665µs
2025/07/07 02:44:53 [GET] /style.css 192.168.10.12:52426 98.157µs
2025/07/07 02:44:53 [GET] / 192.168.10.15:51598 283.677µs
2025/07/07 02:44:53 [GET] /style.css 192.168.10.15:51598 228.641µs
2025/07/07 02:44:53 [GET] /script.js 192.168.10.15:51584 493.455µs
2025/07/07 02:44:54 [GET] / 192.168.10.12:52426 603.248µs
2025/07/07 02:44:54 [GET] /style.css 192.168.10.12:52426 425.727µs
2025/07/07 02:44:54 [GET] /script.js 192.168.10.12:52426 169.437µs
2025/07/07 02:46:53 Mudança detectada em www/script.js, enviando js-update
2025/07/07 02:46:53 [GET] / 192.168.10.12:52426 259.713µs
2025/07/07 02:46:53 [GET] /style.css 192.168.10.12:52426 133.669µs
2025/07/07 02:46:53 [GET] /script.js 192.168.10.12:52426 111.012µs
2025/07/07 02:46:53 [GET] / 192.168.10.15:51584 295.16µs
2025/07/07 02:46:53 [GET] /style.css 192.168.10.15:51584 190.816µs
2025/07/07 02:46:53 [GET] /script.js 192.168.10.15:51598 123.123µs
2025/07/07 02:46:55 [GET] / 192.168.10.12:52426 564.236µs
2025/07/07 02:46:55 [GET] /style.css 192.168.10.12:52426 204.529µs
2025/07/07 02:46:55 [GET] /script.js 192.168.10.12:52420 150.831µs
2025/07/07 02:47:01 [GET] / 192.168.10.12:52420 243.859µs
2025/07/07 02:47:01 [GET] /style.css 192.168.10.12:52420 243.189µs
2025/07/07 02:47:01 [GET] /script.js 192.168.10.12:52426 244.502µs
2025/07/07 02:47:10 [GET] / 192.168.10.12:52426 204.985µs
2025/07/07 02:47:10 [GET] /style.css 192.168.10.12:52426 139.378µs
2025/07/07 02:47:10 [GET] /script.js 192.168.10.12:52426 129.669µs
2025/07/07 02:47:21 [GET] / 192.168.10.12:52426 975.03µs
2025/07/07 02:47:21 [GET] /style.css 192.168.10.12:52426 128.173µs
2025/07/07 02:47:21 [GET] /script.js 192.168.10.12:52426 142.236µs
2025/07/07 02:49:32 Mudança detectada em www/script.js, enviando js-update
2025/07/07 02:49:32 [GET] / 192.168.10.12:52426 224.999µs
2025/07/07 02:49:32 [GET] /style.css 192.168.10.12:52426 129.117µs
2025/07/07 02:49:32 [GET] /script.js 192.168.10.12:52420 104.945µs
2025/07/07 02:49:32 [GET] / 192.168.10.15:51598 359.019µs
2025/07/07 02:49:32 [GET] /style.css 192.168.10.15:51598 221.459µs
2025/07/07 02:49:33 [GET] /script.js 192.168.10.15:51584 181.046µs
2025/07/07 02:49:34 [GET] / 192.168.10.12:52420 273.174µs
2025/07/07 02:49:34 [GET] /style.css 192.168.10.12:52420 144.151µs
2025/07/07 02:49:34 [GET] /script.js 192.168.10.12:52420 134.313µs
2025/07/07 02:49:46 [GET] / 192.168.10.12:52420 288.763µs
2025/07/07 02:49:47 [GET] /script.js 192.168.10.12:52426 136.05µs
2025/07/07 02:49:47 [GET] /style.css 192.168.10.12:52420 107.584µs
2025/07/07 02:49:49 [GET] / 192.168.10.12:52420 598.738µs
2025/07/07 02:49:49 [GET] /style.css 192.168.10.12:52420 264.664µs
2025/07/07 02:49:49 [GET] /script.js 192.168.10.12:52426 293.859µs
2025/07/07 02:49:52 [GET] / 192.168.10.12:52426 238.366µs
2025/07/07 02:49:52 [GET] /style.css 192.168.10.12:52426 139.424µs
2025/07/07 02:49:52 [GET] /script.js 192.168.10.12:52420 87.468µs
2025/07/07 02:49:55 [GET] / 192.168.10.12:52420 416.597µs
2025/07/07 02:49:55 [GET] /style.css 192.168.10.12:52420 121.203µs
2025/07/07 02:49:55 [GET] /script.js 192.168.10.12:52426 114.036µs
2025/07/07 02:49:58 [GET] / 192.168.10.12:52426 208.542µs
2025/07/07 02:49:58 [GET] /style.css 192.168.10.12:52426 130.482µs
2025/07/07 02:49:58 [GET] /script.js 192.168.10.12:52420 80.802µs
2025/07/07 02:49:59 [GET] / 192.168.10.12:52420 217.806µs
2025/07/07 02:49:59 [GET] /style.css 192.168.10.12:52420 192.558µs
2025/07/07 02:49:59 [GET] /script.js 192.168.10.12:52420 126.736µs
2025/07/07 02:51:45 Mudança detectada em www/index.html, enviando reload
2025/07/07 02:51:45 [GET] / 192.168.10.12:52420 320.072µs
2025/07/07 02:51:45 [GET] / 192.168.10.15:51584 444.575µs
2025/07/07 02:51:45 [GET] /style.css 192.168.10.12:52420 365.802µs
2025/07/07 02:51:45 [GET] /style.css 192.168.10.15:51584 189.805µs
2025/07/07 02:51:56 Mudança detectada em www/index.html, enviando reload
2025/07/07 02:52:11 Mudança detectada em www/index.html, enviando reload
2025/07/07 02:52:17 [GET] / 192.168.10.12:52420 225.214µs
2025/07/07 02:52:17 [GET] /style.css 192.168.10.12:52420 124.687µs
2025/07/07 02:52:17 [GET] /script.js 192.168.10.12:52426 132.079µs
2025/07/07 02:53:14 [GET] /style.css 192.168.10.12:52426 129.01µs
2025/07/07 02:56:00 Mudança detectada em www/style.css, enviando css-update
2025/07/07 02:56:00 [GET] / 192.168.10.12:52426 239.541µs
2025/07/07 02:56:00 [GET] /style.css 192.168.10.12:52426 124.468µs
2025/07/07 02:56:00 [GET] /script.js 192.168.10.12:52420 107.404µs
2025/07/07 02:56:15 [GET] / 192.168.10.12:52420 2.012802ms
2025/07/07 02:56:15 [GET] /style.css 192.168.10.12:52420 119.837µs
2025/07/07 02:56:15 [GET] /script.js 192.168.10.12:52426 921.91µs
2025/07/07 02:57:28 Mudança detectada em www/script.js, enviando js-update
2025/07/07 02:57:28 [GET] / 192.168.10.12:52426 254.395µs
2025/07/07 02:57:28 [GET] /style.css 192.168.10.12:52426 133.577µs
2025/07/07 02:57:28 [GET] /script.js 192.168.10.12:52420 108.267µs
2025/07/07 02:57:29 [GET] / 192.168.10.12:52420 630.337µs
2025/07/07 02:57:29 [GET] /style.css 192.168.10.12:52420 217.332µs
2025/07/07 02:57:29 [GET] /script.js 192.168.10.12:52420 211.807µs
2025/07/07 02:57:56 [GET] / 192.168.10.12:52420 602.025µs
2025/07/07 02:57:56 [GET] /style.css 192.168.10.12:52420 241.579µs
2025/07/07 02:57:56 [GET] /script.js 192.168.10.12:52426 203.922µs
2025/07/07 02:59:11 [GET] / 192.168.10.12:52426 203.518µs
2025/07/07 02:59:11 [GET] /style.css 192.168.10.12:52426 116.811µs
2025/07/07 02:59:11 [GET] /script.js 192.168.10.12:52420 105.736µs
2025/07/07 03:00:58 Mudança detectada em www/index.html, enviando reload
2025/07/07 03:00:58 [GET] / 192.168.10.12:52420 223.264µs
2025/07/07 03:00:58 [GET] /style.css 192.168.10.12:52420 127.765µs
2025/07/07 03:00:58 [GET] /script.js 192.168.10.12:52426 75.793µs
2025/07/07 03:01:18 [GET] / 192.168.10.12:52426 298.727µs
2025/07/07 03:01:18 [GET] /style.css 192.168.10.12:52426 162.429µs
2025/07/07 03:01:18 [GET] /script.js 192.168.10.12:52420 130.335µs
2025/07/07 03:02:25 [GET] / 192.168.10.12:52420 301.242µs
2025/07/07 03:02:25 [GET] /style.css 192.168.10.12:52420 155.93µs
2025/07/07 03:02:25 [GET] /script.js 192.168.10.12:52420 158.649µs
2025/07/07 03:03:19 Mudança detectada em www/style.css, enviando css-update
2025/07/07 03:03:19 [GET] / 192.168.10.12:52420 224.645µs
2025/07/07 03:03:19 [GET] /style.css 192.168.10.12:52420 120.588µs
2025/07/07 03:03:19 [GET] /script.js 192.168.10.12:52420 146.043µs
2025/07/07 03:04:35 Mudança detectada em www/script.js, enviando js-update
2025/07/07 03:04:35 [GET] / 192.168.10.12:52420 228.45µs
2025/07/07 03:04:35 [GET] /style.css 192.168.10.12:52420 146.783µs
2025/07/07 03:04:35 [GET] /script.js 192.168.10.12:52426 83.318µs
2025/07/07 03:07:48 Mudança detectada em www/script.js, enviando js-update
2025/07/07 03:07:48 [GET] / 192.168.10.12:35388 258.963µs
2025/07/07 03:07:49 [GET] /script.js 192.168.10.12:35398 202.071µs
2025/07/07 03:07:49 [GET] /style.css 192.168.10.12:35388 108.462µs
2025/07/07 03:10:35 Mudança detectada em www/index.html, enviando reload
2025/07/07 03:10:35 [GET] / 192.168.10.12:35388 236.869µs
2025/07/07 03:10:35 [GET] /style.css 192.168.10.12:35388 129.399µs
2025/07/07 03:10:35 [GET] /script.js 192.168.10.12:35398 137.832µs
2025/07/07 03:10:53 [GET] / 192.168.10.12:35388 289.643µs
2025/07/07 03:10:53 [GET] /style.css 192.168.10.12:35388 161.672µs
2025/07/07 03:10:53 [GET] /script.js 192.168.10.12:35388 137.394µs
2025/07/07 03:12:37 Mudança detectada em www/style.css, enviando css-update
2025/07/07 03:12:37 [GET] / 192.168.10.12:35388 228.918µs
2025/07/07 03:12:37 [GET] /style.css 192.168.10.12:35388 163.42µs
2025/07/07 03:12:37 [GET] /script.js 192.168.10.12:35398 133.485µs
2025/07/07 03:14:26 [GET] / 192.168.10.12:35398 263.09µs
2025/07/07 03:14:26 [GET] /style.css 192.168.10.12:35398 128.751µs
2025/07/07 03:14:26 [GET] /script.js 192.168.10.12:35388 127.627µs
2025/07/07 03:15:43 Mudança detectada em www/script.js, enviando js-update
2025/07/07 03:15:43 [GET] / 192.168.10.12:35388 280.651µs
2025/07/07 03:15:43 [GET] /script.js 192.168.10.12:35398 135.309µs
2025/07/07 03:15:43 [GET] /style.css 192.168.10.12:35388 147.441µs
2025/07/07 03:15:46 [GET] / 192.168.10.12:35388 586.575µs
2025/07/07 03:15:46 [GET] /style.css 192.168.10.12:35388 293.177µs
2025/07/07 03:15:46 [GET] /script.js 192.168.10.12:35398 198.119µs
2025/07/07 03:17:39 Mudança detectada em www/index.html, enviando reload
2025/07/07 03:17:39 [GET] / 192.168.10.12:35398 223.369µs
2025/07/07 03:17:39 [GET] /style.css 192.168.10.12:35398 148.876µs
2025/07/07 03:17:53 Mudança detectada em www/index.html, enviando reload
2025/07/07 03:18:27 Mudança detectada em www/index.html, enviando reload
2025/07/07 03:18:31 Mudança detectada em www/index.html, enviando reload
2025/07/07 03:18:46 [GET] / 192.168.10.12:35398 250.23µs
2025/07/07 03:18:46 [GET] /style.css 192.168.10.12:35398 180.018µs
2025/07/07 03:18:46 [GET] /script.js 192.168.10.12:35388 93.867µs
2025/07/07 03:19:21 Mudança detectada em www/script.js, enviando js-update
2025/07/07 03:19:21 [GET] / 192.168.10.12:35388 249.262µs
2025/07/07 03:19:21 [GET] /style.css 192.168.10.12:35388 205.268µs
2025/07/07 03:19:21 [GET] /script.js 192.168.10.12:35398 182.339µs
2025/07/07 03:19:23 Mudança detectada em www/script.js, enviando js-update
2025/07/07 03:19:23 [GET] / 192.168.10.12:35398 311.676µs
2025/07/07 03:19:23 [GET] /style.css 192.168.10.12:35398 239.088µs
2025/07/07 03:19:23 [GET] /script.js 192.168.10.12:35388 156.103µs
2025/07/07 03:19:44 [GET] / 192.168.10.12:35388 315.563µs
2025/07/07 03:19:44 [GET] /style.css 192.168.10.12:35388 195.075µs
2025/07/07 03:19:44 [GET] /script.js 192.168.10.12:35398 127.265µs
2025/07/07 03:22:22 [GET] / 192.168.10.12:35398 438.259µs
2025/07/07 03:22:22 [GET] /style.css 192.168.10.12:35398 205.589µs
2025/07/07 03:22:22 [GET] /script.js 192.168.10.12:35388 154.638µs
2025/07/07 03:22:54 [GET] / 192.168.10.15:52218 264.566µs
2025/07/07 03:22:54 [GET] /style.css 192.168.10.15:52218 236.065µs
2025/07/07 03:22:54 [GET] /script.js 192.168.10.15:52216 133.382µs
2025/07/07 03:23:21 Mudança detectada em www/script.js, enviando js-update
2025/07/07 03:23:21 [GET] / 192.168.10.12:35388 233.196µs
2025/07/07 03:23:21 [GET] /style.css 192.168.10.12:35388 136.752µs
2025/07/07 03:23:21 [GET] /script.js 192.168.10.12:35398 126.883µs
2025/07/07 03:23:21 [GET] / 192.168.10.15:52216 283.286µs
2025/07/07 03:23:21 [GET] /style.css 192.168.10.15:52216 221.414µs
2025/07/07 03:23:21 [GET] /script.js 192.168.10.15:52218 150.388µs
2025/07/07 03:23:22 [GET] / 192.168.10.12:35398 4.898597ms
2025/07/07 03:23:22 [GET] /style.css 192.168.10.12:35398 146.031µs
2025/07/07 03:23:22 [GET] /script.js 192.168.10.12:35398 122.21µs
2025/07/07 03:25:00 Mudança detectada em www/style.css, enviando css-update
2025/07/07 03:25:00 [GET] / 192.168.10.12:35398 256.493µs
2025/07/07 03:25:00 [GET] /script.js 192.168.10.12:35388 96.466µs
2025/07/07 03:25:00 [GET] /style.css 192.168.10.12:35398 124.539µs
2025/07/07 03:25:00 [GET] / 192.168.10.15:52218 273.687µs
2025/07/07 03:25:00 [GET] /style.css 192.168.10.15:52218 233.319µs
2025/07/07 03:25:00 [GET] /script.js 192.168.10.15:52216 93.072µs
2025/07/07 03:25:04 [GET] / 192.168.10.12:35398 239.066µs
2025/07/07 03:25:04 [GET] /style.css 192.168.10.12:35398 146.075µs
2025/07/07 03:25:04 [GET] /script.js 192.168.10.12:35388 178.05µs
2025/07/07 03:26:19 Mudança detectada em www/script.js, enviando js-update
2025/07/07 03:26:19 [GET] / 192.168.10.12:35388 215.292µs
2025/07/07 03:26:19 [GET] /style.css 192.168.10.12:35388 134.231µs
2025/07/07 03:26:19 [GET] /script.js 192.168.10.12:35388 131.881µs
2025/07/07 03:26:19 [GET] / 192.168.10.15:52218 276.238µs
2025/07/07 03:26:19 [GET] /style.css 192.168.10.15:52218 194.925µs
2025/07/07 03:26:19 [GET] /script.js 192.168.10.15:52216 153.895µs
2025/07/07 03:26:31 [GET] /style.css 192.168.10.12:35388 208.793µs
2025/07/07 03:28:58 Mudança detectada em www/script.js, enviando js-update
2025/07/07 03:28:58 [GET] / 192.168.10.12:35388 238.28µs
2025/07/07 03:28:58 [GET] /style.css 192.168.10.12:35388 158.415µs
2025/07/07 03:28:58 [GET] /script.js 192.168.10.12:35388 161.907µs
2025/07/07 03:28:58 [GET] / 192.168.10.15:52216 323.255µs
2025/07/07 03:28:58 [GET] /style.css 192.168.10.15:52216 280.282µs
2025/07/07 03:28:58 [GET] /script.js 192.168.10.15:52218 190.542µs
2025/07/07 03:31:20 Mudança detectada em www/index.html, enviando reload
2025/07/07 03:31:20 [GET] / 192.168.10.12:35388 204.544µs
2025/07/07 03:31:20 [GET] /style.css 192.168.10.12:35388 122.44µs
2025/07/07 03:31:20 [GET] /script.js 192.168.10.12:51636 118.637µs
2025/07/07 03:31:20 [GET] / 192.168.10.15:52218 243.523µs
2025/07/07 03:31:20 [GET] /style.css 192.168.10.15:52218 188.983µs
2025/07/07 03:31:20 [GET] /script.js 192.168.10.15:52216 193.715µs
2025/07/07 03:31:25 [GET] / 192.168.10.12:51636 340.971µs
2025/07/07 03:31:25 [GET] /style.css 192.168.10.12:51636 224.043µs
2025/07/07 03:31:25 [GET] /script.js 192.168.10.12:51636 161.521µs
2025/07/07 03:35:15 [GET] / 192.168.10.12:51636 227.901µs
2025/07/07 03:35:15 [GET] /style.css 192.168.10.12:51636 136.263µs
2025/07/07 03:35:15 [GET] /script.js 192.168.10.12:51636 109.949µs
2025/07/07 03:35:24 Mudança detectada em www/script.js, enviando js-update
2025/07/07 03:35:24 [GET] / 192.168.10.12:51636 219.513µs
2025/07/07 03:35:24 [GET] /style.css 192.168.10.12:51636 152.778µs
2025/07/07 03:35:24 [GET] /script.js 192.168.10.12:51636 422.29µs
2025/07/07 03:35:24 [GET] / 192.168.10.15:35842 262.323µs
2025/07/07 03:35:24 [GET] /style.css 192.168.10.15:35842 207.258µs
2025/07/07 03:35:24 [GET] /script.js 192.168.10.15:35850 183.725µs
2025/07/07 03:36:34 Mudança detectada em www/vcard, enviando reload
2025/07/07 03:36:34 [GET] / 192.168.10.12:48676 254.295µs
2025/07/07 03:36:34 [GET] /style.css 192.168.10.12:48676 121.086µs
2025/07/07 03:36:34 [GET] /script.js 192.168.10.12:48690 138.117µs
2025/07/07 03:36:34 [GET] / 192.168.10.15:35850 250.744µs
2025/07/07 03:36:34 [GET] /style.css 192.168.10.15:35850 213.09µs
2025/07/07 03:36:34 [GET] /script.js 192.168.10.15:35842 164.526µs
2025/07/07 03:36:39 [GET] / 192.168.10.15:35842 474.173µs
2025/07/07 03:36:39 [GET] /style.css 192.168.10.15:35842 320.741µs
2025/07/07 03:36:39 [GET] /script.js 192.168.10.15:35850 331.584µs
2025/07/07 03:39:41 Mudança detectada em www/index.html, enviando reload
2025/07/07 03:39:41 [GET] / 192.168.10.12:48690 301.294µs
2025/07/07 03:39:41 [GET] /style.css 192.168.10.12:48690 154.864µs
2025/07/07 03:39:41 [GET] /script.js 192.168.10.12:48690 144.832µs
2025/07/07 03:39:41 [GET] / 192.168.10.15:35850 287.931µs
2025/07/07 03:39:41 [GET] /style.css 192.168.10.15:35850 186.414µs
2025/07/07 03:39:41 [GET] /script.js 192.168.10.15:35842 81.569µs
2025/07/07 03:39:46 [GET] / 192.168.10.12:48690 260.852µs
2025/07/07 03:39:46 [GET] /style.css 192.168.10.12:48676 141.322µs
2025/07/07 03:39:46 [GET] /script.js 192.168.10.12:48690 159.541µs
2025/07/07 03:39:49 [GET] / 192.168.10.12:48690 331.947µs
2025/07/07 03:39:49 [GET] /script.js 192.168.10.12:48676 2.966611ms
2025/07/07 03:39:49 [GET] /style.css 192.168.10.12:48690 3.544496ms
2025/07/07 03:40:02 [GET] / 192.168.10.12:48690 233.346µs
2025/07/07 03:40:02 [GET] /script.js 192.168.10.12:48676 151.904µs
2025/07/07 03:40:02 [GET] /style.css 192.168.10.12:48690 86.065µs
2025/07/07 03:41:27 Mudança detectada em www/script.js, enviando js-update
2025/07/07 03:41:28 [GET] / 192.168.10.12:48690 332.972µs
2025/07/07 03:41:28 [GET] /style.css 192.168.10.12:48690 141.385µs
2025/07/07 03:41:28 [GET] /script.js 192.168.10.12:48676 90.805µs
2025/07/07 03:41:28 [GET] / 192.168.10.15:35842 329.695µs
2025/07/07 03:41:28 [GET] /style.css 192.168.10.15:35842 203.182µs
2025/07/07 03:41:28 [GET] /script.js 192.168.10.15:35850 130.971µs
2025/07/07 03:41:30 Mudança detectada em www/script.js, enviando js-update
2025/07/07 03:41:30 [GET] / 192.168.10.12:48676 254.827µs
2025/07/07 03:41:30 [GET] /style.css 192.168.10.12:48676 127.409µs
2025/07/07 03:41:30 [GET] /script.js 192.168.10.12:48690 118.8µs
2025/07/07 03:41:30 [GET] / 192.168.10.15:35850 1.209633ms
2025/07/07 03:41:30 [GET] /style.css 192.168.10.15:35850 746.073µs
2025/07/07 03:41:30 [GET] /script.js 192.168.10.15:35842 135.039µs
2025/07/07 03:41:33 [GET] / 192.168.10.12:48690 2.837222ms
2025/07/07 03:41:33 [GET] /style.css 192.168.10.12:48690 263.654µs
2025/07/07 03:41:33 [GET] /script.js 192.168.10.12:48676 194.353µs
2025/07/07 03:43:11 Mudança detectada em www/style.css, enviando css-update
2025/07/07 03:43:11 [GET] / 192.168.10.12:48676 248.888µs
2025/07/07 03:43:11 [GET] / 192.168.10.15:35842 259.054µs
2025/07/07 03:43:11 [GET] /style.css 192.168.10.12:48676 163.111µs
2025/07/07 03:43:11 [GET] /script.js 192.168.10.12:48690 134.395µs
2025/07/07 03:43:11 [GET] /style.css 192.168.10.15:35842 180.262µs
2025/07/07 03:43:11 [GET] /script.js 192.168.10.15:35850 324.365µs
2025/07/07 03:43:13 [GET] / 192.168.10.12:48690 280.098µs
2025/07/07 03:43:13 [GET] /style.css 192.168.10.12:48690 852.693µs
2025/07/07 03:43:13 [GET] /script.js 192.168.10.12:48676 140.077µs
2025/07/07 03:43:31 [GET] / 192.168.10.12:48676 235.295µs
2025/07/07 03:43:31 [GET] /script.js 192.168.10.12:48690 125.69µs
2025/07/07 03:43:31 [GET] /style.css 192.168.10.12:48676 81.44µs
2025/07/07 03:43:51 Mudança detectada em www/style.css, enviando css-update
2025/07/07 03:43:51 [GET] / 192.168.10.12:48676 312.172µs
2025/07/07 03:43:51 [GET] /style.css 192.168.10.12:48676 150.452µs
2025/07/07 03:43:51 [GET] /script.js 192.168.10.12:48690 135.517µs
2025/07/07 03:43:51 [GET] / 192.168.10.15:35850 253.091µs
2025/07/07 03:43:51 [GET] /style.css 192.168.10.15:35850 235.331µs
2025/07/07 03:43:51 [GET] /script.js 192.168.10.15:35842 313.6µs
2025/07/07 03:43:52 [GET] / 192.168.10.12:48690 444.035µs
2025/07/07 03:43:52 [GET] /style.css 192.168.10.12:48690 208.274µs
2025/07/07 03:43:52 [GET] /script.js 192.168.10.12:48676 165.082µs
2025/07/07 03:45:31 [GET] / 192.168.10.12:48676 449.213µs
2025/07/07 03:45:31 [GET] /style.css 192.168.10.12:48676 293.258µs
2025/07/07 03:45:32 [GET] /script.js 192.168.10.12:48676 222.116µs
2025/07/07 03:47:56 [GET] / 192.168.10.12:48676 461.328µs
2025/07/07 03:47:56 [GET] /style.css 192.168.10.12:48676 141.412µs
2025/07/07 03:47:56 [GET] /script.js 192.168.10.12:48690 122.669µs
2025/07/07 03:48:04 [GET] / 192.168.10.12:48690 221.012µs
2025/07/07 03:48:04 [GET] /script.js 192.168.10.12:48676 124.388µs
2025/07/07 03:48:04 [GET] /style.css 192.168.10.12:48690 551.141µs
2025/07/07 03:51:00 Mudança detectada em www/style.css, enviando css-update
2025/07/07 03:51:00 [GET] / 192.168.10.12:48690 222.588µs
2025/07/07 03:51:00 [GET] /style.css 192.168.10.12:48690 135.863µs
2025/07/07 03:51:00 [GET] /script.js 192.168.10.12:48690 115.558µs
2025/07/07 03:51:00 [GET] / 192.168.10.15:43220 246.173µs
2025/07/07 03:51:00 [GET] /style.css 192.168.10.15:43220 345.61µs
2025/07/07 03:51:00 [GET] /script.js 192.168.10.15:43232 177.059µs
2025/07/07 03:54:38 Mudança detectada em www/index.html, enviando reload
2025/07/07 03:54:38 [GET] / 192.168.10.12:48690 476.308µs
2025/07/07 03:54:38 [GET] /style.css 192.168.10.12:48690 241.671µs
2025/07/07 03:54:38 [GET] /script.js 192.168.10.12:48690 187.469µs
2025/07/07 03:54:38 [GET] / 192.168.10.15:43232 433.347µs
2025/07/07 03:54:38 [GET] /style.css 192.168.10.15:43232 227.207µs
2025/07/07 03:54:38 [GET] /script.js 192.168.10.15:43220 177.598µs
2025/07/07 04:00:30 [GET] / 192.168.10.12:52298 291.058µs
2025/07/07 04:00:30 [GET] /style.css 192.168.10.12:52298 196.769µs
2025/07/07 04:00:30 [GET] /script.js 192.168.10.12:52302 191.21µs
2025/07/07 04:00:40 Mudança detectada em www/index.html, enviando reload
2025/07/07 04:00:40 [GET] / 192.168.10.12:52302 618.802µs
2025/07/07 04:00:40 [GET] /style.css 192.168.10.12:52302 265.743µs
2025/07/07 04:00:40 [GET] /script.js 192.168.10.12:52298 276.139µs
2025/07/07 04:00:40 [GET] / 192.168.10.15:56868 335.875µs
2025/07/07 04:00:40 [GET] /style.css 192.168.10.15:56868 243.488µs
2025/07/07 04:00:40 [GET] /script.js 192.168.10.15:56874 171.508µs
2025/07/07 04:00:45 [GET] / 192.168.10.12:52298 691.778µs
2025/07/07 04:00:45 [GET] /style.css 192.168.10.12:52298 189.242µs
2025/07/07 04:00:45 [GET] /script.js 192.168.10.12:52298 159.476µs
2025/07/07 04:05:32 Mudança detectada em www/script.js, enviando js-update
2025/07/07 04:05:32 [GET] / 192.168.10.12:52298 263.682µs
2025/07/07 04:05:32 [GET] /style.css 192.168.10.12:52298 192.189µs
2025/07/07 04:05:32 [GET] /script.js 192.168.10.12:52302 162.368µs
2025/07/07 04:05:32 [GET] / 192.168.10.15:46436 328.384µs
2025/07/07 04:05:32 [GET] /style.css 192.168.10.15:46436 212.307µs
2025/07/07 04:05:32 [GET] /script.js 192.168.10.15:46444 165.38µs
2025/07/07 04:05:35 [GET] / 192.168.10.12:52302 464.212µs
2025/07/07 04:05:35 [GET] /style.css 192.168.10.12:52302 212.996µs
2025/07/07 04:05:35 [GET] /script.js 192.168.10.12:52302 204.082µs
2025/07/07 04:07:56 Mudança detectada em www/index.html, enviando reload
2025/07/07 04:07:56 [GET] / 192.168.10.15:46444 423.168µs
2025/07/07 04:07:56 [GET] / 192.168.10.12:49802 541.205µs
2025/07/07 04:07:56 [GET] /style.css 192.168.10.15:46444 235.374µs
2025/07/07 04:07:56 [GET] /style.css 192.168.10.12:49802 208.887µs
2025/07/07 04:07:56 [GET] /script.js 192.168.10.15:46436 216.376µs
2025/07/07 04:07:56 [GET] /script.js 192.168.10.12:49802 227.469µs
2025/07/07 04:07:58 [GET] / 192.168.10.12:49802 622.268µs
2025/07/07 04:07:58 [GET] /style.css 192.168.10.12:49802 351.623µs
2025/07/07 04:07:58 [GET] /script.js 192.168.10.12:49804 251.389µs
2025/07/07 04:11:08 [GET] / 192.168.10.12:49804 225.727µs
2025/07/07 04:11:08 [GET] /style.css 192.168.10.12:49804 343.855µs
2025/07/07 04:11:08 [GET] /script.js 192.168.10.12:49804 138.898µs
2025/07/07 04:12:36 Mudança detectada em www/index.html, enviando reload
2025/07/07 04:12:36 [GET] / 192.168.10.15:46436 301.228µs
2025/07/07 04:12:36 [GET] / 192.168.10.12:49804 303.954µs
2025/07/07 04:12:36 [GET] /style.css 192.168.10.12:49804 190.695µs
2025/07/07 04:12:36 [GET] /style.css 192.168.10.15:46436 135.709µs
2025/07/07 04:13:00 Mudança detectada em www/index.html, enviando reload
2025/07/07 04:13:08 Mudança detectada em www/index.html, enviando reload
2025/07/07 04:13:09 [GET] / 192.168.10.12:49804 756.153µs
2025/07/07 04:13:09 [GET] /style.css 192.168.10.12:49804 378.075µs
2025/07/07 04:13:09 [GET] /script.js 192.168.10.12:54622 197.233µs
2025/07/07 04:15:58 Mudança detectada em www/index.html, enviando reload
2025/07/07 04:15:58 [GET] / 192.168.10.12:54622 234.523µs
2025/07/07 04:15:58 [GET] /script.js 192.168.10.12:49804 151.367µs
2025/07/07 04:15:58 [GET] /style.css 192.168.10.12:54622 86.732µs
2025/07/07 04:16:00 [GET] / 192.168.10.12:54622 459.915µs
2025/07/07 04:16:00 [GET] /style.css 192.168.10.12:54622 371.542µs
2025/07/07 04:16:00 [GET] /script.js 192.168.10.12:54622 242.522µs
2025/07/07 04:19:42 Mudança detectada em www/index.html, enviando reload
2025/07/07 04:19:42 [GET] / 192.168.10.12:54622 291.149µs
2025/07/07 04:19:42 [GET] /style.css 192.168.10.12:54622 164.498µs
2025/07/07 04:19:42 [GET] /script.js 192.168.10.12:49804 131.333µs
2025/07/07 04:19:43 [GET] / 192.168.10.12:49804 1.719847ms
2025/07/07 04:19:43 [GET] /style.css 192.168.10.12:49804 275.65µs
2025/07/07 04:19:43 [GET] /script.js 192.168.10.12:54622 256.7µs
2025/07/07 04:21:53 Mudança detectada em www/style.css, enviando css-update
2025/07/07 04:21:53 [GET] / 192.168.10.12:54622 238.362µs
2025/07/07 04:21:53 [GET] /style.css 192.168.10.12:54622 141.223µs
2025/07/07 04:21:53 [GET] /script.js 192.168.10.12:49804 134.842µs
2025/07/07 04:21:54 [GET] / 192.168.10.12:49804 461.764µs
2025/07/07 04:21:54 [GET] /style.css 192.168.10.12:49804 217.825µs
2025/07/07 04:21:54 [GET] /script.js 192.168.10.12:49804 203.167µs
2025/07/07 04:23:51 Mudança detectada em www/script.js, enviando js-update
2025/07/07 04:23:51 [GET] / 192.168.10.12:49804 229.065µs
2025/07/07 04:23:51 [GET] /style.css 192.168.10.12:49804 133.726µs
2025/07/07 04:23:51 [GET] /script.js 192.168.10.12:54622 124.982µs
2025/07/07 04:23:53 [GET] / 192.168.10.12:54622 236.364µs
2025/07/07 04:23:53 [GET] /style.css 192.168.10.12:54622 137.759µs
2025/07/07 04:23:53 [GET] /script.js 192.168.10.12:49804 104.09µs
2025/07/07 04:29:05 [GET] / 192.168.10.12:58722 319.354µs
2025/07/07 04:29:05 [GET] /style.css 192.168.10.12:58722 198.609µs
2025/07/07 04:29:05 [GET] /script.js 192.168.10.12:58722 245.292µs
2025/07/07 04:29:06 [GET] /favicon.ico 192.168.10.12:58722 35.803µs
2025/07/07 04:44:47 Mudança detectada em www/script.js, enviando js-update
2025/07/07 04:44:47 [GET] / 192.168.10.12:42718 358.865µs
2025/07/07 04:44:47 [GET] / 192.168.10.12:42732 375.171µs
2025/07/07 04:44:47 [GET] /style.css 192.168.10.12:42718 182.989µs
2025/07/07 04:44:47 [GET] /script.js 192.168.10.12:42742 182.573µs
2025/07/07 04:44:47 [GET] /style.css 192.168.10.12:42732 204.888µs
2025/07/07 04:44:48 [GET] /script.js 192.168.10.12:42732 188.478µs
2025/07/07 04:58:34 Mudança detectada em www/script.js, enviando js-update
2025/07/07 04:58:34 [GET] / 192.168.10.12:41162 398.375µs
2025/07/07 04:58:34 [GET] / 192.168.10.12:41168 326.632µs
2025/07/07 04:58:34 [GET] /style.css 192.168.10.12:41162 214.292µs
2025/07/07 04:58:34 [GET] /script.js 192.168.10.12:41176 179.271µs
2025/07/07 04:58:34 [GET] /style.css 192.168.10.12:41168 260.658µs
2025/07/07 04:58:34 [GET] /script.js 192.168.10.12:41168 227.521µs
2025/07/07 05:19:13 [GET] / 192.168.10.12:51938 1.680668ms
2025/07/07 05:19:13 [GET] /style.css 192.168.10.12:51938 187.272µs
2025/07/07 05:19:13 [GET] /script.js 192.168.10.12:51938 196.593µs
2025/07/07 05:19:13 [GET] /favicon.ico 192.168.10.12:51938 30.679µs
2025/07/07 05:22:17 [GET] / 192.168.10.12:33616 680.575µs
2025/07/07 05:22:18 [GET] /style.css 192.168.10.12:33616 382.357µs
2025/07/07 05:22:18 [GET] /script.js 192.168.10.12:33618 354.948µs
2025/07/07 05:22:18 [GET] / 192.168.10.12:33618 718.777µs
2025/07/07 05:22:18 [GET] /style.css 192.168.10.12:33618 378.863µs
2025/07/07 05:22:18 [GET] /script.js 192.168.10.12:33616 313.145µs
2025/07/07 05:27:20 [GET] / 192.168.10.15:37214 539.766µs
2025/07/07 05:27:20 [GET] /style.css 192.168.10.15:37214 314.653µs
2025/07/07 05:27:20 [GET] /script.js 192.168.10.15:37216 396.388µs
2025/07/07 05:27:21 [GET] / 192.168.10.15:37216 657.157µs
2025/07/07 05:27:21 [GET] /style.css 192.168.10.15:37216 363.241µs
2025/07/07 05:27:21 [GET] /script.js 192.168.10.15:37214 397.886µs
2025/07/07 08:54:20 🚀 Servidor iniciado em http://localhost:5571
2025/07/07 08:54:20    Servindo diretório: www
2025/07/07 08:54:20    Live Reload: Ativado
2025/07/07 08:54:20    Logs sendo gravados em: server.log
2025/07/07 08:54:28 [GET] / 192.168.10.15:59030 38.073986ms
2025/07/07 08:54:28 [GET] /style.css 192.168.10.15:59030 42.457346ms
2025/07/07 08:54:28 [GET] /script.js 192.168.10.15:59040 40.226122ms
2025/07/07 08:54:28 [GET] /favicon.ico 192.168.10.15:59040 39.604µs
2025/07/07 09:05:08 [GET] / 192.168.10.12:33454 360.217µs
2025/07/07 09:05:08 [GET] /style.css 192.168.10.12:33454 208.146µs
2025/07/07 09:05:08 [GET] /script.js 192.168.10.12:33454 217.994µs
2025/07/07 09:05:08 [GET] /favicon.ico 192.168.10.12:33454 27.557µs
2025/07/07 09:05:28 Mudança detectada em www/reinvent, enviando reload
2025/07/07 09:05:28 [GET] / 192.168.10.12:33454 248.264µs
2025/07/07 09:05:28 [GET] / 192.168.10.15:59460 270.717µs
2025/07/07 09:05:28 [GET] /style.css 192.168.10.12:33454 588.104µs
2025/07/07 09:05:28 [GET] /script.js 192.168.10.12:33462 610.666µs
2025/07/07 09:05:28 [GET] /style.css 192.168.10.15:59460 166.379µs
2025/07/07 09:05:28 [GET] /script.js 192.168.10.15:59460 186.524µs
2025/07/07 09:30:11 Mudança detectada em www/adeus, enviando reload
2025/07/07 09:30:12 [GET] / 192.168.10.15:60178 287.205µs
2025/07/07 09:30:12 [GET] /style.css 192.168.10.15:60178 227.651µs
2025/07/07 09:30:12 [GET] /script.js 192.168.10.15:60184 177.884µs
2025/07/07 09:30:17 Mudança detectada em www/*, enviando reload
2025/07/07 09:30:18 [GET] / 192.168.10.15:60184 344.735µs
2025/07/07 09:30:18 [GET] /script.js 192.168.10.15:60178 249.489µs
2025/07/07 09:30:18 [GET] /style.css 192.168.10.15:60184 157.468µs
2025/07/07 09:31:41 Mudança detectada em www/storage.js, enviando js-update
2025/07/07 09:31:41 [GET] / 192.168.10.15:60178 276.973µs
2025/07/07 09:31:41 [GET] /style.css 192.168.10.15:60178 209.781µs
2025/07/07 09:31:41 [GET] /script.js 192.168.10.15:60184 142.001µs
2025/07/07 09:32:04 Mudança detectada em www/storage.js, enviando js-update
2025/07/07 09:32:04 [GET] / 192.168.10.15:60184 606.35µs
2025/07/07 09:32:04 [GET] /style.css 192.168.10.15:60184 193.783µs
2025/07/07 09:32:04 [GET] /script.js 192.168.10.15:60178 146.229µs
2025/07/07 09:32:13 Mudança detectada em www/vcard.js, enviando js-update
2025/07/07 09:32:13 [GET] / 192.168.10.15:60178 334.324µs
2025/07/07 09:32:13 [GET] /style.css 192.168.10.15:60178 227.407µs
2025/07/07 09:32:13 [GET] /script.js 192.168.10.15:60184 235.598µs
2025/07/07 09:32:15 Mudança detectada em www/vcard.js, enviando js-update
2025/07/07 09:32:15 [GET] / 192.168.10.15:60184 356.373µs
2025/07/07 09:32:15 [GET] /style.css 192.168.10.15:60184 264.475µs
2025/07/07 09:32:15 [GET] /script.js 192.168.10.15:60178 161.506µs
2025/07/07 09:32:18 Mudança detectada em www/vcard.js, enviando js-update
2025/07/07 09:32:18 [GET] / 192.168.10.15:60178 621.916µs
2025/07/07 09:32:18 [GET] /style.css 192.168.10.15:60178 192.037µs
2025/07/07 09:32:18 [GET] /script.js 192.168.10.15:60184 322.387µs
2025/07/07 09:32:26 Mudança detectada em www/ui.js, enviando js-update
2025/07/07 09:32:26 [GET] / 192.168.10.15:60184 471.276µs
2025/07/07 09:32:26 [GET] /style.css 192.168.10.15:60184 342.145µs
2025/07/07 09:32:26 [GET] /script.js 192.168.10.15:60178 255.134µs
2025/07/07 09:32:28 Mudança detectada em www/ui.js, enviando js-update
2025/07/07 09:32:28 [GET] / 192.168.10.15:60178 254.055µs
2025/07/07 09:32:28 [GET] /style.css 192.168.10.15:60178 219.613µs
2025/07/07 09:32:28 [GET] /script.js 192.168.10.15:60184 184.011µs
2025/07/07 09:32:43 Mudança detectada em www/app.js, enviando js-update
2025/07/07 09:32:43 [GET] / 192.168.10.15:60184 291.092µs
2025/07/07 09:32:43 [GET] /style.css 192.168.10.15:60184 381.342µs
2025/07/07 09:32:43 [GET] /script.js 192.168.10.15:60178 750.953µs
2025/07/07 09:32:45 Mudança detectada em www/app.js, enviando js-update
2025/07/07 09:32:45 [GET] / 192.168.10.15:60178 263.044µs
2025/07/07 09:32:45 [GET] /style.css 192.168.10.15:60178 178.11µs
2025/07/07 09:32:45 [GET] /script.js 192.168.10.15:60184 138.631µs
2025/07/07 09:33:08 Mudança detectada em www/js, enviando reload
2025/07/07 09:33:08 [GET] / 192.168.10.15:60184 255.378µs
2025/07/07 09:33:08 [GET] /style.css 192.168.10.15:60184 174.811µs
2025/07/07 09:33:08 [GET] /script.js 192.168.10.15:60184 160.586µs
2025/07/07 09:35:48 Mudança detectada em www/index.html, enviando reload
2025/07/07 09:35:48 [GET] / 192.168.10.15:60184 262.38µs
2025/07/07 09:35:48 [GET] /style.css 192.168.10.15:60184 195.299µs
2025/07/07 09:35:48 [GET] /js/app.js 192.168.10.15:60178 110.31µs
2025/07/07 09:35:48 [GET] /js/storage.js 192.168.10.15:60178 110.704µs
2025/07/07 09:35:48 [GET] /js/ui.js 192.168.10.15:60184 184.325µs
2025/07/07 09:35:48 [GET] /js/vcard.js 192.168.10.15:37442 128.393µs
2025/07/07 09:35:52 [GET] / 192.168.10.12:45754 249.836µs
2025/07/07 09:35:52 [GET] /js/app.js 192.168.10.12:45762 179.203µs
2025/07/07 09:35:52 [GET] /style.css 192.168.10.12:45754 433.678µs
2025/07/07 09:35:52 [GET] /js/storage.js 192.168.10.12:45754 103.214µs
2025/07/07 09:35:52 [GET] /js/ui.js 192.168.10.12:45762 144.028µs
2025/07/07 09:35:52 [GET] /js/vcard.js 192.168.10.12:45792 132.599µs
2025/07/07 09:35:52 [GET] /favicon.ico 192.168.10.12:45792 35.954µs
2025/07/07 09:36:20 Mudança detectada em www/index.html, enviando reload
2025/07/07 09:36:20 [GET] / 192.168.10.12:45792 292.66µs
2025/07/07 09:36:20 [GET] /style.css 192.168.10.12:45792 185.767µs
2025/07/07 09:36:20 [GET] /js/app.js 192.168.10.12:45792 121.463µs
2025/07/07 09:36:20 [GET] /js/storage.js 192.168.10.12:45792 70.143µs
2025/07/07 09:36:20 [GET] /js/vcard.js 192.168.10.12:45754 141.449µs
2025/07/07 09:36:20 [GET] /js/ui.js 192.168.10.12:45762 95.061µs
2025/07/07 09:36:20 [GET] / 192.168.10.15:37442 301.536µs
2025/07/07 09:36:20 [GET] /style.css 192.168.10.15:37442 232.59µs
2025/07/07 09:36:20 [GET] /js/app.js 192.168.10.15:60184 204.719µs
2025/07/07 09:36:20 [GET] /js/storage.js 192.168.10.15:60184 75.63µs
2025/07/07 09:36:20 [GET] /js/vcard.js 192.168.10.15:60178 94.452µs
2025/07/07 09:36:20 [GET] /js/ui.js 192.168.10.15:37442 93.064µs
2025/07/07 09:38:01 [GET] / 192.168.10.12:45762 259.826µs
2025/07/07 09:38:01 [GET] /style.css 192.168.10.12:45762 159.548µs
2025/07/07 09:38:01 [GET] /js/app.js 192.168.10.12:45754 141.737µs
2025/07/07 09:38:01 [GET] /js/storage.js 192.168.10.12:45754 83.041µs
2025/07/07 09:38:01 [GET] /js/ui.js 192.168.10.12:45762 113.584µs
2025/07/07 09:38:01 [GET] /js/vcard.js 192.168.10.12:45792 190.096µs
2025/07/07 09:42:34 Mudança detectada em www/dividido, enviando reload
2025/07/07 09:42:34 [GET] / 192.168.10.12:45792 454.401µs
2025/07/07 09:42:34 [GET] /style.css 192.168.10.12:45792 197.198µs
2025/07/07 09:42:34 [GET] /js/app.js 192.168.10.12:45762 126.201µs
2025/07/07 09:42:34 [GET] /js/storage.js 192.168.10.12:45762 90.567µs
2025/07/07 09:42:34 [GET] /js/vcard.js 192.168.10.12:45754 74.606µs
2025/07/07 09:42:34 [GET] /js/ui.js 192.168.10.12:45792 91.172µs
2025/07/07 09:42:34 [GET] / 192.168.10.15:49410 329.867µs
2025/07/07 09:42:34 [GET] /style.css 192.168.10.15:49410 250.131µs
2025/07/07 09:42:34 [GET] /js/app.js 192.168.10.15:49412 168.969µs
2025/07/07 09:42:34 [GET] /js/storage.js 192.168.10.15:49412 94.615µs
2025/07/07 09:42:34 [GET] /js/ui.js 192.168.10.15:49410 139.265µs
2025/07/07 09:42:34 [GET] /js/vcard.js 192.168.10.15:49438 97.236µs
2025/07/07 09:45:56 Mudança detectada em www/index.html, enviando reload
2025/07/07 09:45:56 [GET] / 192.168.10.12:45792 267.328µs
2025/07/07 09:45:56 [GET] /style.css 192.168.10.12:45792 152.662µs
2025/07/07 09:45:56 [GET] /js/app.js 192.168.10.12:45754 97.151µs
2025/07/07 09:45:56 [GET] /js/storage.js 192.168.10.12:45754 67.926µs
2025/07/07 09:45:56 [GET] /js/ui.js 192.168.10.12:45792 242.177µs
2025/07/07 09:45:56 [GET] /js/vcard.js 192.168.10.12:45762 74.647µs
2025/07/07 09:45:56 [GET] / 192.168.10.15:49438 295.426µs
2025/07/07 09:45:56 [GET] /style.css 192.168.10.15:49438 222.063µs
2025/07/07 09:45:56 [GET] /js/app.js 192.168.10.15:49410 169.517µs
2025/07/07 09:45:56 [GET] /js/vcard.js 192.168.10.15:49412 88.512µs
2025/07/07 09:45:56 [GET] /js/ui.js 192.168.10.15:49438 95.903µs
2025/07/07 09:45:56 [GET] /js/storage.js 192.168.10.15:49410 46.918µs
2025/07/07 09:48:00 Mudança detectada em www/style.css, enviando css-update
2025/07/07 09:48:00 [GET] / 192.168.10.12:45762 256.59µs
2025/07/07 09:48:00 [GET] /js/app.js 192.168.10.12:45792 127.586µs
2025/07/07 09:48:00 [GET] /style.css 192.168.10.12:45762 76.278µs
2025/07/07 09:48:00 [GET] /js/storage.js 192.168.10.12:45762 79.425µs
2025/07/07 09:48:00 [GET] /js/ui.js 192.168.10.12:45792 84.094µs
2025/07/07 09:48:00 [GET] /js/vcard.js 192.168.10.12:45754 115.594µs
2025/07/07 09:48:00 [GET] / 192.168.10.15:49438 285.588µs
2025/07/07 09:48:00 [GET] /style.css 192.168.10.15:49438 240.118µs
2025/07/07 09:48:00 [GET] /js/app.js 192.168.10.15:49412 174.699µs
2025/07/07 09:48:00 [GET] /js/storage.js 192.168.10.15:49412 92.578µs
2025/07/07 09:48:00 [GET] /js/ui.js 192.168.10.15:49438 153.192µs
2025/07/07 09:48:00 [GET] /js/vcard.js 192.168.10.15:49410 63.732µs
2025/07/07 09:48:18 Mudança detectada em www/style.css, enviando css-update
2025/07/07 09:48:18 [GET] / 192.168.10.12:45754 279.187µs
2025/07/07 09:48:18 [GET] /style.css 192.168.10.12:45754 196.273µs
2025/07/07 09:48:18 [GET] /js/app.js 192.168.10.12:45754 144.55µs
2025/07/07 09:48:18 [GET] / 192.168.10.15:49410 390.165µs
2025/07/07 09:48:18 [GET] /js/storage.js 192.168.10.12:45754 131.463µs
2025/07/07 09:48:18 [GET] /js/ui.js 192.168.10.12:45792 96.46µs
2025/07/07 09:48:18 [GET] /js/vcard.js 192.168.10.12:45762 88.617µs
2025/07/07 09:48:18 [GET] /style.css 192.168.10.15:49410 376.847µs
2025/07/07 09:48:18 [GET] /js/app.js 192.168.10.15:49438 127.111µs
2025/07/07 09:48:18 [GET] /js/storage.js 192.168.10.15:49438 82.531µs
2025/07/07 09:48:18 [GET] /js/ui.js 192.168.10.15:49410 170.012µs
2025/07/07 09:48:18 [GET] /js/vcard.js 192.168.10.15:49410 147.751µs
2025/07/07 09:48:22 [GET] / 192.168.10.12:45762 677.695µs
2025/07/07 09:48:22 [GET] /style.css 192.168.10.12:45762 128.351µs
2025/07/07 09:48:22 [GET] /js/app.js 192.168.10.12:45762 114.52µs
2025/07/07 09:48:22 [GET] /js/ui.js 192.168.10.12:45792 101.275µs
2025/07/07 09:48:22 [GET] /js/vcard.js 192.168.10.12:45754 55.804µs
2025/07/07 09:48:22 [GET] /js/storage.js 192.168.10.12:45762 496.131µs
2025/07/07 09:48:33 Mudança detectada em www/style.css, enviando css-update
2025/07/07 09:48:33 [GET] / 192.168.10.12:45754 254.461µs
2025/07/07 09:48:33 [GET] /style.css 192.168.10.12:45754 143.952µs
2025/07/07 09:48:33 [GET] /js/app.js 192.168.10.12:45754 119.119µs
2025/07/07 09:48:33 [GET] /js/storage.js 192.168.10.12:45754 65.262µs
2025/07/07 09:48:33 [GET] /js/vcard.js 192.168.10.12:45762 66.133µs
2025/07/07 09:48:33 [GET] /js/ui.js 192.168.10.12:45792 252.1µs
2025/07/07 09:48:33 [GET] / 192.168.10.15:49410 288.563µs
2025/07/07 09:48:33 [GET] /style.css 192.168.10.15:49410 265.217µs
2025/07/07 09:48:33 [GET] /js/app.js 192.168.10.15:49410 148.236µs
2025/07/07 09:48:33 [GET] /js/storage.js 192.168.10.15:49410 75.024µs
2025/07/07 09:48:33 [GET] /js/ui.js 192.168.10.15:49438 130.325µs
2025/07/07 09:48:33 [GET] /js/vcard.js 192.168.10.15:49412 79.418µs
2025/07/07 09:51:30 Mudança detectada em www/design, enviando reload
2025/07/07 09:51:30 [GET] / 192.168.10.12:45792 780.949µs
2025/07/07 09:51:30 [GET] /style.css 192.168.10.12:45792 132.284µs
2025/07/07 09:51:30 [GET] /js/app.js 192.168.10.12:45762 69.12µs
2025/07/07 09:51:30 [GET] /js/storage.js 192.168.10.12:45762 105.798µs
2025/07/07 09:51:30 [GET] /js/vcard.js 192.168.10.12:45754 1.855823ms
2025/07/07 09:51:30 [GET] /js/ui.js 192.168.10.12:45792 1.939801ms
2025/07/07 09:51:30 [GET] / 192.168.10.15:49412 302.696µs
2025/07/07 09:51:30 [GET] /style.css 192.168.10.15:49412 277.763µs
2025/07/07 09:51:30 [GET] /js/app.js 192.168.10.15:49438 80.755µs
2025/07/07 09:51:30 [GET] /js/storage.js 192.168.10.15:49438 188.182µs
2025/07/07 09:51:30 [GET] /js/ui.js 192.168.10.15:49412 137.537µs
2025/07/07 09:51:30 [GET] /js/vcard.js 192.168.10.15:49410 107.694µs
2025/07/07 09:51:46 [GET] / 192.168.10.12:57976 256.907µs
2025/07/07 09:51:46 [GET] /style.css 192.168.10.12:57976 150.64µs
2025/07/07 09:51:46 [GET] /js/app.js 192.168.10.12:57992 102.032µs
2025/07/07 09:51:47 [GET] /js/storage.js 192.168.10.12:57992 72.783µs
2025/07/07 09:51:47 [GET] /js/ui.js 192.168.10.12:57976 248.474µs
2025/07/07 09:51:47 [GET] /js/vcard.js 192.168.10.12:57992 97.278µs
2025/07/07 09:54:09 Mudança detectada em www/style.css, enviando css-update
2025/07/07 09:54:09 [GET] / 192.168.10.12:33044 305.177µs
2025/07/07 09:54:09 [GET] /style.css 192.168.10.12:33044 230.4µs
2025/07/07 09:54:09 [GET] /js/app.js 192.168.10.12:33046 666.322µs
2025/07/07 09:54:09 [GET] /js/ui.js 192.168.10.12:33044 102.574µs
2025/07/07 09:54:09 [GET] /js/storage.js 192.168.10.12:33046 43.882µs
2025/07/07 09:54:09 [GET] /js/vcard.js 192.168.10.12:33060 114.043µs
2025/07/07 09:54:09 [GET] / 192.168.10.15:57292 299.257µs
2025/07/07 09:54:09 [GET] /style.css 192.168.10.15:57292 207.395µs
2025/07/07 09:54:09 [GET] /js/app.js 192.168.10.15:57304 191.942µs
2025/07/07 09:54:09 [GET] /js/storage.js 192.168.10.15:57304 118.595µs
2025/07/07 09:54:09 [GET] /js/ui.js 192.168.10.15:57292 154.111µs
2025/07/07 09:54:09 [GET] /js/vcard.js 192.168.10.15:57334 129.849µs
2025/07/07 09:58:26 Mudança detectada em www/index.html, enviando reload
2025/07/07 09:58:26 [GET] / 192.168.10.12:33060 374.08µs
2025/07/07 09:58:26 [GET] /style.css 192.168.10.12:33060 253.802µs
2025/07/07 09:58:26 [GET] /js/app.js 192.168.10.12:33060 154.612µs
2025/07/07 09:58:26 [GET] / 192.168.10.15:57334 379.245µs
2025/07/07 09:58:26 [GET] /style.css 192.168.10.15:57334 314.997µs
2025/07/07 09:58:26 [GET] /js/app.js 192.168.10.15:57292 132.205µs
2025/07/07 09:58:27 [GET] /js/storage.js 192.168.10.15:57292 163.823µs
2025/07/07 09:58:27 [GET] /js/ui.js 192.168.10.15:57334 126.797µs
2025/07/07 09:58:27 [GET] /js/vcard.js 192.168.10.15:57304 105.965µs
2025/07/07 09:58:27 [GET] /js/storage.js 192.168.10.12:33060 78.283µs
2025/07/07 09:58:27 [GET] /js/ui.js 192.168.10.12:33044 126.928µs
2025/07/07 09:58:27 [GET] /js/vcard.js 192.168.10.12:33046 112.309µs
2025/07/07 10:00:39 Mudança detectada em www/style.css, enviando css-update
2025/07/07 10:00:39 [GET] / 192.168.10.12:33046 254.172µs
2025/07/07 10:00:39 [GET] /style.css 192.168.10.12:33046 115.062µs
2025/07/07 10:00:39 [GET] /js/app.js 192.168.10.12:33044 98.119µs
2025/07/07 10:00:39 [GET] /js/storage.js 192.168.10.12:33044 66.752µs
2025/07/07 10:00:39 [GET] /js/ui.js 192.168.10.12:33046 399.577µs
2025/07/07 10:00:39 [GET] /js/vcard.js 192.168.10.12:33060 99.794µs
2025/07/07 10:00:39 [GET] / 192.168.10.15:57334 342.527µs
2025/07/07 10:00:39 [GET] /style.css 192.168.10.15:57334 282.384µs
2025/07/07 10:00:39 [GET] /js/app.js 192.168.10.15:57304 250.565µs
2025/07/07 10:00:39 [GET] /js/storage.js 192.168.10.15:57304 83.663µs
2025/07/07 10:00:39 [GET] /js/vcard.js 192.168.10.15:57292 69.672µs
2025/07/07 10:00:39 [GET] /js/ui.js 192.168.10.15:57334 104.29µs
2025/07/07 10:01:00 Mudança detectada em www/style.css, enviando css-update
2025/07/07 10:01:00 [GET] / 192.168.10.12:33060 584.707µs
2025/07/07 10:01:00 [GET] /style.css 192.168.10.12:33060 164.32µs
2025/07/07 10:01:00 [GET] /js/app.js 192.168.10.12:33060 134.848µs
2025/07/07 10:01:00 [GET] /js/storage.js 192.168.10.12:33060 112.475µs
2025/07/07 10:01:00 [GET] /js/ui.js 192.168.10.12:33046 97.161µs
2025/07/07 10:01:00 [GET] /js/vcard.js 192.168.10.12:33060 77.984µs
2025/07/07 10:01:01 [GET] / 192.168.10.15:57292 728.573µs
2025/07/07 10:01:01 [GET] /style.css 192.168.10.15:57292 273.013µs
2025/07/07 10:01:01 [GET] /js/app.js 192.168.10.15:57334 320.035µs
2025/07/07 10:01:01 [GET] /js/storage.js 192.168.10.15:57334 311.408µs
2025/07/07 10:01:01 [GET] /js/vcard.js 192.168.10.15:57304 187.786µs
2025/07/07 10:01:01 [GET] /js/ui.js 192.168.10.15:57292 244.679µs
2025/07/07 10:01:01 Mudança detectada em www/style.css, enviando css-update
2025/07/07 10:01:01 [GET] / 192.168.10.12:33060 319.982µs
2025/07/07 10:01:01 [GET] / 192.168.10.15:57292 8.861588ms
2025/07/07 10:01:01 [GET] /style.css 192.168.10.12:33060 123.628µs
2025/07/07 10:01:01 [GET] /js/app.js 192.168.10.12:33060 121.298µs
2025/07/07 10:01:01 [GET] /style.css 192.168.10.15:57292 172.145µs
2025/07/07 10:01:01 [GET] /js/app.js 192.168.10.15:57292 122.192µs
2025/07/07 10:01:01 [GET] /js/vcard.js 192.168.10.15:57334 95.88µs
2025/07/07 10:01:01 [GET] /js/ui.js 192.168.10.15:57304 90.625µs
2025/07/07 10:01:01 [GET] /js/storage.js 192.168.10.15:57292 66.138µs
2025/07/07 10:01:01 [GET] /js/storage.js 192.168.10.12:33060 83.152µs
2025/07/07 10:01:01 [GET] /js/ui.js 192.168.10.12:33046 139.377µs
2025/07/07 10:01:01 [GET] /js/vcard.js 192.168.10.12:33060 124.592µs
2025/07/07 10:01:14 Mudança detectada em www/style.css, enviando css-update
2025/07/07 10:01:14 [GET] / 192.168.10.12:33060 232.157µs
2025/07/07 10:01:14 [GET] /style.css 192.168.10.12:33060 122.977µs
2025/07/07 10:01:14 [GET] /js/app.js 192.168.10.12:33060 142.538µs
2025/07/07 10:01:14 [GET] /js/storage.js 192.168.10.12:33060 81.896µs
2025/07/07 10:01:14 [GET] /js/vcard.js 192.168.10.12:33044 58.615µs
2025/07/07 10:01:14 [GET] /js/ui.js 192.168.10.12:33046 65.111µs
2025/07/07 10:01:14 [GET] / 192.168.10.15:57304 285.131µs
2025/07/07 10:01:14 [GET] /style.css 192.168.10.15:57304 167.447µs
2025/07/07 10:01:14 [GET] /js/app.js 192.168.10.15:57304 430.482µs
2025/07/07 10:01:14 [GET] /js/vcard.js 192.168.10.15:57292 129.968µs
2025/07/07 10:01:14 [GET] /js/storage.js 192.168.10.15:57304 41.225µs
2025/07/07 10:01:14 [GET] /js/ui.js 192.168.10.15:57334 120.409µs
2025/07/07 10:03:42 Mudança detectada em www/style.css, enviando css-update
2025/07/07 10:03:42 [GET] / 192.168.10.12:33046 375.832µs
2025/07/07 10:03:43 [GET] /style.css 192.168.10.12:33046 149.921µs
2025/07/07 10:03:43 [GET] /js/app.js 192.168.10.12:33046 160.07µs
2025/07/07 10:03:43 [GET] / 192.168.10.15:57292 299.491µs
2025/07/07 10:03:43 [GET] /style.css 192.168.10.15:57292 161.262µs
2025/07/07 10:03:43 [GET] /js/app.js 192.168.10.15:57334 165.991µs
2025/07/07 10:03:43 [GET] /js/storage.js 192.168.10.15:57334 108.833µs
2025/07/07 10:03:43 [GET] /js/ui.js 192.168.10.15:57292 112.849µs
2025/07/07 10:03:43 [GET] /js/vcard.js 192.168.10.15:57304 124.231µs
2025/07/07 10:03:43 [GET] /js/storage.js 192.168.10.12:33046 114.938µs
2025/07/07 10:03:43 [GET] /js/ui.js 192.168.10.12:33044 354.255µs
2025/07/07 10:03:43 [GET] /js/vcard.js 192.168.10.12:33060 131.3µs
2025/07/07 10:04:02 Mudança detectada em www/style.css, enviando css-update
2025/07/07 10:04:02 [GET] / 192.168.10.12:33060 243.561µs
2025/07/07 10:04:02 [GET] /style.css 192.168.10.12:33060 112.718µs
2025/07/07 10:04:02 [GET] /js/app.js 192.168.10.12:33044 74.742µs
2025/07/07 10:04:02 [GET] / 192.168.10.15:57304 259.34µs
2025/07/07 10:04:02 [GET] /style.css 192.168.10.15:57304 136.954µs
2025/07/07 10:04:02 [GET] /js/app.js 192.168.10.15:57292 150.772µs
2025/07/07 10:04:02 [GET] /js/storage.js 192.168.10.12:33044 66.704µs
2025/07/07 10:04:02 [GET] /js/ui.js 192.168.10.12:33060 98.854µs
2025/07/07 10:04:02 [GET] /js/vcard.js 192.168.10.12:33046 102.435µs
2025/07/07 10:04:02 [GET] /js/vcard.js 192.168.10.15:57334 118.925µs
2025/07/07 10:04:02 [GET] /js/ui.js 192.168.10.15:57304 80.596µs
2025/07/07 10:04:02 [GET] /js/storage.js 192.168.10.15:57292 35.955µs
2025/07/07 10:04:04 Mudança detectada em www/style.css, enviando css-update
2025/07/07 10:04:04 [GET] / 192.168.10.12:33046 328.238µs
2025/07/07 10:04:04 [GET] /style.css 192.168.10.12:33046 102.986µs
2025/07/07 10:04:04 [GET] /js/app.js 192.168.10.12:33060 108.998µs
2025/07/07 10:04:04 [GET] /js/storage.js 192.168.10.12:33060 68.033µs
2025/07/07 10:04:04 [GET] /js/ui.js 192.168.10.12:33046 112.145µs
2025/07/07 10:04:04 [GET] /js/vcard.js 192.168.10.12:33044 62.106µs
2025/07/07 10:04:04 [GET] / 192.168.10.15:57304 2.104845ms
2025/07/07 10:04:04 [GET] /style.css 192.168.10.15:57304 148.137µs
2025/07/07 10:04:04 [GET] /js/app.js 192.168.10.15:57334 99.204µs
2025/07/07 10:04:04 [GET] /js/vcard.js 192.168.10.15:57292 99.942µs
2025/07/07 10:04:04 [GET] /js/ui.js 192.168.10.15:57334 85.79µs
2025/07/07 10:04:04 [GET] /js/storage.js 192.168.10.15:57304 37.425µs
2025/07/07 10:04:05 Mudança detectada em www/style.css, enviando css-update
2025/07/07 10:04:05 [GET] / 192.168.10.12:33044 324.01µs
2025/07/07 10:04:05 [GET] /style.css 192.168.10.12:33044 130.647µs
2025/07/07 10:04:05 [GET] /js/app.js 192.168.10.12:33044 121.472µs
2025/07/07 10:04:05 [GET] / 192.168.10.15:57334 761.921µs
2025/07/07 10:04:05 [GET] /style.css 192.168.10.15:57334 170.04µs
2025/07/07 10:04:05 [GET] /js/storage.js 192.168.10.12:33044 68.365µs
2025/07/07 10:04:05 [GET] /js/ui.js 192.168.10.12:33046 65.186µs
2025/07/07 10:04:05 [GET] /js/vcard.js 192.168.10.12:33060 69.17µs
2025/07/07 10:04:05 [GET] /js/app.js 192.168.10.15:57334 211.003µs
2025/07/07 10:04:05 [GET] /js/storage.js 192.168.10.15:57334 77.955µs
2025/07/07 10:04:05 [GET] /js/ui.js 192.168.10.15:57292 89.969µs
2025/07/07 10:04:05 [GET] /js/vcard.js 192.168.10.15:57304 93.624µs
2025/07/07 10:06:41 Mudança detectada em www/style.css, enviando css-update
2025/07/07 10:06:41 [GET] / 192.168.10.12:33060 284.362µs
2025/07/07 10:06:41 [GET] / 192.168.10.15:57304 380.25µs
2025/07/07 10:06:41 [GET] /style.css 192.168.10.12:33060 154.712µs
2025/07/07 10:06:41 [GET] /js/app.js 192.168.10.12:33060 156.132µs
2025/07/07 10:06:41 [GET] /js/app.js 192.168.10.15:57292 117.211µs
2025/07/07 10:06:41 [GET] /style.css 192.168.10.15:57304 186.506µs
2025/07/07 10:06:41 [GET] /js/storage.js 192.168.10.15:57304 88.375µs
2025/07/07 10:06:41 [GET] /js/ui.js 192.168.10.15:57292 136.292µs
2025/07/07 10:06:41 [GET] /js/vcard.js 192.168.10.15:57334 76.86µs
2025/07/07 10:06:42 [GET] /js/storage.js 192.168.10.12:33060 80.269µs
2025/07/07 10:06:42 [GET] /js/ui.js 192.168.10.12:33046 106.011µs
2025/07/07 10:06:42 [GET] /js/vcard.js 192.168.10.12:33046 163.238µs
2025/07/07 10:07:50 Mudança detectada em www/style-main.css, enviando css-update
2025/07/07 10:07:50 [GET] / 192.168.10.12:33046 3.066102ms
2025/07/07 10:07:50 [GET] /style.css 192.168.10.12:33046 113.135µs
2025/07/07 10:07:50 [GET] /js/app.js 192.168.10.12:33046 112.923µs
2025/07/07 10:07:50 [GET] / 192.168.10.15:57292 259.236µs
2025/07/07 10:07:50 [GET] /style.css 192.168.10.15:57292 151.631µs
2025/07/07 10:07:50 [GET] /js/app.js 192.168.10.15:57334 150.38µs
2025/07/07 10:07:50 [GET] /js/storage.js 192.168.10.12:33046 68.517µs
2025/07/07 10:07:50 [GET] /js/ui.js 192.168.10.12:33046 182.812µs
2025/07/07 10:07:50 [GET] /js/vcard.js 192.168.10.12:33046 146.478µs
2025/07/07 10:07:50 [GET] /js/ui.js 192.168.10.15:57292 112.507µs
2025/07/07 10:07:50 [GET] /js/vcard.js 192.168.10.15:57304 62.993µs
2025/07/07 10:07:50 [GET] /js/storage.js 192.168.10.15:57334 2.61914ms
2025/07/07 10:08:07 Mudança detectada em www/style-app.css, enviando css-update
2025/07/07 10:08:07 [GET] / 192.168.10.12:33046 299.789µs
2025/07/07 10:08:07 [GET] / 192.168.10.15:57304 301.086µs
2025/07/07 10:08:07 [GET] /style.css 192.168.10.12:33046 135.076µs
2025/07/07 10:08:07 [GET] /js/app.js 192.168.10.12:33046 108.393µs
2025/07/07 10:08:07 [GET] /style.css 192.168.10.15:57304 180.047µs
2025/07/07 10:08:07 [GET] /js/app.js 192.168.10.15:57292 126.191µs
2025/07/07 10:08:07 [GET] /js/storage.js 192.168.10.15:57292 80.138µs
2025/07/07 10:08:07 [GET] /js/ui.js 192.168.10.15:57304 1.304998ms
2025/07/07 10:08:07 [GET] /js/vcard.js 192.168.10.15:57334 114.218µs
2025/07/07 10:08:07 [GET] /js/ui.js 192.168.10.12:33060 133.263µs
2025/07/07 10:08:07 [GET] /js/storage.js 192.168.10.12:33046 34.783µs
2025/07/07 10:08:07 [GET] /js/vcard.js 192.168.10.12:33060 106.53µs
2025/07/07 10:08:51 Mudança detectada em www/css, enviando reload
2025/07/07 10:08:51 [GET] / 192.168.10.12:33060 341.788µs
2025/07/07 10:08:51 [GET] /style.css 192.168.10.12:33060 151.905µs
2025/07/07 10:08:51 [GET] /js/app.js 192.168.10.12:33060 119.932µs
2025/07/07 10:08:51 [GET] /js/storage.js 192.168.10.12:33060 71.71µs
2025/07/07 10:08:51 [GET] /js/ui.js 192.168.10.12:33060 107.341µs
2025/07/07 10:08:51 [GET] /js/vcard.js 192.168.10.12:33060 112.891µs
2025/07/07 10:08:51 [GET] / 192.168.10.15:57334 288.71µs
2025/07/07 10:08:51 [GET] /style.css 192.168.10.15:57334 169.476µs
2025/07/07 10:08:51 [GET] /js/app.js 192.168.10.15:57334 673.861µs
2025/07/07 10:08:51 [GET] /js/storage.js 192.168.10.15:57334 100.854µs
2025/07/07 10:08:51 [GET] /js/ui.js 192.168.10.15:57304 95.125µs
2025/07/07 10:08:51 [GET] /js/vcard.js 192.168.10.15:57292 110.033µs
2025/07/07 10:11:18 Mudança detectada em www/index.html, enviando reload
2025/07/07 10:11:18 [GET] / 192.168.10.12:33060 524.454µs
2025/07/07 10:11:18 [GET] /style.css 192.168.10.12:33060 219.912µs
2025/07/07 10:11:18 [GET] /js/app.js 192.168.10.12:33060 169.758µs
2025/07/07 10:11:18 [GET] / 192.168.10.15:57292 483.305µs
2025/07/07 10:11:18 [GET] /style.css 192.168.10.15:57292 217.865µs
2025/07/07 10:11:18 [GET] /js/app.js 192.168.10.15:57304 112.764µs
2025/07/07 10:11:18 [GET] /js/storage.js 192.168.10.15:57304 90.755µs
2025/07/07 10:11:18 [GET] /js/vcard.js 192.168.10.15:57334 57.62µs
2025/07/07 10:11:18 [GET] /js/ui.js 192.168.10.15:57292 109.777µs
2025/07/07 10:11:18 [GET] /js/storage.js 192.168.10.12:33060 138.584µs
2025/07/07 10:11:18 [GET] /js/ui.js 192.168.10.12:33046 245.342µs
2025/07/07 10:11:18 [GET] /js/vcard.js 192.168.10.12:33046 114.569µs
2025/07/07 10:11:53 [GET] / 192.168.10.12:33046 653.083µs
2025/07/07 10:11:53 [GET] /style.css 192.168.10.12:33046 256.166µs
2025/07/07 10:11:53 [GET] /js/app.js 192.168.10.12:33060 239.666µs
2025/07/07 10:11:53 [GET] /js/storage.js 192.168.10.12:33060 77.896µs
2025/07/07 10:11:53 [GET] /js/ui.js 192.168.10.12:33046 80.046µs
2025/07/07 10:11:53 [GET] /js/vcard.js 192.168.10.12:54632 75.27µs
2025/07/07 10:12:15 Mudança detectada em www/d.css, enviando css-update
2025/07/07 10:12:15 [GET] / 192.168.10.12:54632 440.878µs
2025/07/07 10:12:15 [GET] /style.css 192.168.10.12:54632 27.567µs
2025/07/07 10:12:15 [GET] /js/app.js 192.168.10.12:33046 111.368µs
2025/07/07 10:12:15 [GET] /js/storage.js 192.168.10.12:33046 78.726µs
2025/07/07 10:12:15 [GET] /js/ui.js 192.168.10.12:54632 105.11µs
2025/07/07 10:12:15 [GET] /js/vcard.js 192.168.10.12:33060 58.203µs
2025/07/07 10:12:15 [GET] / 192.168.10.15:57292 398.257µs
2025/07/07 10:12:15 [GET] /style.css 192.168.10.15:57292 32.405µs
2025/07/07 10:12:15 [GET] /js/app.js 192.168.10.15:57334 125.776µs
2025/07/07 10:12:15 [GET] /js/storage.js 192.168.10.15:57334 158.128µs
2025/07/07 10:12:15 [GET] /js/ui.js 192.168.10.15:57292 168.404µs
2025/07/07 10:12:15 [GET] /js/vcard.js 192.168.10.15:57304 66.838µs
2025/07/07 10:12:23 Mudança detectada em www/style.css, enviando css-update
2025/07/07 10:12:23 [GET] / 192.168.10.12:33060 275.519µs
2025/07/07 10:12:23 [GET] /style.css 192.168.10.12:33060 122.467µs
2025/07/07 10:12:23 [GET] /js/app.js 192.168.10.12:33060 123.302µs
2025/07/07 10:12:23 [GET] /js/storage.js 192.168.10.12:33060 82.538µs
2025/07/07 10:12:23 [GET] /js/ui.js 192.168.10.12:54632 90.021µs
2025/07/07 10:12:23 [GET] /js/vcard.js 192.168.10.12:33046 69.506µs
2025/07/07 10:12:23 [GET] / 192.168.10.15:57304 264.147µs
2025/07/07 10:12:23 [GET] /style.css 192.168.10.15:57304 186.88µs
2025/07/07 10:12:23 [GET] /js/app.js 192.168.10.15:57304 152.457µs
2025/07/07 10:12:23 [GET] /js/storage.js 192.168.10.15:57304 109.652µs
2025/07/07 10:12:23 [GET] /js/vcard.js 192.168.10.15:57334 72.435µs
2025/07/07 10:12:23 [GET] /js/ui.js 192.168.10.15:57292 95.748µs
2025/07/07 10:12:39 [GET] / 192.168.10.12:54632 291.609µs
2025/07/07 10:12:39 [GET] /style.css 192.168.10.12:54632 299.376µs
2025/07/07 10:12:39 [GET] /js/app.js 192.168.10.12:33046 116.47µs
2025/07/07 10:12:39 [GET] /js/storage.js 192.168.10.12:33046 74.442µs
2025/07/07 10:12:39 [GET] /js/ui.js 192.168.10.12:54632 93.612µs
2025/07/07 10:12:39 [GET] /js/vcard.js 192.168.10.12:33060 88.31µs
2025/07/07 10:14:20 Mudança detectada em www/index.html, enviando reload
2025/07/07 10:14:20 [GET] / 192.168.10.12:33060 323.548µs
2025/07/07 10:14:20 [GET] /css/theme.css 192.168.10.12:33060 76.587µs
2025/07/07 10:14:20 [GET] /css/landing.css 192.168.10.12:54632 123.013µs
2025/07/07 10:14:20 [GET] /css/app.css 192.168.10.12:33046 146.294µs
2025/07/07 10:14:20 [GET] / 192.168.10.15:57334 404.349µs
2025/07/07 10:14:20 [GET] /css/theme.css 192.168.10.15:57334 85.507µs
2025/07/07 10:14:20 [GET] /css/landing.css 192.168.10.15:57292 67.37µs
2025/07/07 10:14:20 [GET] /css/app.css 192.168.10.15:57304 95.18µs
2025/07/07 10:14:41 Mudança detectada em www/index.html, enviando reload
2025/07/07 10:14:43 [GET] / 192.168.10.12:33046 239.628µs
2025/07/07 10:14:43 [GET] /css/theme.css 192.168.10.12:33046 65.002µs
2025/07/07 10:14:43 [GET] /css/landing.css 192.168.10.12:33046 112.965µs
2025/07/07 10:14:43 [GET] /css/app.css 192.168.10.12:54632 119.937µs
2025/07/07 10:14:43 [GET] /js/app.js 192.168.10.12:33060 66.182µs
2025/07/07 10:14:43 [GET] /js/storage.js 192.168.10.12:33060 77.316µs
2025/07/07 10:14:43 [GET] /js/ui.js 192.168.10.12:54632 68.55µs
2025/07/07 10:14:43 [GET] /js/vcard.js 192.168.10.12:33046 117.314µs
2025/07/07 10:14:58 Mudança detectada em www/index.html, enviando reload
2025/07/07 10:14:58 [GET] / 192.168.10.12:33046 243.526µs
2025/07/07 10:14:58 [GET] /css/theme.css 192.168.10.12:33046 79.603µs
2025/07/07 10:14:58 [GET] /css/landing.css 192.168.10.12:54632 137.89µs
2025/07/07 10:14:58 [GET] /css/app.css 192.168.10.12:33060 143.392µs
2025/07/07 10:14:58 [GET] /js/app.js 192.168.10.12:33060 111.174µs
2025/07/07 10:14:58 [GET] /js/storage.js 192.168.10.12:33060 90.629µs
2025/07/07 10:14:58 [GET] /js/ui.js 192.168.10.12:33060 144.614µs
2025/07/07 10:14:58 [GET] /js/vcard.js 192.168.10.12:54632 111.696µs
2025/07/07 10:16:30 [GET] / 192.168.10.12:54632 626.004µs
2025/07/07 10:16:30 [GET] /css/theme.css 192.168.10.12:54632 103.956µs
2025/07/07 10:16:30 [GET] /css/landing.css 192.168.10.12:54632 143.213µs
2025/07/07 10:16:30 [GET] /css/app.css 192.168.10.12:33060 159.811µs
2025/07/07 10:16:30 [GET] /js/app.js 192.168.10.12:33046 124.314µs
2025/07/07 10:16:30 [GET] /js/storage.js 192.168.10.12:33046 61.451µs
2025/07/07 10:16:30 [GET] /js/vcard.js 192.168.10.12:54632 89.434µs
2025/07/07 10:16:30 [GET] /js/ui.js 192.168.10.12:33060 121.294µs
2025/07/07 10:19:28 [GET] / 192.168.10.12:48934 279.756µs
2025/07/07 10:19:28 [GET] /css/theme.css 192.168.10.12:48934 82.303µs
2025/07/07 10:19:28 [GET] /css/app.css 192.168.10.12:48952 111.59µs
2025/07/07 10:19:28 [GET] /css/landing.css 192.168.10.12:48950 121.059µs
2025/07/07 10:19:28 [GET] /js/app.js 192.168.10.12:48954 130.983µs
2025/07/07 10:19:29 [GET] /js/storage.js 192.168.10.12:48950 82.567µs
2025/07/07 10:19:29 [GET] /js/ui.js 192.168.10.12:48952 128.905µs
2025/07/07 10:19:29 [GET] /js/vcard.js 192.168.10.12:48954 106.686µs
2025/07/07 10:20:40 [GET] / 192.168.10.12:33060 242.384µs
2025/07/07 10:20:40 [GET] /css/theme.css 192.168.10.12:33060 97.903µs
2025/07/07 10:20:40 [GET] /css/landing.css 192.168.10.12:54632 88.926µs
2025/07/07 10:20:40 [GET] /css/app.css 192.168.10.12:33046 89.773µs
2025/07/07 10:20:40 [GET] /js/app.js 192.168.10.12:36474 131.043µs
2025/07/07 10:20:40 [GET] /js/storage.js 192.168.10.12:36474 72.478µs
2025/07/07 10:20:40 [GET] /js/ui.js 192.168.10.12:33046 74.966µs
2025/07/07 10:20:40 [GET] /js/vcard.js 192.168.10.12:54632 48.331µs
2025/07/07 10:23:57 [GET] / 192.168.10.12:44928 535.31µs
2025/07/07 10:23:57 [GET] /css/theme.css 192.168.10.12:44928 75.134µs
2025/07/07 10:23:57 [GET] /css/landing.css 192.168.10.12:44942 154.319µs
2025/07/07 10:23:57 [GET] /css/app.css 192.168.10.12:44956 220.12µs
2025/07/07 10:23:57 [GET] /js/app.js 192.168.10.12:44960 115.576µs
2025/07/07 10:23:58 [GET] /js/storage.js 192.168.10.12:44960 67.119µs
2025/07/07 10:23:58 [GET] /js/ui.js 192.168.10.12:44956 87.228µs
2025/07/07 10:23:58 [GET] /js/vcard.js 192.168.10.12:44942 69.467µs
2025/07/07 10:25:25 [GET] / 192.168.10.12:44942 726.769µs
2025/07/07 10:25:25 [GET] /css/theme.css 192.168.10.12:44942 75.442µs
2025/07/07 10:25:25 [GET] /css/app.css 192.168.10.12:44960 119.462µs
2025/07/07 10:25:25 [GET] /css/landing.css 192.168.10.12:44956 165.063µs
2025/07/07 10:25:25 [GET] /js/app.js 192.168.10.12:44928 109.415µs
2025/07/07 10:25:25 [GET] /js/storage.js 192.168.10.12:44928 149.95µs
2025/07/07 10:25:25 [GET] /js/vcard.js 192.168.10.12:44956 73.585µs
2025/07/07 10:25:25 [GET] /js/ui.js 192.168.10.12:44960 85.948µs
2025/07/07 10:25:39 [GET] / 192.168.10.12:44960 587.283µs
2025/07/07 10:25:39 [GET] /css/theme.css 192.168.10.12:44960 101.247µs
2025/07/07 10:25:39 [GET] /css/landing.css 192.168.10.12:44956 177.24µs
2025/07/07 10:25:39 [GET] /css/app.css 192.168.10.12:44928 229.346µs
2025/07/07 10:25:39 [GET] /js/app.js 192.168.10.12:44942 161.522µs
2025/07/07 10:25:39 [GET] /js/storage.js 192.168.10.12:44942 75.317µs
2025/07/07 10:25:39 [GET] /js/vcard.js 192.168.10.12:44956 56.521µs
2025/07/07 10:25:39 [GET] /js/ui.js 192.168.10.12:44928 294.633µs
2025/07/07 10:33:52 Mudança detectada em www/index.html, enviando reload
2025/07/07 10:33:52 [GET] / 192.168.10.12:39708 412.993µs
2025/07/07 10:33:52 [GET] / 192.168.10.12:39716 383.789µs
2025/07/07 10:33:52 [GET] /css/theme.css 192.168.10.12:39708 54.523µs
2025/07/07 10:33:52 [GET] /css/theme.css 192.168.10.12:39716 80.181µs
2025/07/07 10:33:52 [GET] /css/landing.css 192.168.10.12:39732 124.764µs
2025/07/07 10:33:53 [GET] /css/landing.css 192.168.10.12:39746 149.989µs
2025/07/07 10:33:53 [GET] /css/app.css 192.168.10.12:39762 109.902µs
2025/07/07 10:33:53 [GET] /css/app.css 192.168.10.12:39772 106.962µs
2025/07/07 10:34:03 Mudança detectada em www/index.html, enviando reload
2025/07/07 10:34:10 Mudança detectada em www/index.html, enviando reload
2025/07/07 10:34:14 Mudança detectada em www/index.html, enviando reload
2025/07/07 10:34:16 Mudança detectada em www/index.html, enviando reload
2025/07/07 10:35:00 [GET] / 192.168.10.12:39772 366.69µs
2025/07/07 10:35:00 [GET] /css/app.css 192.168.10.12:39716 142.249µs
2025/07/07 10:35:00 [GET] /css/landing.css 192.168.10.12:39732 70.858µs
2025/07/07 10:35:00 [GET] /js/app.js 192.168.10.12:41690 101.802µs
2025/07/07 10:35:00 [GET] /css/theme.css 192.168.10.12:39772 30.786µs
2025/07/07 10:35:00 [GET] /js/storage.js 192.168.10.12:41690 71.377µs
2025/07/07 10:35:00 [GET] /js/vcard.js 192.168.10.12:39716 60.904µs
2025/07/07 10:35:00 [GET] /js/ui.js 192.168.10.12:39732 139.82µs
2025/07/07 10:35:04 [GET] / 192.168.10.12:39732 10.722679ms
2025/07/07 10:35:04 [GET] /css/theme.css 192.168.10.12:39732 64.913µs
2025/07/07 10:35:04 [GET] /css/landing.css 192.168.10.12:39716 120.991µs
2025/07/07 10:35:04 [GET] /css/app.css 192.168.10.12:41690 119.47µs
2025/07/07 10:35:04 [GET] /js/app.js 192.168.10.12:39772 124.969µs
2025/07/07 10:35:04 [GET] /js/storage.js 192.168.10.12:39772 95.722µs
2025/07/07 10:35:04 [GET] /js/ui.js 192.168.10.12:41690 78.576µs
2025/07/07 10:35:04 [GET] /js/vcard.js 192.168.10.12:39716 55.968µs
2025/07/07 10:35:22 [GET] / 192.168.10.12:39716 262.926µs
2025/07/07 10:35:22 [GET] /css/theme.css 192.168.10.12:39716 75.255µs
2025/07/07 10:35:22 [GET] /css/landing.css 192.168.10.12:39716 116.904µs
2025/07/07 10:35:22 [GET] /css/app.css 192.168.10.12:41690 201.823µs
2025/07/07 10:35:22 [GET] /js/app.js 192.168.10.12:39772 122.384µs
2025/07/07 10:35:22 [GET] /js/storage.js 192.168.10.12:39772 74.541µs
2025/07/07 10:35:22 [GET] /js/ui.js 192.168.10.12:41690 138.66µs
2025/07/07 10:35:22 [GET] /js/vcard.js 192.168.10.12:39716 127.647µs
2025/07/07 10:35:56 [GET] / 192.168.10.12:39716 271.821µs
2025/07/07 10:35:56 [GET] /css/theme.css 192.168.10.12:39716 92.546µs
2025/07/07 10:35:56 [GET] /css/landing.css 192.168.10.12:39716 125.463µs
2025/07/07 10:35:56 [GET] /css/app.css 192.168.10.12:41690 108.518µs
2025/07/07 10:35:56 [GET] /js/app.js 192.168.10.12:39772 110.08µs
2025/07/07 10:35:56 [GET] /js/storage.js 192.168.10.12:39772 67.432µs
2025/07/07 10:35:56 [GET] /js/ui.js 192.168.10.12:41690 89.926µs
2025/07/07 10:35:56 [GET] /js/vcard.js 192.168.10.12:39716 56.736µs
2025/07/07 10:36:43 [GET] / 192.168.10.12:39716 3.231714ms
2025/07/07 10:36:43 [GET] /css/theme.css 192.168.10.12:39716 109.681µs
2025/07/07 10:36:43 [GET] /css/landing.css 192.168.10.12:41690 153.241µs
2025/07/07 10:36:43 [GET] /css/app.css 192.168.10.12:39772 166.009µs
2025/07/07 10:36:43 [GET] /js/app.js 192.168.10.12:39732 136.665µs
2025/07/07 10:38:52 [GET] /css/app.css 192.168.10.12:41690 128.438µs
2025/07/07 10:38:52 [GET] /css/landing.css 192.168.10.12:39772 67.872µs
2025/07/07 10:38:52 [GET] /css/theme.css 192.168.10.12:39732 33.547µs
2025/07/07 10:43:22 Mudança detectada em www/index.html, enviando reload
2025/07/07 10:43:22 [GET] / 192.168.10.12:39772 254.666µs
2025/07/07 10:43:22 [GET] /css/theme.css 192.168.10.12:39772 95.676µs
2025/07/07 10:43:22 [GET] /css/landing.css 192.168.10.12:41690 110.606µs
2025/07/07 10:43:22 [GET] /css/app.css 192.168.10.12:39732 166.928µs
2025/07/07 10:43:29 Mudança detectada em www/index.html, enviando reload
2025/07/07 10:43:29 [GET] / 192.168.10.12:39732 185.045µs
2025/07/07 10:43:29 [GET] /css/theme.css 192.168.10.12:39732 96.851µs
2025/07/07 10:43:29 [GET] /css/app.css 192.168.10.12:39772 411.707µs
2025/07/07 10:43:29 [GET] /css/landing.css 192.168.10.12:41690 2.402055ms
2025/07/07 10:45:30 Mudança detectada em www/index.html, enviando reload
2025/07/07 10:45:30 [GET] / 192.168.10.12:41690 362.079µs
2025/07/07 10:45:30 [GET] /css/theme.css 192.168.10.12:41690 92.939µs
2025/07/07 10:45:30 [GET] /css/landing.css 192.168.10.12:39772 134.057µs
2025/07/07 10:45:30 [GET] /css/app.css 192.168.10.12:39732 121.12µs
2025/07/07 10:45:30 [GET] /js/app.js 192.168.10.12:39732 168.741µs
2025/07/07 10:45:30 [GET] /js/storage.js 192.168.10.12:39732 102.884µs
2025/07/07 10:45:30 [GET] /js/ui.js 192.168.10.12:39772 164.13µs
2025/07/07 10:45:30 [GET] /js/vcard.js 192.168.10.12:41690 69.818µs
2025/07/07 10:45:53 [GET] /css/landing.css 192.168.10.12:39772 129.181µs
2025/07/07 10:45:53 [GET] /css/theme.css 192.168.10.12:41690 36.302µs
2025/07/07 10:45:53 [GET] /css/app.css 192.168.10.12:39772 170.376µs
2025/07/07 10:47:04 [GET] / 192.168.10.12:51408 348.242µs
2025/07/07 10:47:04 [GET] /css/theme.css 192.168.10.12:51408 81.77µs
2025/07/07 10:47:04 [GET] /js/app.js 192.168.10.12:51446 108.497µs
2025/07/07 10:47:04 [GET] /css/landing.css 192.168.10.12:51424 84.112µs
2025/07/07 10:47:04 [GET] /css/app.css 192.168.10.12:51438 103.607µs
2025/07/07 10:47:04 [GET] /js/vcard.js 192.168.10.12:51446 123.334µs
2025/07/07 10:47:04 [GET] /js/ui.js 192.168.10.12:51424 2.594298ms
2025/07/07 10:47:04 [GET] /js/storage.js 192.168.10.12:51438 88.656µs
2025/07/07 10:48:26 [GET] / 192.168.10.12:33010 262.506µs
2025/07/07 10:48:26 [GET] /css/theme.css 192.168.10.12:33010 73.581µs
2025/07/07 10:48:26 [GET] /css/app.css 192.168.10.12:33028 128.968µs
2025/07/07 10:48:26 [GET] /js/app.js 192.168.10.12:33038 96.133µs
2025/07/07 10:48:26 [GET] /css/landing.css 192.168.10.12:33016 296.042µs
2025/07/07 10:48:27 [GET] /js/storage.js 192.168.10.12:33016 75.357µs
2025/07/07 10:48:27 [GET] /js/vcard.js 192.168.10.12:33028 63.687µs
2025/07/07 10:48:27 [GET] /js/ui.js 192.168.10.12:33038 110.622µs
2025/07/07 10:50:17 [GET] / 192.168.10.12:39772 568.07µs
2025/07/07 10:50:17 [GET] /css/theme.css 192.168.10.12:39772 98.359µs
2025/07/07 10:50:17 [GET] /css/landing.css 192.168.10.12:41690 136.972µs
2025/07/07 10:50:17 [GET] /css/app.css 192.168.10.12:39732 139.266µs
2025/07/07 10:50:17 [GET] /js/app.js 192.168.10.12:45234 172.582µs
2025/07/07 10:50:17 [GET] /js/ui.js 192.168.10.12:45234 186.689µs
2025/07/07 10:50:17 [GET] /js/storage.js 192.168.10.12:39772 53.331µs
2025/07/07 10:50:17 [GET] /js/vcard.js 192.168.10.12:39732 62.354µs
2025/07/07 10:55:49 Mudança detectada em www/index.html, enviando reload
2025/07/07 10:55:49 [GET] / 192.168.10.12:60128 315.415µs
2025/07/07 10:55:49 [GET] /css/theme.css 192.168.10.12:60128 74.346µs
2025/07/07 10:55:49 [GET] /css/landing.css 192.168.10.12:60138 122.986µs
2025/07/07 10:55:49 [GET] /css/app.css 192.168.10.12:60150 162.617µs
2025/07/07 10:55:49 [GET] /js/app.js 192.168.10.12:60150 121.452µs
2025/07/07 10:55:49 [GET] /js/storage.js 192.168.10.12:60150 78.793µs
2025/07/07 10:55:49 [GET] /js/vcard.js 192.168.10.12:60128 54.409µs
2025/07/07 10:55:49 [GET] /js/ui.js 192.168.10.12:60138 104.07µs
2025/07/07 11:01:56 Mudança detectada em www/index.html, enviando reload
2025/07/07 11:01:56 [GET] / 192.168.10.12:34910 96.766µs
2025/07/07 11:01:58 Mudança detectada em www/index.html, enviando reload
2025/07/07 11:01:58 [GET] / 192.168.10.12:34910 362.844µs
2025/07/07 11:01:58 [GET] /css/theme.css 192.168.10.12:34910 78.708µs
2025/07/07 11:01:58 [GET] /css/landing.css 192.168.10.12:34914 117.095µs
2025/07/07 11:01:58 [GET] /css/app.css 192.168.10.12:34928 178.814µs
2025/07/07 11:01:58 [GET] /js/app.js 192.168.10.12:34914 174.454µs
2025/07/07 11:01:59 [GET] /js/storage.js 192.168.10.12:34914 55.144µs
2025/07/07 11:01:59 [GET] /js/ui.js 192.168.10.12:34928 167.748µs
2025/07/07 11:01:59 [GET] /js/vcard.js 192.168.10.12:34910 86.175µs
2025/07/07 11:08:37 [GET] / 192.168.10.12:53858 677.405µs
2025/07/07 11:08:37 [GET] /css/theme.css 192.168.10.12:53858 121.427µs
2025/07/07 11:08:37 [GET] /css/landing.css 192.168.10.12:53858 123.181µs
2025/07/07 11:08:37 [GET] /css/app.css 192.168.10.12:53872 208.852µs
2025/07/07 11:08:37 [GET] /js/app.js 192.168.10.12:53878 178.823µs
2025/07/07 11:08:37 [GET] /js/storage.js 192.168.10.12:53878 76.209µs
2025/07/07 11:08:37 [GET] /js/ui.js 192.168.10.12:53872 128.437µs
2025/07/07 11:08:37 [GET] /js/vcard.js 192.168.10.12:53858 107.133µs
2025/07/07 11:12:12 [GET] / 192.168.10.12:53858 316.078µs
2025/07/07 11:12:12 [GET] /css/theme.css 192.168.10.12:53858 94.986µs
2025/07/07 11:12:12 [GET] /css/landing.css 192.168.10.12:53872 92.844µs
2025/07/07 11:12:12 [GET] /css/app.css 192.168.10.12:53878 87.639µs
2025/07/07 11:12:12 [GET] /js/app.js 192.168.10.12:41666 369.173µs
2025/07/07 11:12:12 [GET] /js/storage.js 192.168.10.12:41666 76.685µs
2025/07/07 11:12:12 [GET] /js/ui.js 192.168.10.12:53878 97.693µs
2025/07/07 11:12:12 [GET] /js/vcard.js 192.168.10.12:53872 55.001µs
2025/07/07 11:20:44 Mudança detectada em www/index.html, enviando reload
2025/07/07 11:20:44 [GET] / 192.168.10.12:47068 418.137µs
2025/07/07 11:20:44 [GET] /css/theme.css 192.168.10.12:47068 90.759µs
2025/07/07 11:20:44 [GET] /css/landing.css 192.168.10.12:47072 191.061µs
2025/07/07 11:20:44 [GET] /css/app.css 192.168.10.12:47068 131.094µs
2025/07/07 11:20:44 [GET] /js/script.js 192.168.10.12:47088 50.315µs
2025/07/07 11:20:48 Mudança detectada em www/index.html, enviando reload
2025/07/07 11:20:48 [GET] / 192.168.10.12:47088 706.364µs
2025/07/07 11:20:48 [GET] /css/theme.css 192.168.10.12:47088 108.649µs
2025/07/07 11:20:48 [GET] /css/landing.css 192.168.10.12:47072 182.668µs
2025/07/07 11:20:48 [GET] /css/app.css 192.168.10.12:47068 181.127µs
2025/07/07 11:20:48 [GET] /js/script.js 192.168.10.12:47068 35.981µs
2025/07/07 11:20:58 [GET] / 192.168.10.12:47068 671.189µs
2025/07/07 11:20:58 [GET] /css/theme.css 192.168.10.12:47068 132.561µs
2025/07/07 11:20:58 [GET] /css/landing.css 192.168.10.12:47072 276.605µs
2025/07/07 11:20:58 [GET] /js/script.js 192.168.10.12:47068 91.713µs
2025/07/07 11:20:58 [GET] /css/app.css 192.168.10.12:47088 231.074µs
2025/07/07 11:21:00 [GET] / 192.168.10.12:47088 750.369µs
2025/07/07 11:21:00 [GET] /css/theme.css 192.168.10.12:47088 117.261µs
2025/07/07 11:21:00 [GET] /css/landing.css 192.168.10.12:47088 176.614µs
2025/07/07 11:21:00 [GET] /css/app.css 192.168.10.12:47072 131.271µs
2025/07/07 11:21:00 [GET] /js/script.js 192.168.10.12:47068 37.771µs
2025/07/07 11:21:01 [GET] / 192.168.10.12:47068 310.653µs
2025/07/07 11:21:01 [GET] /css/theme.css 192.168.10.12:47068 66.588µs
2025/07/07 11:21:01 [GET] /css/landing.css 192.168.10.12:47068 101.209µs
2025/07/07 11:21:01 [GET] /css/app.css 192.168.10.12:47072 120.886µs
2025/07/07 11:21:01 [GET] /js/script.js 192.168.10.12:47072 26.044µs
2025/07/07 11:26:41 Mudança detectada em www/index.html, enviando reload
2025/07/07 11:26:41 [GET] / 192.168.10.12:38276 357.946µs
2025/07/07 11:26:41 [GET] /css/theme.css 192.168.10.12:38276 80.691µs
2025/07/07 11:26:41 [GET] /css/landing.css 192.168.10.12:38278 142.404µs
2025/07/07 11:26:41 [GET] /css/app.css 192.168.10.12:38292 167.456µs
2025/07/07 11:26:41 [GET] /js/app.js 192.168.10.12:38292 127.268µs
2025/07/07 11:26:41 [GET] /js/ui.js 192.168.10.12:38278 159.291µs
2025/07/07 11:26:41 [GET] /js/storage.js 192.168.10.12:38292 36.763µs
2025/07/07 11:26:41 [GET] /js/vcard.js 192.168.10.12:38278 126.812µs
2025/07/07 11:34:26 Mudança detectada em www/index.html, enviando reload
2025/07/07 11:34:26 [GET] / 192.168.10.12:38184 387.298µs
2025/07/07 11:34:26 [GET] /css/theme.css 192.168.10.12:38184 60.146µs
2025/07/07 11:34:26 [GET] /css/landing.css 192.168.10.12:38188 608.229µs
2025/07/07 11:34:26 [GET] /css/app.css 192.168.10.12:38184 188.494µs
2025/07/07 11:34:26 [GET] /js/script.js 192.168.10.12:38188 44.3µs
2025/07/07 11:34:32 Mudança detectada em www/index.html, enviando reload
2025/07/07 11:34:32 [GET] / 192.168.10.12:38188 443.262µs
2025/07/07 11:34:32 [GET] /css/theme.css 192.168.10.12:38188 82.888µs
2025/07/07 11:34:32 [GET] /css/landing.css 192.168.10.12:38184 124.98µs
2025/07/07 11:34:32 [GET] /css/app.css 192.168.10.12:38212 158.224µs
2025/07/07 11:34:32 [GET] /js/script.js 192.168.10.12:38212 32.009µs
2025/07/07 11:34:50 [GET] / 192.168.10.12:38212 650.646µs
2025/07/07 11:34:50 [GET] /css/theme.css 192.168.10.12:38212 107.17µs
2025/07/07 11:34:50 [GET] /css/landing.css 192.168.10.12:38212 217.962µs
2025/07/07 11:34:50 [GET] /js/script.js 192.168.10.12:38184 30.28µs
2025/07/07 11:34:50 [GET] /css/app.css 192.168.10.12:38188 193.122µs
2025/07/07 11:47:46 [GET] / 192.168.10.12:33040 797.299µs
2025/07/07 11:47:46 [GET] /css/theme.css 192.168.10.12:33040 118.102µs
2025/07/07 11:47:46 [GET] /css/landing.css 192.168.10.12:33050 195.726µs
2025/07/07 11:47:46 [GET] /css/app.css 192.168.10.12:33060 159.859µs
2025/07/07 11:47:46 [GET] /js/script.js 192.168.10.12:33076 33.957µs
2025/07/07 11:50:39 [GET] / 192.168.10.12:33060 495.808µs
2025/07/07 11:50:39 [GET] /css/theme.css 192.168.10.12:33060 110.676µs
2025/07/07 11:50:39 [GET] /css/landing.css 192.168.10.12:33076 173.895µs
2025/07/07 11:50:39 [GET] /js/script.js 192.168.10.12:33040 38.227µs
2025/07/07 11:50:39 [GET] /css/app.css 192.168.10.12:33050 184.636µs
2025/07/07 11:56:05 Mudança detectada em www/index.html, enviando reload
2025/07/07 11:56:05 [GET] / 192.168.10.12:38168 338.278µs
2025/07/07 11:56:05 [GET] /css/landing.css 192.168.10.12:38180 196.513µs
2025/07/07 11:56:05 [GET] /css/app.css 192.168.10.12:38192 205.4µs
2025/07/07 11:56:05 [GET] /css/theme.css 192.168.10.12:38168 99.108µs
2025/07/07 11:56:05 [GET] /js/script.js 192.168.10.12:38192 73.612µs
2025/07/07 11:56:12 Mudança detectada em www/index.html, enviando reload
2025/07/07 11:56:12 [GET] / 192.168.10.12:38192 340.317µs
2025/07/07 11:56:12 [GET] /css/theme.css 192.168.10.12:38192 85.36µs
2025/07/07 11:56:12 [GET] /css/landing.css 192.168.10.12:38168 161.543µs
2025/07/07 11:56:12 [GET] /js/script.js 192.168.10.12:38180 38.089µs
2025/07/07 11:56:12 [GET] /css/app.css 192.168.10.12:38192 135.866µs
2025/07/07 11:56:23 [GET] /css/app.css 192.168.10.12:38168 111.689µs
2025/07/07 11:56:23 [GET] /css/landing.css 192.168.10.12:38180 75.17µs
2025/07/07 11:56:23 [GET] /css/theme.css 192.168.10.12:38192 34.142µs
2025/07/07 12:01:53 [GET] / 192.168.10.12:33460 614.461µs
2025/07/07 12:01:53 [GET] /css/theme.css 192.168.10.12:33460 81.467µs
2025/07/07 12:01:53 [GET] /css/landing.css 192.168.10.12:33472 163.23µs
2025/07/07 12:01:53 [GET] /css/app.css 192.168.10.12:33484 152.417µs
2025/07/07 12:01:53 [GET] /js/script.js 192.168.10.12:33486 27.785µs
2025/07/07 12:03:21 Mudança detectada em www/jesus, enviando reload
2025/07/07 12:03:21 [GET] / 192.168.10.12:33484 1.630312ms
2025/07/07 12:03:21 [GET] /css/theme.css 192.168.10.12:33484 79.157µs
2025/07/07 12:03:21 [GET] /css/landing.css 192.168.10.12:33472 149.93µs
2025/07/07 12:03:21 [GET] /css/app.css 192.168.10.12:33486 107.753µs
2025/07/07 12:03:21 [GET] /js/script.js 192.168.10.12:33484 32.471µs
2025/07/07 12:06:59 [GET] / 192.168.10.12:33484 459.699µs
2025/07/07 12:06:59 [GET] /css/theme.css 192.168.10.12:33484 130.336µs
2025/07/07 12:06:59 [GET] /css/landing.css 192.168.10.12:33484 126.063µs
2025/07/07 12:06:59 [GET] /css/app.css 192.168.10.12:33486 134.521µs
2025/07/07 12:06:59 [GET] /js/script.js 192.168.10.12:33472 18.031µs
2025/07/07 12:07:44 [GET] / 192.168.10.12:33486 446.988µs
2025/07/07 12:07:44 [GET] /css/theme.css 192.168.10.12:33486 84.112µs
2025/07/07 12:07:44 [GET] /css/landing.css 192.168.10.12:33484 75.265µs
2025/07/07 12:07:44 [GET] /css/app.css 192.168.10.12:33472 75.194µs
2025/07/07 12:07:44 [GET] /js/script.js 192.168.10.12:51428 51.214µs
2025/07/07 12:10:05 [GET] / 192.168.10.12:51428 274.511µs
2025/07/07 12:10:05 [GET] /css/theme.css 192.168.10.12:51428 94.817µs
2025/07/07 12:10:05 [GET] /js/script.js 192.168.10.12:33486 47.93µs
2025/07/07 12:10:05 [GET] /css/app.css 192.168.10.12:33484 1.705472ms
2025/07/07 12:10:05 [GET] /css/landing.css 192.168.10.12:33472 124.449µs
2025/07/07 12:13:33 [GET] / 192.168.10.12:33472 576.11µs
2025/07/07 12:13:33 [GET] /css/theme.css 192.168.10.12:33472 78.352µs
2025/07/07 12:13:33 [GET] /css/landing.css 192.168.10.12:33472 109.323µs
2025/07/07 12:13:33 [GET] /js/script.js 192.168.10.12:33486 15.981µs
2025/07/07 12:13:33 [GET] /css/app.css 192.168.10.12:33484 60.294µs
2025/07/07 12:14:00 [GET] / 192.168.10.12:33484 1.048601ms
2025/07/07 12:14:00 [GET] /css/theme.css 192.168.10.12:33484 149.128µs
2025/07/07 12:14:00 [GET] /css/landing.css 192.168.10.12:33484 203.815µs
2025/07/07 12:14:00 [GET] /css/app.css 192.168.10.12:33472 164.367µs
2025/07/07 12:14:00 [GET] /js/script.js 192.168.10.12:33486 61.668µs
2025/07/07 12:14:11 [GET] / 192.168.10.12:33472 429.324µs
2025/07/07 12:14:11 [GET] /css/theme.css 192.168.10.12:33472 79.119µs
2025/07/07 12:14:11 [GET] /css/landing.css 192.168.10.12:33486 105.28µs
2025/07/07 12:14:11 [GET] /css/app.css 192.168.10.12:33484 99.892µs
2025/07/07 12:14:11 [GET] /js/script.js 192.168.10.12:51428 63.141µs
2025/07/07 12:16:47 [GET] /css/app.css 192.168.10.12:51428 114.706µs
2025/07/07 12:16:47 [GET] /css/landing.css 192.168.10.12:33486 115.872µs
2025/07/07 12:16:47 [GET] /css/theme.css 192.168.10.12:33484 44.269µs
2025/07/07 12:21:01 [GET] / 192.168.10.12:33486 336.105µs
2025/07/07 12:21:01 [GET] /css/theme.css 192.168.10.12:33486 83.768µs
2025/07/07 12:21:01 [GET] /css/landing.css 192.168.10.12:33486 112.85µs
2025/07/07 12:21:01 [GET] /css/app.css 192.168.10.12:51428 141.26µs
2025/07/07 12:21:01 [GET] /js/script.js 192.168.10.12:33484 57.51µs
2025/07/07 12:22:01 Mudança detectada em www/index.html, enviando reload
2025/07/07 12:22:01 [GET] / 192.168.10.12:51428 340.464µs
2025/07/07 12:22:01 [GET] /css/landing.css 192.168.10.12:33486 117.416µs
2025/07/07 12:22:01 [GET] /css/app.css 192.168.10.12:33484 182.073µs
2025/07/07 12:22:01 [GET] /css/theme.css 192.168.10.12:51428 39.799µs
2025/07/07 12:22:02 [GET] / 192.168.10.12:33486 329.417µs
2025/07/07 12:22:02 [GET] /css/theme.css 192.168.10.12:33486 74.684µs
2025/07/07 12:22:02 [GET] /css/landing.css 192.168.10.12:33484 109.577µs
2025/07/07 12:22:02 [GET] /css/app.css 192.168.10.12:51428 128.821µs
2025/07/07 12:22:15 [GET] / 192.168.10.12:51428 337.825µs
2025/07/07 12:22:15 [GET] /css/theme.css 192.168.10.12:33484 79.04µs
2025/07/07 12:22:15 [GET] /css/landing.css 192.168.10.12:33486 80.042µs
2025/07/07 12:22:15 [GET] /css/app.css 192.168.10.12:51428 85.616µs
2025/07/07 12:23:24 Mudança detectada em www/index.html, enviando reload
2025/07/07 12:23:24 [GET] / 192.168.10.12:51428 309.903µs
2025/07/07 12:23:24 [GET] /css/theme.css 192.168.10.12:51428 78.88µs
2025/07/07 12:23:24 [GET] /css/landing.css 192.168.10.12:33486 105.862µs
2025/07/07 12:23:24 [GET] /css/app.css 192.168.10.12:33484 122.139µs
2025/07/07 12:23:27 [GET] / 192.168.10.12:33484 303.118µs
2025/07/07 12:23:27 [GET] /css/theme.css 192.168.10.12:33484 82.845µs
2025/07/07 12:23:27 [GET] /css/landing.css 192.168.10.12:33486 119.2µs
2025/07/07 12:23:27 [GET] /css/app.css 192.168.10.12:51428 129.165µs
2025/07/07 12:24:21 Mudança detectada em www/index.html, enviando reload
2025/07/07 12:24:27 Mudança detectada em www/index.html, enviando reload
2025/07/07 12:26:44 [GET] / 192.168.10.12:39032 318.794µs
2025/07/07 12:26:44 [GET] /css/theme.css 192.168.10.12:39032 76.046µs
2025/07/07 12:26:44 [GET] /css/landing.css 192.168.10.12:39048 165.271µs
2025/07/07 12:26:44 [GET] /css/app.css 192.168.10.12:39060 176.813µs
2025/07/07 12:26:44 [GET] /script.js 192.168.10.12:39074 50.617µs
2025/07/07 12:26:57 [GET] / 192.168.10.12:39060 266.854µs
2025/07/07 12:26:57 [GET] /css/theme.css 192.168.10.12:39060 106.512µs
2025/07/07 12:26:57 [GET] /css/landing.css 192.168.10.12:39074 139.585µs
2025/07/07 12:26:57 [GET] /css/app.css 192.168.10.12:39048 128.622µs
2025/07/07 12:26:57 [GET] /script.js 192.168.10.12:39032 27.72µs
2025/07/07 13:35:07 🚀 Servidor iniciado em http://localhost:5571
2025/07/07 13:35:07    Servindo diretório: www
2025/07/07 13:35:07    Live Reload: Ativado
2025/07/07 13:35:07    Logs sendo gravados em: server.log
2025/07/07 13:35:17 [GET] / 192.168.10.12:38978 4.351537ms
2025/07/07 13:35:17 [GET] /css/theme.css 192.168.10.12:38978 459.764µs
2025/07/07 13:35:17 [GET] /css/landing.css 192.168.10.12:38978 1.198862ms
2025/07/07 13:35:17 [GET] /css/app.css 192.168.10.12:38994 544.773µs
2025/07/07 13:35:17 [GET] /script.js 192.168.10.12:38994 39.797µs
2025/07/07 13:35:18 [GET] /favicon.ico 192.168.10.12:38994 43.845µs
2025/07/07 13:41:25 Mudança detectada em www/script.js, enviando js-update
2025/07/07 13:41:25 [GET] / 192.168.10.12:39542 248.417µs
2025/07/07 13:41:25 [GET] /css/theme.css 192.168.10.12:39542 103.29µs
2025/07/07 13:41:25 [GET] /css/landing.css 192.168.10.12:39552 135.479µs
2025/07/07 13:41:25 [GET] /css/app.css 192.168.10.12:39556 158.304µs
2025/07/07 13:41:25 [GET] /script.js 192.168.10.12:39558 473.25µs
2025/07/07 13:41:42 [GET] / 192.168.10.12:39558 279.095µs
2025/07/07 13:41:42 [GET] /css/theme.css 192.168.10.12:39558 76.703µs
2025/07/07 13:41:42 [GET] /css/app.css 192.168.10.12:39552 100.757µs
2025/07/07 13:41:42 [GET] /css/landing.css 192.168.10.12:39556 132.768µs
2025/07/07 13:41:42 [GET] /script.js 192.168.10.12:39542 107.655µs
2025/07/07 13:45:09 [GET] / 192.168.10.15:48286 653.992µs
2025/07/07 13:45:10 [GET] /css/theme.css 192.168.10.15:48286 74.57µs
2025/07/07 13:45:10 [GET] /css/landing.css 192.168.10.15:48300 106.953µs
2025/07/07 13:45:10 [GET] /css/app.css 192.168.10.15:48312 64.354µs
2025/07/07 13:45:10 [GET] /script.js 192.168.10.15:48324 120.268µs
2025/07/07 13:45:19 Mudança detectada em www/js/storage.js, enviando js-update
2025/07/07 13:45:19 [GET] / 192.168.10.12:39542 239.695µs
2025/07/07 13:45:19 [GET] /css/app.css 192.168.10.12:39556 130.364µs
2025/07/07 13:45:19 [GET] /css/landing.css 192.168.10.12:39552 80.762µs
2025/07/07 13:45:19 [GET] /css/theme.css 192.168.10.12:39542 33.784µs
2025/07/07 13:45:19 [GET] /script.js 192.168.10.12:39552 209.79µs
2025/07/07 13:45:19 [GET] / 192.168.10.15:48312 306.042µs
2025/07/07 13:45:19 [GET] /css/theme.css 192.168.10.15:48312 87.335µs
2025/07/07 13:45:19 [GET] /css/app.css 192.168.10.15:48300 77.318µs
2025/07/07 13:45:19 [GET] /script.js 192.168.10.15:48286 129.712µs
2025/07/07 13:45:19 [GET] /css/landing.css 192.168.10.15:48324 55.89µs
2025/07/07 13:45:21 [GET] / 192.168.10.12:39552 285.592µs
2025/07/07 13:45:21 [GET] /css/theme.css 192.168.10.12:39552 77.067µs
2025/07/07 13:45:21 [GET] /css/landing.css 192.168.10.12:39556 157.678µs
2025/07/07 13:45:21 [GET] /script.js 192.168.10.12:39558 102.756µs
2025/07/07 13:45:21 [GET] /css/app.css 192.168.10.12:39542 64.597µs
2025/07/07 13:45:41 Mudança detectada em www/js/storage.js, enviando js-update
2025/07/07 13:45:41 [GET] / 192.168.10.12:39542 309.037µs
2025/07/07 13:45:41 [GET] /css/theme.css 192.168.10.12:39542 177.855µs
2025/07/07 13:45:41 [GET] /css/landing.css 192.168.10.12:39558 93.929µs
2025/07/07 13:45:41 [GET] /script.js 192.168.10.12:39552 197.582µs
2025/07/07 13:45:41 [GET] /css/app.css 192.168.10.12:39556 917.364µs
2025/07/07 13:45:41 [GET] / 192.168.10.15:48300 276.966µs
2025/07/07 13:45:41 [GET] /css/theme.css 192.168.10.15:48300 91.916µs
2025/07/07 13:45:41 [GET] /css/landing.css 192.168.10.15:48300 253.772µs
2025/07/07 13:45:41 [GET] /script.js 192.168.10.15:48286 691.799µs
2025/07/07 13:45:41 [GET] /css/app.css 192.168.10.15:48324 68.961µs
2025/07/07 13:45:42 [GET] / 192.168.10.12:39556 311.647µs
2025/07/07 13:45:42 [GET] /css/theme.css 192.168.10.12:39556 167.223µs
2025/07/07 13:45:42 [GET] /css/landing.css 192.168.10.12:39552 147.481µs
2025/07/07 13:45:42 [GET] /css/app.css 192.168.10.12:39558 136.816µs
2025/07/07 13:45:42 [GET] /script.js 192.168.10.12:39542 111.222µs
2025/07/07 13:45:47 Mudança detectada em www/js/storage.js, enviando js-update
2025/07/07 13:45:47 [GET] / 192.168.10.12:39542 707.002µs
2025/07/07 13:45:47 [GET] /css/theme.css 192.168.10.12:39542 73.731µs
2025/07/07 13:45:47 [GET] /css/landing.css 192.168.10.12:39558 108.787µs
2025/07/07 13:45:47 [GET] / 192.168.10.15:48286 334.053µs
2025/07/07 13:45:47 [GET] /css/app.css 192.168.10.12:39552 181.884µs
2025/07/07 13:45:47 [GET] /script.js 192.168.10.12:39552 289.355µs
2025/07/07 13:45:47 [GET] /css/theme.css 192.168.10.15:48286 142.28µs
2025/07/07 13:45:47 [GET] /css/landing.css 192.168.10.15:48324 152.771µs
2025/07/07 13:45:47 [GET] /script.js 192.168.10.15:48312 263.294µs
2025/07/07 13:45:47 [GET] /css/app.css 192.168.10.15:48300 83.31µs
2025/07/07 13:45:56 Mudança detectada em www/js/vcard.js, enviando js-update
2025/07/07 13:45:56 [GET] / 192.168.10.12:39552 283.689µs
2025/07/07 13:45:56 [GET] /css/theme.css 192.168.10.12:39552 106.964µs
2025/07/07 13:45:56 [GET] /css/landing.css 192.168.10.12:39558 167.913µs
2025/07/07 13:45:56 [GET] /css/app.css 192.168.10.12:39542 136.713µs
2025/07/07 13:45:56 [GET] /script.js 192.168.10.12:39542 203.614µs
2025/07/07 13:45:56 [GET] / 192.168.10.15:48312 250.88µs
2025/07/07 13:45:56 [GET] /css/theme.css 192.168.10.15:48312 95.098µs
2025/07/07 13:45:56 [GET] /css/landing.css 192.168.10.15:48300 361.656µs
2025/07/07 13:45:56 [GET] /css/app.css 192.168.10.15:48324 116.86µs
2025/07/07 13:45:56 [GET] /script.js 192.168.10.15:48286 591.218µs
2025/07/07 13:45:57 [GET] / 192.168.10.12:39542 273.014µs
2025/07/07 13:45:57 [GET] /css/theme.css 192.168.10.12:39542 86.882µs
2025/07/07 13:45:57 [GET] /css/landing.css 192.168.10.12:39558 213.152µs
2025/07/07 13:45:57 [GET] /css/app.css 192.168.10.12:39552 130.662µs
2025/07/07 13:45:57 [GET] /script.js 192.168.10.12:39556 214.076µs
2025/07/07 13:46:10 Mudança detectada em www/js/storage.js, enviando js-update
2025/07/07 13:46:10 [GET] / 192.168.10.12:39556 1.357415ms
2025/07/07 13:46:10 [GET] /css/theme.css 192.168.10.12:39556 73.579µs
2025/07/07 13:46:10 [GET] /css/landing.css 192.168.10.12:39556 131.49µs
2025/07/07 13:46:10 [GET] /css/app.css 192.168.10.12:39552 76.343µs
2025/07/07 13:46:10 [GET] /script.js 192.168.10.12:39558 1.445416ms
2025/07/07 13:46:10 [GET] / 192.168.10.15:48286 636.2µs
2025/07/07 13:46:10 [GET] /css/theme.css 192.168.10.15:48286 112.105µs
2025/07/07 13:46:10 [GET] /css/landing.css 192.168.10.15:48286 131.356µs
2025/07/07 13:46:10 [GET] /script.js 192.168.10.15:48300 140.865µs
2025/07/07 13:46:10 [GET] /css/app.css 192.168.10.15:48324 81.205µs
2025/07/07 13:48:45 Mudança detectada em www/css/theme.css, enviando css-update
2025/07/07 13:48:45 [GET] / 192.168.10.12:39558 266.08µs
2025/07/07 13:48:45 [GET] /css/theme.css 192.168.10.12:39558 60.565µs
2025/07/07 13:48:45 [GET] /css/app.css 192.168.10.12:39556 71.74µs
2025/07/07 13:48:45 [GET] /css/landing.css 192.168.10.12:39552 69.645µs
2025/07/07 13:48:45 [GET] /script.js 192.168.10.12:39552 143.814µs
2025/07/07 13:48:45 [GET] / 192.168.10.15:48300 273.087µs
2025/07/07 13:48:45 [GET] /css/landing.css 192.168.10.15:48324 102.001µs
2025/07/07 13:48:45 [GET] /css/theme.css 192.168.10.15:48300 528.465µs
2025/07/07 13:48:45 [GET] /script.js 192.168.10.15:48312 344.772µs
2025/07/07 13:48:45 [GET] /css/app.css 192.168.10.15:48286 439.731µs
2025/07/07 13:48:47 [GET] / 192.168.10.12:39552 323.81µs
2025/07/07 13:48:47 [GET] /css/theme.css 192.168.10.12:39552 60.447µs
2025/07/07 13:48:47 [GET] /css/landing.css 192.168.10.12:39552 259.999µs
2025/07/07 13:48:47 [GET] /css/app.css 192.168.10.12:39556 194.792µs
2025/07/07 13:48:47 [GET] /script.js 192.168.10.12:39558 160.387µs
2025/07/07 13:48:51 [GET] / 192.168.10.12:39558 312.02µs
2025/07/07 13:48:51 [GET] /css/theme.css 192.168.10.12:39558 63.802µs
2025/07/07 13:48:51 [GET] /script.js 192.168.10.12:39542 151.03µs
2025/07/07 13:48:51 [GET] /css/app.css 192.168.10.12:39552 74.271µs
2025/07/07 13:48:51 [GET] /css/landing.css 192.168.10.12:39556 73.544µs
2025/07/07 13:48:52 [GET] / 192.168.10.12:39556 324.865µs
2025/07/07 13:48:52 [GET] /css/theme.css 192.168.10.12:39556 71.757µs
2025/07/07 13:48:52 [GET] /css/landing.css 192.168.10.12:39552 112.29µs
2025/07/07 13:48:52 [GET] /css/app.css 192.168.10.12:39542 89.936µs
2025/07/07 13:48:52 [GET] /script.js 192.168.10.12:39558 144.169µs
2025/07/07 13:49:05 Mudança detectada em www/css/landing.css, enviando css-update
2025/07/07 13:49:05 [GET] / 192.168.10.12:39556 3.845875ms
2025/07/07 13:49:05 [GET] /css/app.css 192.168.10.12:39542 122.808µs
2025/07/07 13:49:05 [GET] /css/landing.css 192.168.10.12:39558 71.519µs
2025/07/07 13:49:05 [GET] /script.js 192.168.10.12:39558 170.272µs
2025/07/07 13:49:05 [GET] /css/theme.css 192.168.10.12:39556 33.537µs
2025/07/07 13:49:05 [GET] / 192.168.10.15:48312 416.355µs
2025/07/07 13:49:05 [GET] /css/theme.css 192.168.10.15:48312 98.124µs
2025/07/07 13:49:05 [GET] /script.js 192.168.10.15:48300 118.754µs
2025/07/07 13:49:05 [GET] /css/app.css 192.168.10.15:48324 75.604µs
2025/07/07 13:49:05 [GET] /css/landing.css 192.168.10.15:48286 109.682µs
2025/07/07 13:49:14 Mudança detectada em www/css/app.css, enviando css-update
2025/07/07 13:49:14 [GET] / 192.168.10.12:39558 240.071µs
2025/07/07 13:49:14 [GET] /css/app.css 192.168.10.12:39542 137.432µs
2025/07/07 13:49:14 [GET] /css/landing.css 192.168.10.12:39556 70.894µs
2025/07/07 13:49:14 [GET] /css/theme.css 192.168.10.12:39558 29.707µs
2025/07/07 13:49:14 [GET] /script.js 192.168.10.12:39556 139.88µs
2025/07/07 13:49:14 [GET] / 192.168.10.15:48300 234.321µs
2025/07/07 13:49:14 [GET] /css/theme.css 192.168.10.15:48300 57.44µs
2025/07/07 13:49:14 [GET] /css/landing.css 192.168.10.15:48286 57.653µs
2025/07/07 13:49:14 [GET] /css/app.css 192.168.10.15:48324 64.822µs
2025/07/07 13:49:14 [GET] /script.js 192.168.10.15:48312 128.675µs
2025/07/07 13:49:15 [GET] / 192.168.10.12:39556 249.634µs
2025/07/07 13:49:15 [GET] /css/theme.css 192.168.10.12:39556 59.728µs
2025/07/07 13:49:15 [GET] /css/landing.css 192.168.10.12:39542 96.831µs
2025/07/07 13:49:15 [GET] /css/app.css 192.168.10.12:39558 94.717µs
2025/07/07 13:49:15 [GET] /script.js 192.168.10.12:39552 343.855µs
2025/07/07 13:49:32 Mudança detectada em www/css/app.css, enviando css-update
2025/07/07 13:49:32 [GET] / 192.168.10.12:39552 219.781µs
2025/07/07 13:49:32 [GET] /css/theme.css 192.168.10.12:39552 60.169µs
2025/07/07 13:49:32 [GET] /css/landing.css 192.168.10.12:39558 108.215µs
2025/07/07 13:49:32 [GET] /css/app.css 192.168.10.12:39542 107.612µs
2025/07/07 13:49:32 [GET] /script.js 192.168.10.12:39552 82.294µs
2025/07/07 13:49:32 [GET] / 192.168.10.15:48312 246.637µs
2025/07/07 13:49:32 [GET] /css/theme.css 192.168.10.15:48312 84.429µs
2025/07/07 13:49:32 [GET] /css/landing.css 192.168.10.15:48324 95.548µs
2025/07/07 13:49:32 [GET] /css/app.css 192.168.10.15:48286 69.668µs
2025/07/07 13:49:32 [GET] /script.js 192.168.10.15:48300 119.834µs
2025/07/07 13:49:34 Mudança detectada em www/css/landing.css, enviando css-update
2025/07/07 13:49:34 [GET] / 192.168.10.12:39552 296.626µs
2025/07/07 13:49:34 [GET] /css/theme.css 192.168.10.12:39552 67.553µs
2025/07/07 13:49:34 [GET] /css/landing.css 192.168.10.12:39542 110.346µs
2025/07/07 13:49:34 [GET] /css/app.css 192.168.10.12:39558 136.936µs
2025/07/07 13:49:34 [GET] /script.js 192.168.10.12:39558 155.048µs
2025/07/07 13:49:34 [GET] / 192.168.10.15:48300 523.441µs
2025/07/07 13:49:34 [GET] /css/theme.css 192.168.10.15:48300 101.566µs
2025/07/07 13:49:34 [GET] /css/landing.css 192.168.10.15:48286 143.817µs
2025/07/07 13:49:34 [GET] /css/app.css 192.168.10.15:48324 109.926µs
2025/07/07 13:49:34 [GET] /script.js 192.168.10.15:48312 117.129µs
2025/07/07 13:49:35 Mudança detectada em www/css/theme.css, enviando css-update
2025/07/07 13:49:35 [GET] / 192.168.10.12:39558 288.778µs
2025/07/07 13:49:35 [GET] /css/theme.css 192.168.10.12:39558 81.06µs
2025/07/07 13:49:35 [GET] /css/landing.css 192.168.10.12:39552 128.373µs
2025/07/07 13:49:35 [GET] /css/app.css 192.168.10.12:39542 136.385µs
2025/07/07 13:49:35 [GET] /script.js 192.168.10.12:39542 151.454µs
2025/07/07 13:49:35 [GET] / 192.168.10.15:48312 283.299µs
2025/07/07 13:49:35 [GET] /css/theme.css 192.168.10.15:48312 131.708µs
2025/07/07 13:49:35 [GET] /css/app.css 192.168.10.15:48286 81.048µs
2025/07/07 13:49:35 [GET] /script.js 192.168.10.15:48300 109.56µs
2025/07/07 13:49:35 [GET] /css/landing.css 192.168.10.15:48324 118.185µs
2025/07/07 13:50:36 [GET] / 192.168.10.12:39542 241.046µs
2025/07/07 13:50:36 [GET] /css/landing.css 192.168.10.12:39552 78.217µs
2025/07/07 13:50:36 [GET] /css/theme.css 192.168.10.12:39542 36.348µs
2025/07/07 13:50:36 [GET] /css/app.css 192.168.10.12:39558 354.7µs
2025/07/07 13:50:36 [GET] /script.js 192.168.10.12:39556 912.405µs
2025/07/07 13:58:10 Mudança detectada em www/css/app.css, enviando css-update
2025/07/07 13:58:10 [GET] / 192.168.10.12:40556 324.629µs
2025/07/07 13:58:10 [GET] /css/theme.css 192.168.10.12:40556 105.595µs
2025/07/07 13:58:10 [GET] /css/app.css 192.168.10.12:40578 120.163µs
2025/07/07 13:58:10 [GET] /css/landing.css 192.168.10.12:40564 87.433µs
2025/07/07 13:58:10 [GET] /script.js 192.168.10.12:40556 340.003µs
2025/07/07 13:58:10 [GET] / 192.168.10.15:45120 372.854µs
2025/07/07 13:58:10 [GET] /css/theme.css 192.168.10.15:45120 80.865µs
2025/07/07 13:58:10 [GET] /css/landing.css 192.168.10.15:45126 162.325µs
2025/07/07 13:58:10 [GET] /css/app.css 192.168.10.15:45130 131.529µs
2025/07/07 13:58:10 [GET] /script.js 192.168.10.15:45132 1.185969ms
2025/07/07 13:58:12 [GET] / 192.168.10.12:40556 306.925µs
2025/07/07 13:58:12 [GET] /css/theme.css 192.168.10.12:40556 78.222µs
2025/07/07 13:58:12 [GET] /css/landing.css 192.168.10.12:40564 132.619µs
2025/07/07 13:58:12 [GET] /css/app.css 192.168.10.12:40578 191.887µs
2025/07/07 13:58:12 [GET] /script.js 192.168.10.12:40600 195.203µs
2025/07/07 13:58:29 [GET] / 192.168.10.12:40600 653.674µs
2025/07/07 13:58:29 [GET] /css/theme.css 192.168.10.12:40600 108.826µs
2025/07/07 13:58:29 [GET] /css/landing.css 192.168.10.12:40600 156.227µs
2025/07/07 13:58:29 [GET] /css/app.css 192.168.10.12:40578 141.011µs
2025/07/07 13:58:29 [GET] /script.js 192.168.10.12:40564 239.269µs
2025/07/07 13:59:56 [GET] / 192.168.10.12:40564 3.672572ms
2025/07/07 13:59:56 [GET] /css/theme.css 192.168.10.12:40564 143.383µs
2025/07/07 13:59:56 [GET] /css/landing.css 192.168.10.12:40564 212.607µs
2025/07/07 13:59:56 [GET] /css/app.css 192.168.10.12:40600 161.548µs
2025/07/07 13:59:56 [GET] /script.js 192.168.10.12:40578 198.66µs
2025/07/07 14:02:15 Mudança detectada em www/css/style.css, enviando css-update
2025/07/07 14:02:15 [GET] / 192.168.10.12:40578 272.225µs
2025/07/07 14:02:15 [GET] /css/theme.css 192.168.10.12:40578 75.812µs
2025/07/07 14:02:15 [GET] /css/landing.css 192.168.10.12:40600 99.621µs
2025/07/07 14:02:15 [GET] /css/app.css 192.168.10.12:40564 98.219µs
2025/07/07 14:02:15 [GET] /script.js 192.168.10.12:40564 203.122µs
2025/07/07 14:02:15 [GET] / 192.168.10.15:45132 342.167µs
2025/07/07 14:02:15 [GET] /css/theme.css 192.168.10.15:45132 72.817µs
2025/07/07 14:02:15 [GET] /css/app.css 192.168.10.15:45126 151.253µs
2025/07/07 14:02:15 [GET] /script.js 192.168.10.15:45120 205.848µs
2025/07/07 14:02:15 [GET] /css/landing.css 192.168.10.15:45130 72.36µs
2025/07/07 14:04:56 Mudança detectada em www/css/style.css, enviando css-update
2025/07/07 14:04:56 [GET] / 192.168.10.12:33534 246.125µs
2025/07/07 14:04:56 [GET] /css/theme.css 192.168.10.12:33534 71.066µs
2025/07/07 14:04:56 [GET] /css/landing.css 192.168.10.12:33538 98.509µs
2025/07/07 14:04:56 [GET] /css/app.css 192.168.10.12:33548 138.346µs
2025/07/07 14:04:56 [GET] /script.js 192.168.10.12:33548 130.912µs
2025/07/07 14:04:56 [GET] / 192.168.10.15:43482 260.462µs
2025/07/07 14:04:56 [GET] /css/theme.css 192.168.10.15:43482 78.485µs
2025/07/07 14:04:56 [GET] /css/landing.css 192.168.10.15:43466 191.42µs
2025/07/07 14:04:56 [GET] /css/app.css 192.168.10.15:43494 139.8µs
2025/07/07 14:04:56 [GET] /script.js 192.168.10.15:43492 119.948µs
2025/07/07 14:04:58 [GET] / 192.168.10.12:33548 645.471µs
2025/07/07 14:04:58 [GET] /css/theme.css 192.168.10.12:33548 163.743µs
2025/07/07 14:04:58 [GET] /css/landing.css 192.168.10.12:33538 189.714µs
2025/07/07 14:04:58 [GET] /css/app.css 192.168.10.12:33534 184.076µs
2025/07/07 14:04:58 [GET] /script.js 192.168.10.12:33548 244.532µs
2025/07/07 14:05:01 [GET] / 192.168.10.12:33548 801.752µs
2025/07/07 14:05:01 [GET] /css/theme.css 192.168.10.12:33548 124.168µs
2025/07/07 14:05:01 [GET] /css/landing.css 192.168.10.12:33534 135.854µs
2025/07/07 14:05:01 [GET] /css/app.css 192.168.10.12:33538 160.828µs
2025/07/07 14:05:01 [GET] /script.js 192.168.10.12:33560 261.802µs
2025/07/07 14:05:14 Mudança detectada em www/style.css, enviando css-update
2025/07/07 14:05:14 [GET] / 192.168.10.12:33560 320.083µs
2025/07/07 14:05:14 [GET] /css/landing.css 192.168.10.12:33538 263.241µs
2025/07/07 14:05:14 [GET] /css/app.css 192.168.10.12:33534 91.283µs
2025/07/07 14:05:14 [GET] /css/theme.css 192.168.10.12:33560 71.154µs
2025/07/07 14:05:14 [GET] /script.js 192.168.10.12:33534 135.244µs
2025/07/07 14:05:14 [GET] / 192.168.10.15:43492 247.652µs
2025/07/07 14:05:14 [GET] /css/theme.css 192.168.10.15:43492 80.484µs
2025/07/07 14:05:14 [GET] /css/landing.css 192.168.10.15:43494 91.564µs
2025/07/07 14:05:14 [GET] /css/app.css 192.168.10.15:43466 75.138µs
2025/07/07 14:05:14 [GET] /script.js 192.168.10.15:43482 102.288µs
2025/07/07 14:05:16 [GET] / 192.168.10.12:33534 218.928µs
2025/07/07 14:05:16 [GET] /css/theme.css 192.168.10.12:33534 72.737µs
2025/07/07 14:05:16 [GET] /css/landing.css 192.168.10.12:33538 109.424µs
2025/07/07 14:05:16 [GET] /css/app.css 192.168.10.12:33560 202.471µs
2025/07/07 14:05:16 [GET] /script.js 192.168.10.12:33548 187.938µs
2025/07/07 14:13:45 Mudança detectada em www/index.html, enviando reload
2025/07/07 14:13:45 [GET] / 192.168.10.12:39358 396.863µs
2025/07/07 14:13:45 [GET] /css/theme.css 192.168.10.12:39358 81.633µs
2025/07/07 14:13:45 [GET] /css/landing.css 192.168.10.12:39358 160.505µs
2025/07/07 14:13:45 [GET] /css/app.css 192.168.10.12:39360 132.545µs
2025/07/07 14:13:45 [GET] / 192.168.10.15:45678 368.348µs
2025/07/07 14:13:45 [GET] /css/theme.css 192.168.10.15:45678 84.054µs
2025/07/07 14:13:45 [GET] /css/landing.css 192.168.10.15:45682 115.965µs
2025/07/07 14:13:45 [GET] /css/app.css 192.168.10.15:45686 153.11µs
2025/07/07 14:14:32 Mudança detectada em www/index.html, enviando reload
2025/07/07 14:14:34 [GET] / 192.168.10.12:39360 347.468µs
2025/07/07 14:14:34 [GET] /css/theme.css 192.168.10.12:39360 79.288µs
2025/07/07 14:14:34 [GET] /css/landing.css 192.168.10.12:39358 200.746µs
2025/07/07 14:14:34 [GET] /css/app.css 192.168.10.12:40156 121.064µs
2025/07/07 14:14:34 [GET] /js/app.js 192.168.10.12:40166 1.570363ms
2025/07/07 14:14:34 [GET] /js/storage.js 192.168.10.12:40166 452.996µs
2025/07/07 14:14:34 [GET] /js/vcard.js 192.168.10.12:39358 515.899µs
2025/07/07 14:14:34 [GET] /js/ui.js 192.168.10.12:40156 705.269µs
2025/07/07 14:17:46 Mudança detectada em www/css/theme.css, enviando css-update
2025/07/07 14:17:46 [GET] / 192.168.10.12:40156 282.849µs
2025/07/07 14:17:46 [GET] /css/theme.css 192.168.10.12:40156 92.391µs
2025/07/07 14:17:46 [GET] /css/landing.css 192.168.10.12:40156 111.345µs
2025/07/07 14:17:46 [GET] /css/app.css 192.168.10.12:40156 112.836µs
2025/07/07 14:17:46 [GET] /js/app.js 192.168.10.12:40156 112.352µs
2025/07/07 14:17:46 [GET] /js/storage.js 192.168.10.12:40156 77.328µs
2025/07/07 14:17:46 [GET] /js/ui.js 192.168.10.12:39358 135.362µs
2025/07/07 14:17:46 [GET] /js/vcard.js 192.168.10.12:40166 93.404µs
2025/07/07 14:17:47 [GET] / 192.168.10.12:39358 394.993µs
2025/07/07 14:17:47 [GET] /js/app.js 192.168.10.12:39360 218.787µs
2025/07/07 14:17:47 [GET] /css/app.css 192.168.10.12:40156 91.229µs
2025/07/07 14:17:47 [GET] /css/landing.css 192.168.10.12:40166 104.179µs
2025/07/07 14:17:47 [GET] /css/theme.css 192.168.10.12:39358 49.918µs
2025/07/07 14:17:48 [GET] /js/vcard.js 192.168.10.12:39360 76.505µs
2025/07/07 14:17:48 [GET] /js/ui.js 192.168.10.12:40156 82.655µs
2025/07/07 14:17:48 [GET] /js/storage.js 192.168.10.12:40166 35.255µs
2025/07/07 14:18:02 Mudança detectada em www/css/theme.css, enviando css-update
2025/07/07 14:18:02 [GET] / 192.168.10.12:40156 301.659µs
2025/07/07 14:18:02 [GET] /css/theme.css 192.168.10.12:40156 99.279µs
2025/07/07 14:18:02 [GET] /css/app.css 192.168.10.12:40166 160.908µs
2025/07/07 14:18:02 [GET] /css/landing.css 192.168.10.12:40156 81.985µs
2025/07/07 14:18:02 [GET] /js/app.js 192.168.10.12:40156 174.448µs
2025/07/07 14:18:02 [GET] /js/storage.js 192.168.10.12:40156 81.03µs
2025/07/07 14:18:02 [GET] /js/vcard.js 192.168.10.12:40166 82.62µs
2025/07/07 14:18:02 [GET] /js/ui.js 192.168.10.12:40156 165.401µs
2025/07/07 14:18:10 Mudança detectada em www/css/theme.css, enviando css-update
2025/07/07 14:18:10 [GET] / 192.168.10.12:40156 352.596µs
2025/07/07 14:18:10 [GET] /css/theme.css 192.168.10.12:40156 100.902µs
2025/07/07 14:18:10 [GET] /css/landing.css 192.168.10.12:40166 189.149µs
2025/07/07 14:18:10 [GET] /css/app.css 192.168.10.12:39360 150.508µs
2025/07/07 14:18:10 [GET] /js/app.js 192.168.10.12:40156 163.928µs
2025/07/07 14:18:10 [GET] /js/storage.js 192.168.10.12:40156 77.408µs
2025/07/07 14:18:10 [GET] /js/ui.js 192.168.10.12:39360 158.031µs
2025/07/07 14:18:10 [GET] /js/vcard.js 192.168.10.12:40166 219.351µs
2025/07/07 14:18:27 Mudança detectada em www/css/theme.css, enviando css-update
2025/07/07 14:18:27 [GET] / 192.168.10.12:39360 236.921µs
2025/07/07 14:18:27 [GET] /css/theme.css 192.168.10.12:39360 70.927µs
2025/07/07 14:18:27 [GET] /css/landing.css 192.168.10.12:40166 125.823µs
2025/07/07 14:18:27 [GET] /css/app.css 192.168.10.12:40156 87.102µs
2025/07/07 14:18:27 [GET] /js/app.js 192.168.10.12:39360 118.834µs
2025/07/07 14:18:27 [GET] /js/storage.js 192.168.10.12:39360 90.171µs
2025/07/07 14:18:27 [GET] /js/ui.js 192.168.10.12:40156 76.979µs
2025/07/07 14:18:27 [GET] /js/vcard.js 192.168.10.12:40166 41.287µs
2025/07/07 14:18:35 Mudança detectada em www/css/landing.css, enviando css-update
2025/07/07 14:18:35 [GET] / 192.168.10.12:40156 320.982µs
2025/07/07 14:18:35 [GET] /css/theme.css 192.168.10.12:40156 92.869µs
2025/07/07 14:18:35 [GET] /css/landing.css 192.168.10.12:40156 135.992µs
2025/07/07 14:18:35 [GET] /css/app.css 192.168.10.12:40166 85.274µs
2025/07/07 14:18:35 [GET] /js/app.js 192.168.10.12:40156 131.394µs
2025/07/07 14:18:35 [GET] /js/storage.js 192.168.10.12:40156 65.442µs
2025/07/07 14:18:35 [GET] /js/vcard.js 192.168.10.12:39360 34.774µs
2025/07/07 14:18:35 [GET] /js/ui.js 192.168.10.12:40166 97.162µs
2025/07/07 14:18:37 [GET] / 192.168.10.12:40166 311.108µs
2025/07/07 14:18:37 [GET] /css/theme.css 192.168.10.12:40166 96.449µs
2025/07/07 14:18:37 [GET] /js/app.js 192.168.10.12:39358 82.18µs
2025/07/07 14:18:37 [GET] /css/app.css 192.168.10.12:40156 75.212µs
2025/07/07 14:18:37 [GET] /css/landing.css 192.168.10.12:39360 77.094µs
2025/07/07 14:18:37 [GET] /js/storage.js 192.168.10.12:39360 84.653µs
2025/07/07 14:18:37 [GET] /js/ui.js 192.168.10.12:40156 75.489µs
2025/07/07 14:18:37 [GET] /js/vcard.js 192.168.10.12:39358 55.131µs
2025/07/07 14:18:41 [GET] / 192.168.10.12:40156 235.052µs
2025/07/07 14:18:41 [GET] /css/theme.css 192.168.10.12:40156 76.78µs
2025/07/07 14:18:41 [GET] /css/landing.css 192.168.10.12:39358 134.612µs
2025/07/07 14:18:41 [GET] /js/app.js 192.168.10.12:40166 81.946µs
2025/07/07 14:18:41 [GET] /css/app.css 192.168.10.12:39360 62.048µs
2025/07/07 14:18:41 [GET] /js/storage.js 192.168.10.12:39360 73.412µs
2025/07/07 14:18:41 [GET] /js/vcard.js 192.168.10.12:39358 33.815µs
2025/07/07 14:18:41 [GET] /js/ui.js 192.168.10.12:40166 93.709µs
2025/07/07 14:24:14 [GET] / 192.168.10.12:34034 335.943µs
2025/07/07 14:24:14 [GET] /css/landing.css 192.168.10.12:34040 175.17µs
2025/07/07 14:24:14 [GET] /js/app.js 192.168.10.12:34058 107.377µs
2025/07/07 14:24:14 [GET] /css/app.css 192.168.10.12:34042 88.53µs
2025/07/07 14:24:14 [GET] /css/theme.css 192.168.10.12:34034 37.765µs
2025/07/07 14:24:14 [GET] /js/vcard.js 192.168.10.12:34040 101.428µs
2025/07/07 14:24:14 [GET] /js/ui.js 192.168.10.12:34058 102.213µs
2025/07/07 14:24:14 [GET] /js/storage.js 192.168.10.12:34042 37.959µs
2025/07/07 14:26:03 Mudança detectada em www/index.html, enviando reload
2025/07/07 14:26:03 [GET] / 192.168.10.12:34058 357.124µs
2025/07/07 14:26:03 [GET] /css/theme.css 192.168.10.12:34042 86.146µs
2025/07/07 14:26:03 [GET] /css/landing.css 192.168.10.12:34040 115.79µs
2025/07/07 14:26:03 [GET] /css/app.css 192.168.10.12:34034 124.292µs
2025/07/07 14:26:03 [GET] /js/storage.js 192.168.10.12:34042 108.173µs
2025/07/07 14:26:03 [GET] /js/app.js 192.168.10.12:47232 173.865µs
2025/07/07 14:26:03 [GET] /js/ui.js 192.168.10.12:34040 720.351µs
2025/07/07 14:26:03 [GET] /js/vcard.js 192.168.10.12:34058 1.16483ms
2025/07/07 14:27:35 Mudança detectada em www/js/vcard.js, enviando js-update
2025/07/07 14:27:35 [GET] / 192.168.10.12:34040 306.639µs
2025/07/07 14:27:35 [GET] /css/theme.css 192.168.10.12:34040 96.494µs
2025/07/07 14:27:35 [GET] /css/landing.css 192.168.10.12:47232 159.303µs
2025/07/07 14:27:35 [GET] /css/app.css 192.168.10.12:34058 153.52µs
2025/07/07 14:27:35 [GET] /js/storage.js 192.168.10.12:34058 82.057µs
2025/07/07 14:27:35 [GET] /js/vcard.js 192.168.10.12:47232 79.156µs
2025/07/07 14:27:35 [GET] /js/ui.js 192.168.10.12:47232 112.969µs
2025/07/07 14:27:35 [GET] /js/app.js 192.168.10.12:34058 645.599µs
2025/07/07 14:27:41 Mudança detectada em www/js/storage.js, enviando js-update
2025/07/07 14:27:41 [GET] / 192.168.10.12:34058 393.675µs
2025/07/07 14:27:41 [GET] /css/theme.css 192.168.10.12:34058 76.774µs
2025/07/07 14:27:41 [GET] /css/landing.css 192.168.10.12:47232 91.166µs
2025/07/07 14:27:41 [GET] /css/app.css 192.168.10.12:34040 120.931µs
2025/07/07 14:27:41 [GET] /js/storage.js 192.168.10.12:34040 72.462µs
2025/07/07 14:27:41 [GET] /js/vcard.js 192.168.10.12:47232 69.555µs
2025/07/07 14:27:41 [GET] /js/app.js 192.168.10.12:34040 96.346µs
2025/07/07 14:27:41 [GET] /js/ui.js 192.168.10.12:47232 133.993µs
2025/07/07 14:28:00 Mudança detectada em www/js/storage.js, enviando js-update
2025/07/07 14:28:00 [GET] / 192.168.10.12:47232 377.004µs
2025/07/07 14:28:00 [GET] /css/theme.css 192.168.10.12:47232 78.057µs
2025/07/07 14:28:00 [GET] /css/app.css 192.168.10.12:34058 127.623µs
2025/07/07 14:28:00 [GET] /css/landing.css 192.168.10.12:34040 83.659µs
2025/07/07 14:28:00 [GET] /js/vcard.js 192.168.10.12:34058 36.613µs
2025/07/07 14:28:00 [GET] /js/storage.js 192.168.10.12:34040 86.501µs
2025/07/07 14:28:00 [GET] /js/ui.js 192.168.10.12:34040 137.407µs
2025/07/07 14:28:00 [GET] /js/app.js 192.168.10.12:34058 99.719µs
2025/07/07 14:28:03 Mudança detectada em www/js/vcard.js, enviando js-update
2025/07/07 14:28:03 [GET] / 192.168.10.12:34040 328.238µs
2025/07/07 14:28:03 [GET] /css/theme.css 192.168.10.12:34040 78.896µs
2025/07/07 14:28:03 [GET] /css/landing.css 192.168.10.12:34058 133.983µs
2025/07/07 14:28:03 [GET] /css/app.css 192.168.10.12:47232 177.839µs
2025/07/07 14:28:03 [GET] /js/storage.js 192.168.10.12:34058 80.899µs
2025/07/07 14:28:03 [GET] /js/vcard.js 192.168.10.12:47232 74.705µs
2025/07/07 14:28:03 [GET] /js/ui.js 192.168.10.12:47232 141.268µs
2025/07/07 14:28:03 [GET] /js/app.js 192.168.10.12:34058 118.937µs
2025/07/07 14:28:04 Mudança detectada em www/js/vcard.js, enviando js-update
2025/07/07 14:28:04 [GET] / 192.168.10.12:34058 1.208334ms
2025/07/07 14:28:04 [GET] /css/theme.css 192.168.10.12:34058 92.786µs
2025/07/07 14:28:04 [GET] /css/landing.css 192.168.10.12:47232 120.688µs
2025/07/07 14:28:04 [GET] /css/app.css 192.168.10.12:34040 90.202µs
2025/07/07 14:28:04 [GET] /js/storage.js 192.168.10.12:34040 191.413µs
2025/07/07 14:28:04 [GET] /js/vcard.js 192.168.10.12:47232 107.393µs
2025/07/07 14:28:04 [GET] /js/ui.js 192.168.10.12:34040 326.144µs
2025/07/07 14:28:04 [GET] /js/app.js 192.168.10.12:47232 1.290292ms
2025/07/07 14:28:36 [GET] / 192.168.10.12:47232 463.786µs
2025/07/07 14:28:36 [GET] /css/theme.css 192.168.10.12:47232 97.935µs
2025/07/07 14:28:36 [GET] /css/landing.css 192.168.10.12:47232 178.174µs
2025/07/07 14:28:36 [GET] /css/app.css 192.168.10.12:34040 190.972µs
2025/07/07 14:28:36 [GET] /js/storage.js 192.168.10.12:34058 80.134µs
2025/07/07 14:28:36 [GET] /js/vcard.js 192.168.10.12:34042 91.258µs
2025/07/07 14:28:36 [GET] /js/ui.js 192.168.10.12:34034 101.233µs
2025/07/07 14:28:36 [GET] /js/app.js 192.168.10.12:34396 151.982µs
2025/07/07 14:32:20 Mudança detectada em www/index.html, enviando reload
2025/07/07 14:32:20 [GET] / 192.168.10.12:34396 309.776µs
2025/07/07 14:32:20 [GET] /css/app.css 192.168.10.12:34042 178.11µs
2025/07/07 14:32:20 [GET] /css/theme.css 192.168.10.12:34396 49.174µs
2025/07/07 14:32:20 [GET] /css/landing.css 192.168.10.12:34034 91.669µs
2025/07/07 14:32:20 [GET] /js/storage.js 192.168.10.12:34034 125.909µs
2025/07/07 14:32:20 [GET] /js/vcard.js 192.168.10.12:34042 143.104µs
2025/07/07 14:32:20 [GET] /js/ui.js 192.168.10.12:34034 131.34µs
2025/07/07 14:32:20 [GET] /js/app.js 192.168.10.12:34034 188.327µs
2025/07/07 14:34:48 Mudança detectada em www/css/theme.css, enviando css-update
2025/07/07 14:34:48 [GET] / 192.168.10.12:34034 320.79µs
2025/07/07 14:34:48 [GET] /css/theme.css 192.168.10.12:34034 106.899µs
2025/07/07 14:34:48 [GET] /css/landing.css 192.168.10.12:34042 161.529µs
2025/07/07 14:34:48 [GET] /css/app.css 192.168.10.12:34396 603.107µs
2025/07/07 14:34:48 [GET] /js/storage.js 192.168.10.12:34396 80.371µs
2025/07/07 14:34:48 [GET] /js/vcard.js 192.168.10.12:34042 73.234µs
2025/07/07 14:34:48 [GET] /js/ui.js 192.168.10.12:34042 120.907µs
2025/07/07 14:34:48 [GET] /js/app.js 192.168.10.12:34396 114.005µs
2025/07/07 14:34:59 Mudança detectada em www/js/ui.js, enviando js-update
2025/07/07 14:34:59 [GET] / 192.168.10.12:50568 429.54µs
2025/07/07 14:34:59 [GET] /css/theme.css 192.168.10.12:50568 72.392µs
2025/07/07 14:34:59 [GET] /css/app.css 192.168.10.12:50582 103.711µs
2025/07/07 14:34:59 [GET] /css/landing.css 192.168.10.12:50574 109.412µs
2025/07/07 14:34:59 [GET] /js/storage.js 192.168.10.12:50574 83.504µs
2025/07/07 14:34:59 [GET] /js/vcard.js 192.168.10.12:50582 76.968µs
2025/07/07 14:34:59 [GET] /js/ui.js 192.168.10.12:50582 138.09µs
2025/07/07 14:34:59 [GET] /js/app.js 192.168.10.12:50574 91.119µs
2025/07/07 14:35:14 Mudança detectada em www/js/app.js, enviando js-update
2025/07/07 14:35:14 [GET] / 192.168.10.12:50574 344.466µs
2025/07/07 14:35:14 [GET] /css/theme.css 192.168.10.12:50574 68.073µs
2025/07/07 14:35:14 [GET] /css/landing.css 192.168.10.12:50582 122.089µs
2025/07/07 14:35:14 [GET] /css/app.css 192.168.10.12:50568 136.761µs
2025/07/07 14:35:14 [GET] /js/storage.js 192.168.10.12:50568 87.037µs
2025/07/07 14:35:14 [GET] /js/vcard.js 192.168.10.12:50582 143.819µs
2025/07/07 14:35:14 [GET] /js/ui.js 192.168.10.12:50582 143.027µs
2025/07/07 14:35:14 [GET] /js/app.js 192.168.10.12:50568 118.239µs
2025/07/07 14:35:20 Mudança detectada em www/js/vcard.js, enviando js-update
2025/07/07 14:35:20 [GET] / 192.168.10.12:50568 441.931µs
2025/07/07 14:35:21 [GET] /css/theme.css 192.168.10.12:50568 121.942µs
2025/07/07 14:35:21 [GET] /css/app.css 192.168.10.12:50574 85.846µs
2025/07/07 14:35:21 [GET] /css/landing.css 192.168.10.12:50582 70.473µs
2025/07/07 14:35:21 [GET] /js/vcard.js 192.168.10.12:50574 51.564µs
2025/07/07 14:35:21 [GET] /js/storage.js 192.168.10.12:50582 84.321µs
2025/07/07 14:35:21 [GET] /js/ui.js 192.168.10.12:50582 116.386µs
2025/07/07 14:35:21 [GET] /js/app.js 192.168.10.12:50574 570.377µs
2025/07/07 14:35:23 [GET] / 192.168.10.12:50574 464.537µs
2025/07/07 14:35:23 [GET] /css/theme.css 192.168.10.12:50574 106.98µs
2025/07/07 14:35:23 [GET] /css/landing.css 192.168.10.12:50574 132.065µs
2025/07/07 14:35:23 [GET] /css/app.css 192.168.10.12:50582 139.622µs
2025/07/07 14:35:23 [GET] /js/storage.js 192.168.10.12:50568 84.459µs
2025/07/07 14:35:23 [GET] /js/vcard.js 192.168.10.12:36822 85.812µs
2025/07/07 14:35:23 [GET] /js/ui.js 192.168.10.12:36830 115.123µs
2025/07/07 14:35:23 [GET] /js/app.js 192.168.10.12:36838 125.069µs
2025/07/07 14:35:28 Mudança detectada em www/js/vcard.js, enviando js-update
2025/07/07 14:35:28 [GET] / 192.168.10.12:36838 313.572µs
2025/07/07 14:35:28 [GET] /css/theme.css 192.168.10.12:36838 75.583µs
2025/07/07 14:35:28 [GET] /css/landing.css 192.168.10.12:36838 190.628µs
2025/07/07 14:35:28 [GET] /css/app.css 192.168.10.12:36830 144.363µs
2025/07/07 14:35:28 [GET] /js/storage.js 192.168.10.12:36822 65.297µs
2025/07/07 14:35:28 [GET] /js/vcard.js 192.168.10.12:50568 69.994µs
2025/07/07 14:35:28 [GET] /js/ui.js 192.168.10.12:50582 66.031µs
2025/07/07 14:35:28 [GET] /js/app.js 192.168.10.12:50574 63.523µs
2025/07/07 14:35:30 [GET] / 192.168.10.12:50574 502.948µs
2025/07/07 14:35:30 [GET] /css/theme.css 192.168.10.12:50574 116.384µs
2025/07/07 14:35:30 [GET] /css/app.css 192.168.10.12:50568 191.756µs
2025/07/07 14:35:30 [GET] /css/landing.css 192.168.10.12:50582 148.831µs
2025/07/07 14:35:30 [GET] /js/storage.js 192.168.10.12:50574 108.208µs
2025/07/07 14:35:30 [GET] /js/vcard.js 192.168.10.12:36830 120.204µs
2025/07/07 14:35:30 [GET] /js/ui.js 192.168.10.12:36838 128.654µs
2025/07/07 14:35:30 [GET] /js/app.js 192.168.10.12:36822 175.95µs
2025/07/07 14:35:48 Mudança detectada em www/js/app.js, enviando js-update
2025/07/07 14:35:48 [GET] / 192.168.10.12:36822 281.214µs
2025/07/07 14:35:48 [GET] /css/theme.css 192.168.10.12:36822 108.947µs
2025/07/07 14:35:48 [GET] /css/landing.css 192.168.10.12:36830 118.481µs
2025/07/07 14:35:48 [GET] /css/app.css 192.168.10.12:36838 108.247µs
2025/07/07 14:35:48 [GET] /js/storage.js 192.168.10.12:50582 88.627µs
2025/07/07 14:35:48 [GET] /js/vcard.js 192.168.10.12:50568 66.371µs
2025/07/07 14:35:48 [GET] /js/ui.js 192.168.10.12:50574 128.565µs
2025/07/07 14:35:48 [GET] /js/app.js 192.168.10.12:36822 135.88µs
2025/07/07 14:35:51 [GET] / 192.168.10.12:36822 457.895µs
2025/07/07 14:35:51 [GET] /css/theme.css 192.168.10.12:36822 119.886µs
2025/07/07 14:35:51 [GET] /css/landing.css 192.168.10.12:50574 261.213µs
2025/07/07 14:35:51 [GET] /css/app.css 192.168.10.12:50568 183.878µs
2025/07/07 14:35:51 [GET] /js/storage.js 192.168.10.12:36838 112.365µs
2025/07/07 14:35:51 [GET] /js/vcard.js 192.168.10.12:36830 142.44µs
2025/07/07 14:35:51 [GET] /js/ui.js 192.168.10.12:50582 498.05µs
2025/07/07 14:35:51 [GET] /js/app.js 192.168.10.12:36822 131.318µs
2025/07/07 14:36:00 Mudança detectada em www/js/storage.js, enviando js-update
2025/07/07 14:36:00 [GET] / 192.168.10.12:50582 575.135µs
2025/07/07 14:36:00 [GET] /css/theme.css 192.168.10.12:50582 112.294µs
2025/07/07 14:36:00 [GET] /css/landing.css 192.168.10.12:36822 148.455µs
2025/07/07 14:36:00 [GET] /css/app.css 192.168.10.12:36830 157.239µs
2025/07/07 14:36:00 [GET] /js/storage.js 192.168.10.12:50568 106.257µs
2025/07/07 14:36:00 [GET] /js/ui.js 192.168.10.12:36838 137.35µs
2025/07/07 14:36:00 [GET] /js/vcard.js 192.168.10.12:50574 424.924µs
2025/07/07 14:36:00 [GET] /js/app.js 192.168.10.12:50582 263.13µs
2025/07/07 14:36:03 Mudança detectada em www/js/app.js, enviando js-update
2025/07/07 14:36:03 [GET] / 192.168.10.12:50582 220.855µs
2025/07/07 14:36:03 [GET] /css/theme.css 192.168.10.12:50582 88.996µs
2025/07/07 14:36:03 [GET] /css/landing.css 192.168.10.12:50574 121.195µs
2025/07/07 14:36:03 [GET] /css/app.css 192.168.10.12:36838 72.858µs
2025/07/07 14:36:03 [GET] /js/vcard.js 192.168.10.12:36822 66.294µs
2025/07/07 14:36:03 [GET] /js/storage.js 192.168.10.12:36830 280.663µs
2025/07/07 14:36:03 [GET] /js/ui.js 192.168.10.12:50568 100.342µs
2025/07/07 14:36:03 [GET] /js/app.js 192.168.10.12:50582 142.849µs
2025/07/07 14:36:05 Mudança detectada em www/js/vcard.js, enviando js-update
2025/07/07 14:36:05 [GET] / 192.168.10.12:50582 216.89µs
2025/07/07 14:36:05 [GET] /css/theme.css 192.168.10.12:50582 75.962µs
2025/07/07 14:36:05 [GET] /css/landing.css 192.168.10.12:50568 87.174µs
2025/07/07 14:36:05 [GET] /css/app.css 192.168.10.12:36822 113.996µs
2025/07/07 14:36:05 [GET] /js/storage.js 192.168.10.12:36838 90.389µs
2025/07/07 14:36:05 [GET] /js/vcard.js 192.168.10.12:50574 74.955µs
2025/07/07 14:36:05 [GET] /js/ui.js 192.168.10.12:36830 166.456µs
2025/07/07 14:36:05 [GET] /js/app.js 192.168.10.12:50582 115.282µs
2025/07/07 14:36:07 Mudança detectada em www/js/app.js, enviando js-update
2025/07/07 14:36:07 [GET] / 192.168.10.12:50582 218.905µs
2025/07/07 14:36:07 [GET] /css/theme.css 192.168.10.12:50582 111.292µs
2025/07/07 14:36:07 [GET] /css/landing.css 192.168.10.12:36830 123.341µs
2025/07/07 14:36:07 [GET] /css/app.css 192.168.10.12:50574 113.244µs
2025/07/07 14:36:07 [GET] /js/storage.js 192.168.10.12:36822 57.187µs
2025/07/07 14:36:07 [GET] /js/vcard.js 192.168.10.12:50568 89.686µs
2025/07/07 14:36:07 [GET] /js/ui.js 192.168.10.12:36838 545.87µs
2025/07/07 14:36:07 [GET] /js/app.js 192.168.10.12:50582 143.398µs
2025/07/07 14:36:09 Mudança detectada em www/js/app.js, enviando js-update
2025/07/07 14:36:09 [GET] / 192.168.10.12:50582 220.224µs
2025/07/07 14:36:09 [GET] /js/vcard.js 192.168.10.12:36830 109.722µs
2025/07/07 14:36:09 [GET] /js/storage.js 192.168.10.12:50574 45.03µs
2025/07/07 14:36:09 [GET] /css/app.css 192.168.10.12:50568 73.003µs
2025/07/07 14:36:09 [GET] /css/theme.css 192.168.10.12:50582 34.707µs
2025/07/07 14:36:09 [GET] /css/landing.css 192.168.10.12:36838 67.267µs
2025/07/07 14:36:09 [GET] /js/ui.js 192.168.10.12:36822 68.856µs
2025/07/07 14:36:09 [GET] /js/app.js 192.168.10.12:50574 120.889µs
2025/07/07 14:36:13 [GET] / 192.168.10.12:50574 234.867µs
2025/07/07 14:36:13 [GET] /css/theme.css 192.168.10.12:50574 75.198µs
2025/07/07 14:36:13 [GET] /css/landing.css 192.168.10.12:36822 78.204µs
2025/07/07 14:36:13 [GET] /css/app.css 192.168.10.12:36838 69.901µs
2025/07/07 14:36:13 [GET] /js/storage.js 192.168.10.12:50568 76.982µs
2025/07/07 14:36:13 [GET] /js/vcard.js 192.168.10.12:36830 54.489µs
2025/07/07 14:36:13 [GET] /js/ui.js 192.168.10.12:50582 118.39µs
2025/07/07 14:36:13 [GET] /js/app.js 192.168.10.12:50574 113.023µs
2025/07/07 14:37:28 [GET] / 192.168.10.12:53078 284.461µs
2025/07/07 14:37:28 [GET] /css/theme.css 192.168.10.12:53078 100.725µs
2025/07/07 14:37:28 [GET] /css/landing.css 192.168.10.12:53078 321.341µs
2025/07/07 14:37:28 [GET] /css/app.css 192.168.10.12:53080 969.775µs
2025/07/07 14:37:28 [GET] /js/storage.js 192.168.10.12:53080 107.033µs
2025/07/07 14:37:28 [GET] /js/vcard.js 192.168.10.12:53080 99.207µs
2025/07/07 14:37:28 [GET] /js/app.js 192.168.10.12:53078 151.573µs
2025/07/07 14:37:28 [GET] /js/ui.js 192.168.10.12:53080 85.44µs
2025/07/07 14:37:29 [GET] /favicon.ico 192.168.10.12:53080 29.158µs
2025/07/07 14:37:32 [GET] / 192.168.10.12:53080 1.686151ms
2025/07/07 14:37:32 [GET] /css/theme.css 192.168.10.12:53080 95.678µs
2025/07/07 14:37:32 [GET] /css/landing.css 192.168.10.12:53080 128.214µs
2025/07/07 14:37:32 [GET] /css/app.css 192.168.10.12:53078 73.429µs
2025/07/07 14:37:32 [GET] /js/storage.js 192.168.10.12:53080 75.498µs
2025/07/07 14:37:32 [GET] /js/vcard.js 192.168.10.12:53080 92.95µs
2025/07/07 14:37:32 [GET] /js/ui.js 192.168.10.12:53080 119.902µs
2025/07/07 14:37:32 [GET] /js/app.js 192.168.10.12:53078 67.99µs
2025/07/07 14:38:09 [GET] / 192.168.10.12:50574 293.836µs
2025/07/07 14:38:09 [GET] /css/theme.css 192.168.10.12:50574 69.252µs
2025/07/07 14:38:09 [GET] /css/app.css 192.168.10.12:36830 125.595µs
2025/07/07 14:38:09 [GET] /css/landing.css 192.168.10.12:50582 85.856µs
2025/07/07 14:38:09 [GET] /js/storage.js 192.168.10.12:36838 81.048µs
2025/07/07 14:38:10 [GET] /js/vcard.js 192.168.10.12:36822 101.09µs
2025/07/07 14:38:10 [GET] /js/ui.js 192.168.10.12:50568 115.187µs
2025/07/07 14:38:10 [GET] /js/app.js 192.168.10.12:50574 128.562µs
2025/07/07 14:39:19 Mudança detectada em www/index.html, enviando reload
2025/07/07 14:39:19 [GET] / 192.168.10.12:50574 287.936µs
2025/07/07 14:39:19 [GET] / 192.168.10.12:50574 261.927µs
2025/07/07 14:39:19 [GET] /css/theme.css 192.168.10.12:50574 72.772µs
2025/07/07 14:39:19 [GET] /css/theme.css 192.168.10.12:50568 110.133µs
2025/07/07 14:39:19 [GET] /css/landing.css 192.168.10.12:36822 155.724µs
2025/07/07 14:39:19 [GET] /css/app.css 192.168.10.12:50582 75.674µs
2025/07/07 14:39:19 [GET] /css/landing.css 192.168.10.12:50574 140.42µs
2025/07/07 14:39:19 [GET] /css/app.css 192.168.10.12:36830 142.948µs
2025/07/07 14:39:19 [GET] /js/script.js 192.168.10.12:50574 59.055µs
2025/07/07 14:39:19 [GET] /js/script.js 192.168.10.12:36830 73.235µs
2025/07/07 14:39:30 Mudança detectada em www/js/vcard.js, enviando js-update
2025/07/07 14:39:30 [GET] / 192.168.10.12:36830 296.919µs
2025/07/07 14:39:30 [GET] / 192.168.10.12:50574 2.034523ms
2025/07/07 14:39:30 [GET] /js/script.js 192.168.10.12:36822 61.359µs
2025/07/07 14:39:30 [GET] /css/app.css 192.168.10.12:50582 79.108µs
2025/07/07 14:39:30 [GET] /css/landing.css 192.168.10.12:36830 64.634µs
2025/07/07 14:39:30 [GET] /css/theme.css 192.168.10.12:50574 33.78µs
2025/07/07 14:39:30 [GET] /css/app.css 192.168.10.12:50568 124.65µs
2025/07/07 14:39:30 [GET] /css/landing.css 192.168.10.12:36838 74.621µs
2025/07/07 14:39:30 [GET] /css/theme.css 192.168.10.12:36822 204.067µs
2025/07/07 14:39:30 [GET] /js/script.js 192.168.10.12:36822 64.227µs
2025/07/07 14:39:31 Mudança detectada em www/css/landing.css, enviando css-update
2025/07/07 14:39:31 [GET] / 192.168.10.12:36822 263.557µs
2025/07/07 14:39:31 [GET] / 192.168.10.12:36838 275.595µs
2025/07/07 14:39:31 [GET] /css/theme.css 192.168.10.12:36838 93.738µs
2025/07/07 14:39:31 [GET] /css/landing.css 192.168.10.12:36838 108.649µs
2025/07/07 14:39:31 [GET] /css/app.css 192.168.10.12:36822 497.184µs
2025/07/07 14:39:31 [GET] /js/script.js 192.168.10.12:50568 94.735µs
2025/07/07 14:39:31 [GET] /css/theme.css 192.168.10.12:36830 99.125µs
2025/07/07 14:39:31 [GET] /css/landing.css 192.168.10.12:50582 253.024µs
2025/07/07 14:39:31 [GET] /css/app.css 192.168.10.12:50574 151.847µs
2025/07/07 14:39:31 [GET] /js/script.js 192.168.10.12:50574 127.269µs
2025/07/07 14:39:36 Mudança detectada em www/css/landing.css, enviando css-update
2025/07/07 14:39:36 [GET] / 192.168.10.12:50574 235.448µs
2025/07/07 14:39:36 [GET] / 192.168.10.12:50582 234.743µs
2025/07/07 14:39:36 [GET] /css/theme.css 192.168.10.12:50582 83.072µs
2025/07/07 14:39:36 [GET] /css/landing.css 192.168.10.12:50574 129.167µs
2025/07/07 14:39:36 [GET] /css/app.css 192.168.10.12:36822 122.131µs
2025/07/07 14:39:36 [GET] /js/script.js 192.168.10.12:36838 63.331µs
2025/07/07 14:39:36 [GET] /css/theme.css 192.168.10.12:36822 83.542µs
2025/07/07 14:39:36 [GET] /css/landing.css 192.168.10.12:50574 120.351µs
2025/07/07 14:39:36 [GET] /css/app.css 192.168.10.12:36838 1.283257ms
2025/07/07 14:39:36 [GET] /js/script.js 192.168.10.12:36838 88.992µs
2025/07/07 14:39:37 Mudança detectada em www/css/theme.css, enviando css-update
2025/07/07 14:39:37 [GET] / 192.168.10.12:36838 293.417µs
2025/07/07 14:39:38 [GET] / 192.168.10.12:50574 263.634µs
2025/07/07 14:39:38 [GET] /css/app.css 192.168.10.12:36822 214.918µs
2025/07/07 14:39:38 [GET] /css/landing.css 192.168.10.12:36838 94.876µs
2025/07/07 14:39:38 [GET] /css/theme.css 192.168.10.12:50574 38.505µs
2025/07/07 14:39:38 [GET] /css/landing.css 192.168.10.12:50568 144.121µs
2025/07/07 14:39:38 [GET] /css/app.css 192.168.10.12:36830 74.791µs
2025/07/07 14:39:38 [GET] /js/script.js 192.168.10.12:50582 27.703µs
2025/07/07 14:39:38 [GET] /js/script.js 192.168.10.12:36838 79.143µs
2025/07/07 14:39:38 [GET] /css/theme.css 192.168.10.12:50574 82.845µs
2025/07/07 14:39:39 [GET] / 192.168.10.12:50574 277.876µs
2025/07/07 14:39:39 [GET] /css/theme.css 192.168.10.12:50574 125.776µs
2025/07/07 14:39:39 [GET] /css/app.css 192.168.10.12:36830 78.002µs
2025/07/07 14:39:39 [GET] /css/landing.css 192.168.10.12:36838 87.597µs
2025/07/07 14:39:39 [GET] /js/script.js 192.168.10.12:50568 77.844µs
2025/07/07 14:39:46 Mudança detectada em www/css/theme.css, enviando css-update
2025/07/07 14:39:46 [GET] / 192.168.10.12:36838 354.363µs
2025/07/07 14:39:46 [GET] / 192.168.10.12:36838 265.757µs
2025/07/07 14:39:46 [GET] /css/theme.css 192.168.10.12:36838 75.894µs
2025/07/07 14:39:46 [GET] /css/landing.css 192.168.10.12:36830 205.988µs
2025/07/07 14:39:46 [GET] /css/app.css 192.168.10.12:50568 203.587µs
2025/07/07 14:39:46 [GET] /css/theme.css 192.168.10.12:50568 118.441µs
2025/07/07 14:39:46 [GET] /css/landing.css 192.168.10.12:36830 117.718µs
2025/07/07 14:39:46 [GET] /css/app.css 192.168.10.12:36838 172.878µs
2025/07/07 14:39:46 [GET] /js/script.js 192.168.10.12:50568 80.577µs
2025/07/07 14:39:46 [GET] /js/script.js 192.168.10.12:50574 86.491µs
2025/07/07 14:39:49 Mudança detectada em www/css/landing.css, enviando css-update
2025/07/07 14:39:49 [GET] / 192.168.10.12:50574 278.289µs
2025/07/07 14:39:49 [GET] / 192.168.10.12:50574 284.915µs
2025/07/07 14:39:49 [GET] /css/theme.css 192.168.10.12:50574 95.69µs
2025/07/07 14:39:49 [GET] /css/app.css 192.168.10.12:36838 126.165µs
2025/07/07 14:39:49 [GET] /css/landing.css 192.168.10.12:50574 72.502µs
2025/07/07 14:39:49 [GET] /js/script.js 192.168.10.12:36830 62.596µs
2025/07/07 14:39:49 [GET] /css/theme.css 192.168.10.12:50568 66.72µs
2025/07/07 14:39:49 [GET] /css/app.css 192.168.10.12:50582 72.491µs
2025/07/07 14:39:49 [GET] /css/landing.css 192.168.10.12:36822 135.201µs
2025/07/07 14:39:49 [GET] /js/script.js 192.168.10.12:50582 67.78µs
2025/07/07 14:39:51 Mudança detectada em www/css/app.css, enviando css-update
2025/07/07 14:39:51 [GET] / 192.168.10.12:50582 812.426µs
2025/07/07 14:39:51 [GET] / 192.168.10.12:36822 343.341µs
2025/07/07 14:39:52 [GET] /css/theme.css 192.168.10.12:36822 89.362µs
2025/07/07 14:39:52 [GET] /css/landing.css 192.168.10.12:36822 154.716µs
2025/07/07 14:39:52 [GET] /css/app.css 192.168.10.12:50582 163.224µs
2025/07/07 14:39:52 [GET] /js/script.js 192.168.10.12:50574 75.461µs
2025/07/07 14:39:52 [GET] /css/theme.css 192.168.10.12:50568 46.156µs
2025/07/07 14:39:52 [GET] /css/landing.css 192.168.10.12:36838 72.445µs
2025/07/07 14:39:52 [GET] /css/app.css 192.168.10.12:36830 1.080161ms
2025/07/07 14:39:52 [GET] /js/script.js 192.168.10.12:36838 86.311µs
2025/07/07 14:39:58 Mudança detectada em www/css/app.css, enviando css-update
2025/07/07 14:39:58 [GET] / 192.168.10.12:36838 273.871µs
2025/07/07 14:39:58 [GET] / 192.168.10.12:36838 275.925µs
2025/07/07 14:39:58 [GET] /css/theme.css 192.168.10.12:36838 111.393µs
2025/07/07 14:39:58 [GET] /css/theme.css 192.168.10.12:36830 120.546µs
2025/07/07 14:39:58 [GET] /css/landing.css 192.168.10.12:50582 160.455µs
2025/07/07 14:39:58 [GET] /css/app.css 192.168.10.12:36822 197.711µs
2025/07/07 14:39:58 [GET] /js/script.js 192.168.10.12:50568 77.114µs
2025/07/07 14:39:58 [GET] /css/landing.css 192.168.10.12:36838 146.57µs
2025/07/07 14:39:58 [GET] /css/app.css 192.168.10.12:50574 95.617µs
2025/07/07 14:39:58 [GET] /js/script.js 192.168.10.12:50582 67.388µs
2025/07/07 14:41:56 Mudança detectada em www/js/ui.js, enviando js-update
2025/07/07 14:41:56 [GET] / 192.168.10.12:50582 251.152µs
2025/07/07 14:41:56 [GET] / 192.168.10.12:50582 235.274µs
2025/07/07 14:41:56 [GET] /css/theme.css 192.168.10.12:50582 64.394µs
2025/07/07 14:41:56 [GET] /css/app.css 192.168.10.12:36838 121.706µs
2025/07/07 14:41:56 [GET] /css/landing.css 192.168.10.12:50574 81.414µs
2025/07/07 14:41:56 [GET] /css/app.css 192.168.10.12:36822 135.084µs
2025/07/07 14:41:56 [GET] /css/landing.css 192.168.10.12:50568 102.211µs
2025/07/07 14:41:56 [GET] /css/theme.css 192.168.10.12:36822 81.875µs
2025/07/07 14:41:56 [GET] /js/script.js 192.168.10.12:50568 64.959µs
2025/07/07 14:41:56 [GET] /js/script.js 192.168.10.12:50582 56.369µs
2025/07/07 14:42:01 Mudança detectada em www/js/ui.js, enviando js-update
2025/07/07 14:42:02 [GET] / 192.168.10.12:50582 260.051µs
2025/07/07 14:42:02 [GET] / 192.168.10.12:50582 297.948µs
2025/07/07 14:42:02 [GET] /css/app.css 192.168.10.12:36822 150.397µs
2025/07/07 14:42:02 [GET] /css/landing.css 192.168.10.12:50568 90.083µs
2025/07/07 14:42:02 [GET] /css/theme.css 192.168.10.12:50582 34.36µs
2025/07/07 14:42:02 [GET] /css/app.css 192.168.10.12:50574 126.558µs
2025/07/07 14:42:02 [GET] /css/landing.css 192.168.10.12:36838 139.055µs
2025/07/07 14:42:02 [GET] /css/theme.css 192.168.10.12:36830 65.46µs
2025/07/07 14:42:02 [GET] /js/script.js 192.168.10.12:50574 63.185µs
2025/07/07 14:42:02 [GET] /js/script.js 192.168.10.12:50574 68.351µs
2025/07/07 14:44:23 Mudança detectada em www/js/ui.js, enviando js-update
2025/07/07 14:44:23 [GET] / 192.168.10.12:50574 254.133µs
2025/07/07 14:44:23 [GET] / 192.168.10.12:50574 245.749µs
2025/07/07 14:44:23 [GET] /css/theme.css 192.168.10.12:50574 78.827µs
2025/07/07 14:44:23 [GET] /css/landing.css 192.168.10.12:36838 105.831µs
2025/07/07 14:44:23 [GET] /css/app.css 192.168.10.12:36830 90.857µs
2025/07/07 14:44:23 [GET] /css/landing.css 192.168.10.12:50568 135.552µs
2025/07/07 14:44:23 [GET] /css/app.css 192.168.10.12:36822 77.125µs
2025/07/07 14:44:23 [GET] /css/theme.css 192.168.10.12:36822 72.107µs
2025/07/07 14:44:23 [GET] /js/script.js 192.168.10.12:50568 67.425µs
2025/07/07 14:44:23 [GET] /js/script.js 192.168.10.12:50574 81.909µs
2025/07/07 14:44:49 Mudança detectada em www/js/ui.js, enviando js-update
2025/07/07 14:44:49 [GET] / 192.168.10.12:50574 264.319µs
2025/07/07 14:44:49 [GET] /css/theme.css 192.168.10.12:50574 74.604µs
2025/07/07 14:44:49 [GET] /css/landing.css 192.168.10.12:50568 132.706µs
2025/07/07 14:44:49 [GET] /css/app.css 192.168.10.12:36822 85.969µs
2025/07/07 14:44:49 [GET] /js/script.js 192.168.10.12:36830 68.759µs
2025/07/07 14:44:51 [GET] / 192.168.10.12:36830 255.557µs
2025/07/07 14:44:51 [GET] /css/theme.css 192.168.10.12:36830 92.783µs
2025/07/07 14:44:51 [GET] /css/landing.css 192.168.10.12:50574 134.792µs
2025/07/07 14:44:51 [GET] /css/app.css 192.168.10.12:50568 89.292µs
2025/07/07 14:44:51 [GET] /js/script.js 192.168.10.12:36822 62.476µs
2025/07/07 14:45:13 [GET] / 192.168.10.12:36822 871.172µs
2025/07/07 14:45:13 [GET] /css/theme.css 192.168.10.12:36822 96.076µs
2025/07/07 14:45:13 [GET] /css/landing.css 192.168.10.12:36830 113.387µs
2025/07/07 14:45:13 [GET] /css/app.css 192.168.10.12:50568 115.691µs
2025/07/07 14:45:13 [GET] /js/script.js 192.168.10.12:50568 66.643µs
2025/07/07 14:48:44 Mudança detectada em www/jesus/script.js, enviando js-update
2025/07/07 14:48:44 [GET] / 192.168.10.12:50568 264.344µs
2025/07/07 14:48:44 [GET] /css/theme.css 192.168.10.12:50568 77.19µs
2025/07/07 14:48:44 [GET] /css/app.css 192.168.10.12:36830 164.96µs
2025/07/07 14:48:44 [GET] /css/landing.css 192.168.10.12:50568 98.235µs
2025/07/07 14:48:44 [GET] /js/script.js 192.168.10.12:50568 71.835µs
2025/07/07 14:49:03 Mudança detectada em www/jesus.zip, enviando reload
2025/07/07 14:49:03 [GET] / 192.168.10.12:50568 302.043µs
2025/07/07 14:49:03 [GET] /css/theme.css 192.168.10.12:50568 82.216µs
2025/07/07 14:49:03 [GET] /css/landing.css 192.168.10.12:50568 148.59µs
2025/07/07 14:49:03 [GET] /css/app.css 192.168.10.12:36830 84.436µs
2025/07/07 14:49:03 [GET] /js/script.js 192.168.10.12:36830 64.356µs
2025/07/07 14:49:25 [GET] / 192.168.10.12:49926 239.191µs
2025/07/07 14:49:25 [GET] /css/theme.css 192.168.10.12:49926 88.603µs
2025/07/07 14:49:25 [GET] /css/app.css 192.168.10.12:49942 154.362µs
2025/07/07 14:49:25 [GET] /css/landing.css 192.168.10.12:49926 73.979µs
2025/07/07 14:49:25 [GET] /js/script.js 192.168.10.12:49926 59.632µs
2025/07/07 14:49:26 [GET] /favicon.ico 192.168.10.12:49926 29.995µs
2025/07/07 14:49:27 [GET] / 192.168.10.12:49926 602.312µs
2025/07/07 14:49:27 [GET] /css/theme.css 192.168.10.12:49926 78.423µs
2025/07/07 14:49:27 [GET] /css/landing.css 192.168.10.12:49926 170.167µs
2025/07/07 14:49:27 [GET] /css/app.css 192.168.10.12:49942 131.674µs
2025/07/07 14:49:27 [GET] /js/script.js 192.168.10.12:49942 60.83µs
2025/07/07 14:51:41 Mudança detectada em www/js/app.js, enviando js-update
2025/07/07 14:51:41 [GET] / 192.168.10.12:49942 253.727µs
2025/07/07 14:51:41 [GET] / 192.168.10.12:36830 188.123µs
2025/07/07 14:51:41 [GET] / 192.168.10.12:49926 301.689µs
2025/07/07 14:51:42 [GET] /css/theme.css 192.168.10.12:36830 69.721µs
2025/07/07 14:51:42 [GET] /css/landing.css 192.168.10.12:36830 170.295µs
2025/07/07 14:51:42 [GET] /css/app.css 192.168.10.12:50568 115.684µs
2025/07/07 14:51:42 [GET] /css/theme.css 192.168.10.12:49926 76.103µs
2025/07/07 14:51:42 [GET] /css/landing.css 192.168.10.12:49942 125.651µs
2025/07/07 14:51:42 [GET] /css/app.css 192.168.10.12:35648 195.618µs
2025/07/07 14:51:42 [GET] /css/app.css 192.168.10.12:49926 122.56µs
2025/07/07 14:51:42 [GET] /css/landing.css 192.168.10.12:35670 1.23979ms
2025/07/07 14:51:42 [GET] /css/theme.css 192.168.10.12:35662 1.865696ms
2025/07/07 14:51:42 [GET] /js/script.js 192.168.10.12:50568 98.128µs
2025/07/07 14:51:42 [GET] /js/script.js 192.168.10.12:49942 55.562µs
2025/07/07 14:51:42 [GET] /js/script.js 192.168.10.12:49926 82.909µs
2025/07/07 14:54:01 Mudança detectada em www/js/ui.js, enviando js-update
2025/07/07 14:54:01 [GET] / 192.168.10.12:50568 253.157µs
2025/07/07 14:54:01 [GET] / 192.168.10.12:49926 222.388µs
2025/07/07 14:54:01 [GET] / 192.168.10.12:49942 288.805µs
2025/07/07 14:54:01 [GET] /css/theme.css 192.168.10.12:50568 74.494µs
2025/07/07 14:54:01 [GET] /css/landing.css 192.168.10.12:36830 106.136µs
2025/07/07 14:54:01 [GET] /css/app.css 192.168.10.12:52816 88.738µs
2025/07/07 14:54:01 [GET] /css/landing.css 192.168.10.12:49926 140.685µs
2025/07/07 14:54:01 [GET] /css/theme.css 192.168.10.12:49942 36.493µs
2025/07/07 14:54:01 [GET] /css/app.css 192.168.10.12:35670 67.856µs
2025/07/07 14:54:01 [GET] /js/script.js 192.168.10.12:50568 84.879µs
2025/07/07 14:54:01 [GET] /css/landing.css 192.168.10.12:35662 205.473µs
2025/07/07 14:54:01 [GET] /css/theme.css 192.168.10.12:35648 57.178µs
2025/07/07 14:54:01 [GET] /css/app.css 192.168.10.12:52820 167.437µs
2025/07/07 14:54:01 [GET] /js/script.js 192.168.10.12:35670 83.332µs
2025/07/07 14:54:01 [GET] /js/script.js 192.168.10.12:35662 139.031µs
2025/07/07 14:54:25 Mudança detectada em www/js/ui.js, enviando js-update
2025/07/07 14:54:25 [GET] / 192.168.10.12:50568 472.12µs
2025/07/07 14:54:25 [GET] / 192.168.10.12:35662 391.735µs
2025/07/07 14:54:25 [GET] / 192.168.10.12:52820 1.568874ms
2025/07/07 14:54:25 [GET] /css/theme.css 192.168.10.12:52820 81.192µs
2025/07/07 14:54:25 [GET] /css/app.css 192.168.10.12:35670 135.102µs
2025/07/07 14:54:25 [GET] /css/landing.css 192.168.10.12:35662 80.932µs
2025/07/07 14:54:25 [GET] /css/theme.css 192.168.10.12:50568 40.827µs
2025/07/07 14:54:25 [GET] /css/landing.css 192.168.10.12:52816 140.389µs
2025/07/07 14:54:25 [GET] /css/app.css 192.168.10.12:36830 130.896µs
2025/07/07 14:54:25 [GET] /css/theme.css 192.168.10.12:52820 34.4µs
2025/07/07 14:54:25 [GET] /css/app.css 192.168.10.12:49926 1.89407ms
2025/07/07 14:54:25 [GET] /css/landing.css 192.168.10.12:35648 3.105083ms
2025/07/07 14:54:25 [GET] /js/script.js 192.168.10.12:35662 72.079µs
2025/07/07 14:54:25 [GET] /js/script.js 192.168.10.12:36830 71.543µs
2025/07/07 14:54:25 [GET] /js/script.js 192.168.10.12:49926 120.697µs
2025/07/07 14:54:52 Mudança detectada em www/js/app.js, enviando js-update
2025/07/07 14:54:52 [GET] / 192.168.10.12:36830 243.154µs
2025/07/07 14:54:52 [GET] / 192.168.10.12:49926 282.445µs
2025/07/07 14:54:52 [GET] / 192.168.10.12:49926 257.825µs
2025/07/07 14:54:52 [GET] /css/theme.css 192.168.10.12:36830 84.531µs
2025/07/07 14:54:52 [GET] /css/theme.css 192.168.10.12:49926 87.279µs
2025/07/07 14:54:52 [GET] /css/landing.css 192.168.10.12:52816 203.649µs
2025/07/07 14:54:52 [GET] /css/app.css 192.168.10.12:50568 143.602µs
2025/07/07 14:54:52 [GET] /css/landing.css 192.168.10.12:35648 124.931µs
2025/07/07 14:54:52 [GET] /css/app.css 192.168.10.12:35662 143.976µs
2025/07/07 14:54:52 [GET] /css/theme.css 192.168.10.12:52820 76.083µs
2025/07/07 14:54:52 [GET] /css/app.css 192.168.10.12:49942 74.74µs
2025/07/07 14:54:52 [GET] /css/landing.css 192.168.10.12:35670 194.59µs
2025/07/07 14:54:52 [GET] /js/script.js 192.168.10.12:50568 65.158µs
2025/07/07 14:54:52 [GET] /js/script.js 192.168.10.12:35662 74.059µs
2025/07/07 14:54:52 [GET] /js/script.js 192.168.10.12:35670 49.045µs
2025/07/07 14:54:59 [GET] / 192.168.10.12:50568 861.03µs
2025/07/07 14:54:59 [GET] /css/theme.css 192.168.10.12:50568 92.36µs
2025/07/07 14:54:59 [GET] /css/landing.css 192.168.10.12:50568 114.223µs
2025/07/07 14:54:59 [GET] /css/app.css 192.168.10.12:52816 120.235µs
2025/07/07 14:54:59 [GET] /js/script.js 192.168.10.12:36830 62.974µs
2025/07/07 14:55:16 Mudança detectada em www/jesus/script.js, enviando js-update
2025/07/07 14:55:16 [GET] / 192.168.10.12:36830 240.797µs
2025/07/07 14:55:16 [GET] / 192.168.10.12:35670 222.525µs
2025/07/07 14:55:16 [GET] / 192.168.10.12:35662 227.954µs
2025/07/07 14:55:16 [GET] /css/theme.css 192.168.10.12:36830 72.482µs
2025/07/07 14:55:16 [GET] /css/landing.css 192.168.10.12:52816 125.024µs
2025/07/07 14:55:16 [GET] /css/app.css 192.168.10.12:50568 108.603µs
2025/07/07 14:55:16 [GET] /css/theme.css 192.168.10.12:35662 80.529µs
2025/07/07 14:55:16 [GET] /css/landing.css 192.168.10.12:35670 120.354µs
2025/07/07 14:55:16 [GET] /css/app.css 192.168.10.12:49942 132.451µs
2025/07/07 14:55:16 [GET] /css/theme.css 192.168.10.12:35648 72.504µs
2025/07/07 14:55:16 [GET] /css/landing.css 192.168.10.12:52820 117.708µs
2025/07/07 14:55:16 [GET] /css/app.css 192.168.10.12:49926 166.768µs
2025/07/07 14:55:16 [GET] /js/script.js 192.168.10.12:44394 118.842µs
2025/07/07 14:55:16 [GET] /js/script.js 192.168.10.12:49926 58.091µs
2025/07/07 14:55:16 [GET] /js/script.js 192.168.10.12:52820 58.152µs
2025/07/07 14:55:23 Mudança detectada em www/jesus.zip, enviando reload
2025/07/07 14:55:23 [GET] / 192.168.10.12:52820 253.531µs
2025/07/07 14:55:23 [GET] / 192.168.10.12:44394 218.608µs
2025/07/07 14:55:23 [GET] / 192.168.10.12:49926 7.267208ms
2025/07/07 14:55:23 [GET] /css/theme.css 192.168.10.12:50568 78.127µs
2025/07/07 14:55:23 [GET] /css/landing.css 192.168.10.12:50568 148.696µs
2025/07/07 14:55:23 [GET] /css/app.css 192.168.10.12:44394 131.763µs
2025/07/07 14:55:23 [GET] /js/script.js 192.168.10.12:52816 81.41µs
2025/07/07 14:55:23 [GET] /css/theme.css 192.168.10.12:49926 134.482µs
2025/07/07 14:55:23 [GET] /css/landing.css 192.168.10.12:52820 135.477µs
2025/07/07 14:55:23 [GET] /css/app.css 192.168.10.12:49942 123.394µs
2025/07/07 14:55:23 [GET] /css/theme.css 192.168.10.12:35670 67.909µs
2025/07/07 14:55:23 [GET] /css/landing.css 192.168.10.12:35648 111.953µs
2025/07/07 14:55:23 [GET] /css/app.css 192.168.10.12:35662 647.54µs
2025/07/07 14:55:23 [GET] /js/script.js 192.168.10.12:49942 63.833µs
2025/07/07 14:55:23 [GET] /js/script.js 192.168.10.12:35662 75.586µs
2025/07/07 14:57:04 [GET] / 192.168.10.12:35662 230.058µs
2025/07/07 14:57:04 [GET] /css/theme.css 192.168.10.12:35662 71.149µs
2025/07/07 14:57:04 [GET] /css/landing.css 192.168.10.12:35662 130.637µs
2025/07/07 14:57:04 [GET] /css/app.css 192.168.10.12:35662 684.924µs
2025/07/07 14:57:04 [GET] /js/script.js 192.168.10.12:35662 305.713µs
2025/07/07 14:58:54 Mudança detectada em www/jesus.tar, enviando reload
2025/07/07 14:58:55 [GET] / 192.168.10.12:44394 256.763µs
2025/07/07 14:58:55 [GET] / 192.168.10.12:35662 246.642µs
2025/07/07 14:58:55 [GET] / 192.168.10.12:49942 5.275777ms
2025/07/07 14:58:55 [GET] / 192.168.10.12:35648 328.066µs
2025/07/07 14:58:55 [GET] /css/theme.css 192.168.10.12:44394 72.663µs
2025/07/07 14:58:55 [GET] /css/landing.css 192.168.10.12:50568 140.061µs
2025/07/07 14:58:55 [GET] /css/app.css 192.168.10.12:52816 120.996µs
2025/07/07 14:58:55 [GET] /js/script.js 192.168.10.12:52816 77.654µs
2025/07/07 14:58:55 [GET] /css/theme.css 192.168.10.12:35648 81.173µs
2025/07/07 14:58:55 [GET] /css/app.css 192.168.10.12:35662 89.142µs
2025/07/07 14:58:55 [GET] /css/landing.css 192.168.10.12:49942 87.302µs
2025/07/07 14:58:55 [GET] /css/app.css 192.168.10.12:52820 134.864µs
2025/07/07 14:58:55 [GET] /js/script.js 192.168.10.12:52820 27.246µs
2025/07/07 14:58:55 [GET] /css/landing.css 192.168.10.12:35670 143.784µs
2025/07/07 14:58:55 [GET] /css/theme.css 192.168.10.12:35670 72.87µs
2025/07/07 14:58:55 [GET] /js/script.js 192.168.10.12:49942 70.61µs
2025/07/07 14:58:55 [GET] /css/landing.css 192.168.10.12:35662 152.231µs
2025/07/07 14:58:55 [GET] /css/theme.css 192.168.10.12:35648 220.629µs
2025/07/07 14:58:55 [GET] /css/app.css 192.168.10.12:52820 124.62µs
2025/07/07 14:58:55 [GET] /js/script.js 192.168.10.12:52820 67.142µs
2025/07/07 15:00:54 [GET] / 192.168.10.12:52816 243.686µs
2025/07/07 15:00:54 [GET] /css/theme.css 192.168.10.12:52816 78.21µs
2025/07/07 15:00:54 [GET] /css/landing.css 192.168.10.12:44394 110.548µs
2025/07/07 15:00:54 [GET] /css/app.css 192.168.10.12:50568 103.414µs
2025/07/07 15:00:54 [GET] /js/script.js 192.168.10.12:41482 93.428µs
2025/07/07 15:01:11 Mudança detectada em www/script.js, enviando js-update
2025/07/07 15:01:11 [GET] /script.js 192.168.10.12:52820 189.337µs
2025/07/07 15:01:11 [GET] /script.js 192.168.10.12:35662 634.329µs
2025/07/07 15:01:11 [GET] /script.js 192.168.10.12:41482 181.267µs
2025/07/07 15:01:11 [GET] /script.js 192.168.10.12:35648 179.246µs
2025/07/07 15:01:12 [GET] / 192.168.10.12:41482 313.055µs
2025/07/07 15:01:12 [GET] /css/theme.css 192.168.10.12:41482 89.597µs
2025/07/07 15:01:12 [GET] /css/landing.css 192.168.10.12:52816 127.505µs
2025/07/07 15:01:12 [GET] /css/app.css 192.168.10.12:50568 137.403µs
2025/07/07 15:01:12 [GET] /js/script.js 192.168.10.12:44394 84.544µs
2025/07/07 15:01:19 Mudança detectada em www/js/script.js, enviando js-update
2025/07/07 15:01:19 [GET] / 192.168.10.12:44394 294.173µs
2025/07/07 15:01:19 [GET] / 192.168.10.12:35648 788.096µs
2025/07/07 15:01:19 [GET] / 192.168.10.12:35662 220.432µs
2025/07/07 15:01:19 [GET] / 192.168.10.12:52820 225.834µs
2025/07/07 15:01:19 [GET] /css/theme.css 192.168.10.12:44394 69.121µs
2025/07/07 15:01:19 [GET] /css/landing.css 192.168.10.12:50568 112.562µs
2025/07/07 15:01:19 [GET] /css/app.css 192.168.10.12:52816 81.74µs
2025/07/07 15:01:19 [GET] /css/theme.css 192.168.10.12:35648 44.108µs
2025/07/07 15:01:19 [GET] /js/script.js 192.168.10.12:41482 84.273658ms
2025/07/07 15:01:19 [GET] /css/landing.css 192.168.10.12:35648 146.398µs
2025/07/07 15:01:19 [GET] /css/app.css 192.168.10.12:52820 194.611µs
2025/07/07 15:01:19 [GET] /css/theme.css 192.168.10.12:35662 91.645µs
2025/07/07 15:01:19 [GET] /css/landing.css 192.168.10.12:52820 153.639µs
2025/07/07 15:01:19 [GET] /css/app.css 192.168.10.12:35648 182.721µs
2025/07/07 15:01:19 [GET] /css/theme.css 192.168.10.12:49942 84.853µs
2025/07/07 15:01:19 [GET] /js/script.js 192.168.10.12:35670 145.335µs
2025/07/07 15:01:19 [GET] /css/landing.css 192.168.10.12:43902 152.496µs
2025/07/07 15:01:19 [GET] /css/app.css 192.168.10.12:35662 115.723µs
2025/07/07 15:01:19 [GET] /js/script.js 192.168.10.12:52820 140.799µs
2025/07/07 15:01:19 [GET] /js/script.js 192.168.10.12:52820 162.609µs
2025/07/07 15:02:47 Mudança detectada em www/index.html, enviando reload
2025/07/07 15:02:47 [GET] / 192.168.10.12:52820 1.415048ms
2025/07/07 15:02:47 [GET] / 192.168.10.12:52820 270.987µs
2025/07/07 15:02:47 [GET] / 192.168.10.12:35662 288.647µs
2025/07/07 15:02:47 [GET] / 192.168.10.12:41482 21.038231ms
2025/07/07 15:02:47 [GET] /css/theme.css 192.168.10.12:35662 79.461µs
2025/07/07 15:02:47 [GET] /css/landing.css 192.168.10.12:35662 117.035µs
2025/07/07 15:02:47 [GET] /css/app.css 192.168.10.12:52820 111.233µs
2025/07/07 15:02:47 [GET] /css/theme.css 192.168.10.12:43902 43.584µs
2025/07/07 15:02:47 [GET] /css/landing.css 192.168.10.12:35670 126.443µs
2025/07/07 15:02:47 [GET] /css/app.css 192.168.10.12:35648 124.845µs
2025/07/07 15:02:47 [GET] /css/theme.css 192.168.10.12:41482 63.146µs
2025/07/07 15:02:47 [GET] /css/theme.css 192.168.10.12:35662 554.356µs
2025/07/07 15:02:47 [GET] /css/landing.css 192.168.10.12:49942 136.731µs
2025/07/07 15:02:47 [GET] /css/landing.css 192.168.10.12:44394 141.696µs
2025/07/07 15:02:47 [GET] /css/app.css 192.168.10.12:52816 100.536µs
2025/07/07 15:02:47 [GET] /css/app.css 192.168.10.12:43902 115.898µs
2025/07/07 15:02:47 [GET] /js/script.js 192.168.10.12:52820 161.46µs
2025/07/07 15:02:47 [GET] /js/script.js 192.168.10.12:43902 145.699µs
2025/07/07 15:02:47 [GET] /js/script.js 192.168.10.12:52816 175.458µs
2025/07/07 15:02:47 [GET] /js/script.js 192.168.10.12:43902 89.31µs
2025/07/07 15:04:29 Mudança detectada em www/css/app.css, enviando css-update
2025/07/07 15:04:29 [GET] / 192.168.10.12:52816 221.918µs
2025/07/07 15:04:29 [GET] / 192.168.10.12:43902 234.924µs
2025/07/07 15:04:29 [GET] / 192.168.10.12:52820 5.019916ms
2025/07/07 15:04:29 [GET] / 192.168.10.12:43902 229.591µs
2025/07/07 15:04:29 [GET] /css/theme.css 192.168.10.12:52816 188.623µs
2025/07/07 15:04:29 [GET] /css/app.css 192.168.10.12:44394 160.741µs
2025/07/07 15:04:29 [GET] /css/landing.css 192.168.10.12:52816 74.554µs
2025/07/07 15:04:29 [GET] /css/theme.css 192.168.10.12:43902 75.022µs
2025/07/07 15:04:29 [GET] /css/theme.css 192.168.10.12:52820 80.008µs
2025/07/07 15:04:29 [GET] /css/landing.css 192.168.10.12:43902 128.62µs
2025/07/07 15:04:29 [GET] /css/app.css 192.168.10.12:49942 141.171µs
2025/07/07 15:04:29 [GET] /js/script.js 192.168.10.12:52816 168.94µs
2025/07/07 15:04:29 [GET] /css/theme.css 192.168.10.12:35648 85.83µs
2025/07/07 15:04:29 [GET] /css/app.css 192.168.10.12:35662 74.656µs
2025/07/07 15:04:29 [GET] /css/landing.css 192.168.10.12:35670 266.707µs
2025/07/07 15:04:29 [GET] /css/landing.css 192.168.10.12:52820 128.762µs
2025/07/07 15:04:29 [GET] /js/script.js 192.168.10.12:49942 372.485µs
2025/07/07 15:04:29 [GET] /css/app.css 192.168.10.12:35648 142.835µs
2025/07/07 15:04:29 [GET] /js/script.js 192.168.10.12:35670 120.987µs
2025/07/07 15:04:29 [GET] /js/script.js 192.168.10.12:35670 154.169µs
2025/07/07 15:04:59 [GET] /css/app.css 192.168.10.12:44944 128.341µs
2025/07/07 15:04:59 [GET] /css/theme.css 192.168.10.12:44928 40.876µs
2025/07/07 15:04:59 [GET] /css/landing.css 192.168.10.12:44940 78.153µs
2025/07/07 15:06:15 Mudança detectada em www/css/app.css, enviando css-update
2025/07/07 15:06:15 [GET] / 192.168.10.12:44940 556.259µs
2025/07/07 15:06:15 [GET] / 192.168.10.12:36924 307.619µs
2025/07/07 15:06:15 [GET] / 192.168.10.12:36936 1.289546ms
2025/07/07 15:06:15 [GET] / 192.168.10.12:36924 462.957µs
2025/07/07 15:06:15 [GET] /css/theme.css 192.168.10.12:44940 71.407µs
2025/07/07 15:06:15 [GET] /css/landing.css 192.168.10.12:44944 128.897µs
2025/07/07 15:06:15 [GET] /css/app.css 192.168.10.12:44928 123.456µs
2025/07/07 15:06:15 [GET] /css/theme.css 192.168.10.12:36924 76.063µs
2025/07/07 15:06:15 [GET] /css/landing.css 192.168.10.12:36936 138.799µs
2025/07/07 15:06:15 [GET] /css/app.css 192.168.10.12:36942 138.666µs
2025/07/07 15:06:15 [GET] /css/theme.css 192.168.10.12:36946 93.065µs
2025/07/07 15:06:15 [GET] /css/theme.css 192.168.10.12:36966 90.48µs
2025/07/07 15:06:15 [GET] /js/script.js 192.168.10.12:44928 98.007µs
2025/07/07 15:06:15 [GET] /css/app.css 192.168.10.12:36924 74.331µs
2025/07/07 15:06:15 [GET] /css/landing.css 192.168.10.12:36960 80.889µs
2025/07/07 15:06:15 [GET] /js/script.js 192.168.10.12:36942 177.273µs
2025/07/07 15:06:15 [GET] /css/app.css 192.168.10.12:36936 127.322µs
2025/07/07 15:06:15 [GET] /css/landing.css 192.168.10.12:36946 282.387µs
2025/07/07 15:06:15 [GET] /js/script.js 192.168.10.12:36924 1.643333ms
2025/07/07 15:06:15 [GET] /js/script.js 192.168.10.12:36946 359.573µs
2025/07/07 15:07:26 Mudança detectada em www/css/app.css, enviando css-update
2025/07/07 15:07:26 [GET] / 192.168.10.12:44928 280.498µs
2025/07/07 15:07:26 [GET] /css/theme.css 192.168.10.12:44928 71.478µs
2025/07/07 15:07:26 [GET] /css/landing.css 192.168.10.12:44944 92.259µs
2025/07/07 15:07:26 [GET] /css/app.css 192.168.10.12:44940 41.323µs
2025/07/07 15:07:26 [GET] /js/script.js 192.168.10.12:44940 143.039µs
2025/07/07 15:07:33 [GET] / 192.168.10.12:44940 486.811µs
2025/07/07 15:07:33 [GET] /css/theme.css 192.168.10.12:44940 96.28µs
2025/07/07 15:07:33 [GET] /css/landing.css 192.168.10.12:44928 146.3µs
2025/07/07 15:07:33 [GET] /css/app.css 192.168.10.12:44944 66.506µs
2025/07/07 15:07:33 [GET] /js/script.js 192.168.10.12:44962 205.584µs
2025/07/07 15:08:58 Mudança detectada em www/css/app.css, enviando css-update
2025/07/07 15:08:58 [GET] / 192.168.10.12:44962 286.469µs
2025/07/07 15:08:58 [GET] /css/theme.css 192.168.10.12:44962 88.997µs
2025/07/07 15:08:58 [GET] /css/landing.css 192.168.10.12:44928 108.052µs
2025/07/07 15:08:58 [GET] /css/app.css 192.168.10.12:44944 81.009µs
2025/07/07 15:08:58 [GET] /js/script.js 192.168.10.12:44940 107.736µs
2025/07/07 15:15:00 Mudança detectada em www/css/app.css, enviando css-update
2025/07/07 15:15:00 [GET] / 192.168.10.12:35690 494.055µs
2025/07/07 15:15:00 [GET] /css/theme.css 192.168.10.12:35690 95.483µs
2025/07/07 15:15:00 [GET] /css/landing.css 192.168.10.12:35698 225.13µs
2025/07/07 15:15:00 [GET] /css/app.css 192.168.10.12:35706 108.312µs
2025/07/07 15:15:00 [GET] /js/script.js 192.168.10.12:35706 224.703µs
2025/07/07 15:15:02 Mudança detectada em www/css/app.css, enviando css-update
2025/07/07 15:15:02 [GET] / 192.168.10.12:35706 362.244µs
2025/07/07 15:15:02 [GET] /css/theme.css 192.168.10.12:35706 82.284µs
2025/07/07 15:15:02 [GET] /css/landing.css 192.168.10.12:35706 137.574µs
2025/07/07 15:15:02 [GET] /css/app.css 192.168.10.12:35698 188.878µs
2025/07/07 15:15:02 [GET] /js/script.js 192.168.10.12:35698 176.79µs
2025/07/07 15:15:36 Mudança detectada em www/css/app.css, enviando css-update
2025/07/07 15:15:36 [GET] / 192.168.10.12:35698 772.435µs
2025/07/07 15:15:36 [GET] /css/theme.css 192.168.10.12:35698 89.555µs
2025/07/07 15:15:36 [GET] /css/landing.css 192.168.10.12:35706 153.62µs
2025/07/07 15:15:36 [GET] /css/app.css 192.168.10.12:35690 129.611µs
2025/07/07 15:15:36 [GET] /js/script.js 192.168.10.12:43404 218.1µs
2025/07/07 15:17:26 Mudança detectada em www/css/app.css, enviando css-update
2025/07/07 15:17:26 [GET] / 192.168.10.12:43404 259.085µs
2025/07/07 15:17:26 [GET] /css/theme.css 192.168.10.12:43404 77.793µs
2025/07/07 15:17:26 [GET] /css/landing.css 192.168.10.12:35690 99.44µs
2025/07/07 15:17:26 [GET] /css/app.css 192.168.10.12:35706 79.373µs
2025/07/07 15:17:26 [GET] /js/script.js 192.168.10.12:35706 159.942µs
2025/07/07 15:18:17 Mudança detectada em www/css/app.css, enviando css-update
2025/07/07 15:18:17 [GET] / 192.168.10.12:35706 394.505µs
2025/07/07 15:18:17 [GET] /css/theme.css 192.168.10.12:35706 78.176µs
2025/07/07 15:18:17 [GET] /css/landing.css 192.168.10.12:35690 235.858µs
2025/07/07 15:18:17 [GET] /css/app.css 192.168.10.12:43404 122.992µs
2025/07/07 15:18:17 [GET] /js/script.js 192.168.10.12:35690 147.605µs
2025/07/07 15:20:33 Mudança detectada em www/css/app.css, enviando css-update
2025/07/07 15:20:33 [GET] / 192.168.10.12:35690 381.723µs
2025/07/07 15:20:33 [GET] /css/theme.css 192.168.10.12:35690 86.868µs
2025/07/07 15:20:33 [GET] /css/app.css 192.168.10.12:43404 138.901µs
2025/07/07 15:20:33 [GET] /css/landing.css 192.168.10.12:35690 98.735µs
2025/07/07 15:20:33 [GET] /js/script.js 192.168.10.12:35690 187.601µs
2025/07/07 15:20:44 Mudança detectada em www/css/app.css, enviando css-update
2025/07/07 15:20:44 [GET] / 192.168.10.12:35690 1.286432ms
2025/07/07 15:20:44 [GET] /css/theme.css 192.168.10.12:35690 49.999µs
2025/07/07 15:20:44 [GET] /css/app.css 192.168.10.12:35706 135.172µs
2025/07/07 15:20:44 [GET] /css/landing.css 192.168.10.12:43404 139.486µs
2025/07/07 15:20:44 [GET] /js/script.js 192.168.10.12:43404 202.033µs
2025/07/07 15:28:31 Mudança detectada em www/css/app.css, enviando css-update
2025/07/07 15:28:31 [GET] / 192.168.10.12:51178 658.897µs
2025/07/07 15:28:31 [GET] /css/theme.css 192.168.10.12:51178 99.876µs
2025/07/07 15:28:31 [GET] /css/landing.css 192.168.10.12:51180 234.749µs
2025/07/07 15:28:31 [GET] /css/app.css 192.168.10.12:51196 204.498µs
2025/07/07 15:28:31 [GET] /js/script.js 192.168.10.12:51206 337.979µs
2025/07/07 15:35:19 Mudança detectada em www/css/app.css, enviando css-update
2025/07/07 15:35:19 [GET] / 192.168.10.12:41836 335.472µs
2025/07/07 15:35:19 [GET] /css/theme.css 192.168.10.12:41836 73.725µs
2025/07/07 15:35:19 [GET] /css/landing.css 192.168.10.12:41836 150.038µs
2025/07/07 15:35:19 [GET] /css/app.css 192.168.10.12:41850 471.584µs
2025/07/07 15:35:19 [GET] /js/script.js 192.168.10.12:41850 204.818µs
2025/07/07 15:38:00 Mudança detectada em www/index.html, enviando reload
2025/07/07 15:38:00 [GET] / 192.168.10.12:41850 289.918µs
2025/07/07 15:38:00 [GET] /css/theme.css 192.168.10.12:41850 78.526µs
2025/07/07 15:38:00 [GET] /css/landing.css 192.168.10.12:41836 179.559µs
2025/07/07 15:38:00 [GET] /css/app.css 192.168.10.12:45202 138.014µs
2025/07/07 15:38:00 [GET] /js/app.js 192.168.10.12:41836 118.96µs
2025/07/07 15:38:00 [GET] /js/storage.js 192.168.10.12:41836 84.238µs
2025/07/07 15:38:00 [GET] /js/ui.js 192.168.10.12:45202 177.365µs
2025/07/07 15:38:00 [GET] /js/vcard.js 192.168.10.12:41850 91.296µs
2025/07/07 15:41:15 [GET] / 192.168.10.16:63701 290.082µs
2025/07/07 15:41:15 [GET] /css/theme.css 192.168.10.16:63701 70.751µs
2025/07/07 15:41:15 [GET] /js/app.js 192.168.10.16:63704 173.155µs
2025/07/07 15:41:15 [GET] /css/app.css 192.168.10.16:63703 98.001µs
2025/07/07 15:41:15 [GET] /css/landing.css 192.168.10.16:63702 97.532µs
2025/07/07 15:41:15 [GET] /js/storage.js 192.168.10.16:63701 82.103µs
2025/07/07 15:41:15 [GET] /js/vcard.js 192.168.10.16:63703 63.434µs
2025/07/07 15:41:15 [GET] /js/ui.js 192.168.10.16:63702 142.633µs
2025/07/07 15:41:16 [GET] /favicon.ico 192.168.10.16:62576 36.404µs
2025/07/07 16:34:38 Mudança detectada em www/css/app.css, enviando css-update
2025/07/07 16:34:38 [GET] / 192.168.10.12:47496 316.198µs
2025/07/07 16:34:38 [GET] /css/theme.css 192.168.10.12:47496 66.803µs
2025/07/07 16:34:38 [GET] /css/landing.css 192.168.10.12:47512 111.831µs
2025/07/07 16:34:38 [GET] /css/app.css 192.168.10.12:47514 136.432µs
2025/07/07 16:34:38 [GET] /js/app.js 192.168.10.12:47514 1.144896ms
2025/07/07 16:34:39 [GET] /js/storage.js 192.168.10.12:47514 79.433µs
2025/07/07 16:34:39 [GET] /js/ui.js 192.168.10.12:47496 159.167µs
2025/07/07 16:34:39 [GET] /js/vcard.js 192.168.10.12:47514 114.044µs
2025/07/07 16:35:04 [GET] / 192.168.10.12:53156 319.288µs
2025/07/07 16:35:04 [GET] /css/theme.css 192.168.10.12:53156 79.934µs
2025/07/07 16:35:04 [GET] /css/landing.css 192.168.10.12:53156 123.524µs
2025/07/07 16:35:04 [GET] /css/app.css 192.168.10.12:53162 192.03µs
2025/07/07 16:35:04 [GET] /js/app.js 192.168.10.12:53168 144.236µs
2025/07/07 16:35:04 [GET] /js/storage.js 192.168.10.12:53168 78.91µs
2025/07/07 16:35:04 [GET] /js/ui.js 192.168.10.12:53162 155.757µs
2025/07/07 16:35:04 [GET] /js/vcard.js 192.168.10.12:53156 90.84µs
2025/07/07 16:37:26 Mudança detectada em www/index.html, enviando reload
2025/07/07 16:37:26 [GET] / 192.168.10.12:53156 289.383µs
2025/07/07 16:37:26 [GET] /css/theme.css 192.168.10.12:53156 81.108µs
2025/07/07 16:37:26 [GET] /css/landing.css 192.168.10.12:53156 120.865µs
2025/07/07 16:37:26 [GET] /css/app.css 192.168.10.12:53162 122.848µs
2025/07/07 16:37:26 [GET] /js/app.js 192.168.10.12:53168 74.058µs
2025/07/07 16:37:27 [GET] /js/storage.js 192.168.10.12:53168 134.106µs
2025/07/07 16:37:27 [GET] /js/ui.js 192.168.10.12:53162 269.881µs
2025/07/07 16:37:27 [GET] /js/vcard.js 192.168.10.12:53156 157.912µs
2025/07/07 16:43:42 Mudança detectada em www/js/app.js, enviando js-update
2025/07/07 16:43:42 [GET] / 192.168.10.12:41964 349.303µs
2025/07/07 16:43:42 [GET] /css/theme.css 192.168.10.12:41964 79.77µs
2025/07/07 16:43:42 [GET] /css/landing.css 192.168.10.12:41964 101.866µs
2025/07/07 16:43:42 [GET] /css/app.css 192.168.10.12:41970 159.407µs
2025/07/07 16:43:42 [GET] /js/app.js 192.168.10.12:41964 223.282µs
2025/07/07 16:43:42 [GET] /js/storage.js 192.168.10.12:41964 86.545µs
2025/07/07 16:43:42 [GET] /js/ui.js 192.168.10.12:41970 148.035µs
2025/07/07 16:43:42 [GET] /js/vcard.js 192.168.10.12:41984 164.727µs
2025/07/07 16:43:52 [GET] / 192.168.10.12:41984 1.009316ms
2025/07/07 16:43:53 [GET] /css/theme.css 192.168.10.12:41984 120.762µs
2025/07/07 16:43:53 [GET] /css/landing.css 192.168.10.12:41970 160.283µs
2025/07/07 16:43:53 [GET] /css/app.css 192.168.10.12:41964 175.707µs
2025/07/07 16:43:53 [GET] /js/app.js 192.168.10.12:56756 187.187µs
2025/07/07 16:43:53 [GET] /js/vcard.js 192.168.10.12:41970 127.848µs
2025/07/07 16:43:53 [GET] /js/ui.js 192.168.10.12:41964 124.524µs
2025/07/07 16:43:53 [GET] /js/storage.js 192.168.10.12:56756 48.114µs
2025/07/07 16:44:57 Mudança detectada em www/js/ui.js, enviando js-update
2025/07/07 16:44:57 [GET] / 192.168.10.12:41964 234.862µs
2025/07/07 16:44:57 [GET] /css/theme.css 192.168.10.12:41964 74.331µs
2025/07/07 16:44:57 [GET] /css/landing.css 192.168.10.12:41970 114.777µs
2025/07/07 16:44:57 [GET] /css/app.css 192.168.10.12:56756 92.95µs
2025/07/07 16:44:57 [GET] /js/app.js 192.168.10.12:41970 109.345µs
2025/07/07 16:44:58 [GET] /js/storage.js 192.168.10.12:41970 77.615µs
2025/07/07 16:44:58 [GET] /js/ui.js 192.168.10.12:56756 80.615µs
2025/07/07 16:44:58 [GET] /js/vcard.js 192.168.10.12:41964 527.981µs
2025/07/07 16:45:00 [GET] / 192.168.10.12:41964 499.379µs
2025/07/07 16:45:00 [GET] /css/theme.css 192.168.10.12:41964 102.363µs
2025/07/07 16:45:00 [GET] /css/landing.css 192.168.10.12:56756 139.073µs
2025/07/07 16:45:00 [GET] /css/app.css 192.168.10.12:41970 137.266µs
2025/07/07 16:45:00 [GET] /js/app.js 192.168.10.12:41984 174.36µs
2025/07/07 16:45:00 [GET] /js/storage.js 192.168.10.12:41984 67.655µs
2025/07/07 16:45:00 [GET] /js/ui.js 192.168.10.12:41970 105.195µs
2025/07/07 16:45:00 [GET] /js/vcard.js 192.168.10.12:56756 71.131µs
2025/07/07 16:46:33 Mudança detectada em www/index.html, enviando reload
2025/07/07 16:46:33 [GET] / 192.168.10.12:56756 529.934µs
2025/07/07 16:46:33 [GET] /css/theme.css 192.168.10.12:56756 86.269µs
2025/07/07 16:46:33 [GET] /css/landing.css 192.168.10.12:41970 147.61µs
2025/07/07 16:46:33 [GET] /css/app.css 192.168.10.12:41984 100.975µs
2025/07/07 16:46:33 [GET] /js/app.js 192.168.10.12:41984 246.934µs
2025/07/07 16:46:34 [GET] /js/storage.js 192.168.10.12:41984 73.395µs
2025/07/07 16:46:34 [GET] /js/ui.js 192.168.10.12:41970 132.209µs
2025/07/07 16:46:34 [GET] /js/vcard.js 192.168.10.12:56756 56.363µs
2025/07/07 16:47:54 Mudança detectada em www/index.html, enviando reload
2025/07/07 16:47:54 [GET] / 192.168.10.12:56756 114.947µs
2025/07/07 16:47:56 Mudança detectada em www/index.html, enviando reload
2025/07/07 16:47:56 [GET] / 192.168.10.12:56756 203.84µs
2025/07/07 16:47:56 [GET] /css/theme.css 192.168.10.12:56756 78.677µs
2025/07/07 16:47:56 [GET] /css/landing.css 192.168.10.12:41970 87.925µs
2025/07/07 16:47:56 [GET] /css/app.css 192.168.10.12:41984 71.671µs
2025/07/07 16:47:56 [GET] /js/app.js 192.168.10.12:41984 117.59µs
2025/07/07 16:47:57 [GET] /css/theme.css 192.168.10.12:41984 134.82µs
2025/07/07 16:47:57 [GET] /js/storage.js 192.168.10.12:56756 98.24µs
2025/07/07 16:47:57 [GET] /js/ui.js 192.168.10.12:41970 152.406µs
2025/07/07 16:47:57 [GET] /js/vcard.js 192.168.10.12:56756 96.27µs
2025/07/07 16:47:57 [GET] /css/landing.css 192.168.10.12:41984 147.789µs
2025/07/07 16:47:57 [GET] /css/app.css 192.168.10.12:41984 156.599µs
2025/07/07 16:48:00 Mudança detectada em www/index.html, enviando reload
2025/07/07 16:48:00 [GET] / 192.168.10.12:41984 175.445µs
2025/07/07 16:48:00 [GET] /css/theme.css 192.168.10.12:41984 75.055µs
2025/07/07 16:48:00 [GET] /css/landing.css 192.168.10.12:56756 106.383µs
2025/07/07 16:48:00 [GET] /css/app.css 192.168.10.12:41970 126.023µs
2025/07/07 16:48:00 [GET] /js/app.js 192.168.10.12:41970 172.741µs
2025/07/07 16:48:00 [GET] /js/storage.js 192.168.10.12:41970 58.894µs
2025/07/07 16:48:00 [GET] /js/ui.js 192.168.10.12:56756 97.668µs
2025/07/07 16:48:00 [GET] /js/vcard.js 192.168.10.12:41984 106.14µs
2025/07/07 16:48:17 Mudança detectada em www/index.html, enviando reload
2025/07/07 16:48:17 [GET] / 192.168.10.12:41984 217.848µs
2025/07/07 16:48:17 [GET] /css/theme.css 192.168.10.12:41984 81.858µs
2025/07/07 16:48:17 [GET] /css/landing.css 192.168.10.12:56756 105.942µs
2025/07/07 16:48:17 [GET] /css/app.css 192.168.10.12:41970 139.618µs
2025/07/07 16:48:17 [GET] /js/app.js 192.168.10.12:41970 186.666µs
2025/07/07 16:48:18 [GET] /css/theme.css 192.168.10.12:41970 81.432µs
2025/07/07 16:48:18 [GET] /js/storage.js 192.168.10.12:41984 126.991µs
2025/07/07 16:48:18 [GET] /js/ui.js 192.168.10.12:56756 98.251µs
2025/07/07 16:48:18 [GET] /js/vcard.js 192.168.10.12:56756 105.385µs
2025/07/07 16:48:18 [GET] /css/landing.css 192.168.10.12:41984 134.837µs
2025/07/07 16:48:18 [GET] /css/app.css 192.168.10.12:41984 167.785µs
2025/07/07 16:48:31 Mudança detectada em www/index.html, enviando reload
2025/07/07 16:48:31 [GET] / 192.168.10.12:41984 1.489394ms
2025/07/07 16:48:31 [GET] /css/theme.css 192.168.10.12:41984 99.429µs
2025/07/07 16:48:31 [GET] /css/landing.css 192.168.10.12:56756 295.685µs
2025/07/07 16:48:31 [GET] /css/app.css 192.168.10.12:41970 134.335µs
2025/07/07 16:48:31 [GET] /js/app.js 192.168.10.12:41970 129.357µs
2025/07/07 16:48:32 [GET] /css/theme.css 192.168.10.12:41970 129.072µs
2025/07/07 16:48:32 [GET] /js/storage.js 192.168.10.12:56756 102.672µs
2025/07/07 16:48:32 [GET] /js/ui.js 192.168.10.12:41984 156.457µs
2025/07/07 16:48:32 [GET] /js/vcard.js 192.168.10.12:56756 1.299032ms
2025/07/07 16:48:32 [GET] /css/landing.css 192.168.10.12:41984 168.413µs
2025/07/07 16:48:32 [GET] /css/app.css 192.168.10.12:56756 168.53µs
2025/07/07 16:49:21 [GET] / 192.168.10.12:57796 193.423µs
2025/07/07 16:49:21 [GET] /css/theme.css 192.168.10.12:57796 74.928µs
2025/07/07 16:49:21 [GET] /css/landing.css 192.168.10.12:57798 139.746µs
2025/07/07 16:49:21 [GET] /css/app.css 192.168.10.12:57798 123.007µs
2025/07/07 16:49:21 [GET] /js/app.js 192.168.10.12:57798 107.982µs
2025/07/07 16:49:22 [GET] /css/theme.css 192.168.10.12:57798 81.64µs
2025/07/07 16:49:22 [GET] /js/ui.js 192.168.10.12:57806 108.376µs
2025/07/07 16:49:22 [GET] /js/storage.js 192.168.10.12:57796 37.104µs
2025/07/07 16:49:22 [GET] /js/vcard.js 192.168.10.12:57806 91.008µs
2025/07/07 16:49:22 [GET] /css/landing.css 192.168.10.12:57796 129.024µs
2025/07/07 16:49:22 [GET] /css/app.css 192.168.10.12:57796 107.67µs
2025/07/07 16:49:22 [GET] / 192.168.10.12:57796 257.987µs
2025/07/07 16:49:22 [GET] /css/theme.css 192.168.10.12:57796 72.381µs
2025/07/07 16:49:22 [GET] /css/landing.css 192.168.10.12:57796 104.875µs
2025/07/07 16:49:22 [GET] /css/app.css 192.168.10.12:57796 115.234µs
2025/07/07 16:49:22 [GET] /js/app.js 192.168.10.12:57796 112.772µs
2025/07/07 16:49:22 [GET] /favicon.ico 192.168.10.12:57796 29.744µs
2025/07/07 16:49:22 [GET] /css/theme.css 192.168.10.12:57796 77.976µs
2025/07/07 16:49:22 [GET] /js/ui.js 192.168.10.12:57798 98.452µs
2025/07/07 16:49:22 [GET] /js/storage.js 192.168.10.12:57806 35.184µs
2025/07/07 16:49:22 [GET] /js/vcard.js 192.168.10.12:57798 102.885µs
2025/07/07 16:49:22 [GET] /css/landing.css 192.168.10.12:57806 147.079µs
2025/07/07 16:49:22 [GET] /css/app.css 192.168.10.12:57806 131.871µs
2025/07/07 16:50:18 [GET] / 192.168.10.12:56756 422.017µs
2025/07/07 16:50:18 [GET] /css/theme.css 192.168.10.12:56756 79.905µs
2025/07/07 16:50:18 [GET] /css/landing.css 192.168.10.12:56756 106.878µs
2025/07/07 16:50:18 [GET] /js/app.js 192.168.10.12:41970 74.519µs
2025/07/07 16:50:18 [GET] /css/app.css 192.168.10.12:41984 64.373µs
2025/07/07 16:50:19 [GET] /css/theme.css 192.168.10.12:41984 74.404µs
2025/07/07 16:50:19 [GET] /js/storage.js 192.168.10.12:41984 77.607µs
2025/07/07 16:50:19 [GET] /js/ui.js 192.168.10.12:41970 126.659µs
2025/07/07 16:50:19 [GET] /js/vcard.js 192.168.10.12:41970 157.764µs
2025/07/07 16:50:19 [GET] /css/landing.css 192.168.10.12:41984 112.103µs
2025/07/07 16:50:19 [GET] /css/app.css 192.168.10.12:41984 131.081µs
2025/07/07 16:50:20 Mudança detectada em www/index.html, enviando reload
2025/07/07 16:50:20 [GET] / 192.168.10.12:41984 356.809µs
2025/07/07 16:50:20 [GET] /css/theme.css 192.168.10.12:41984 120.057µs
2025/07/07 16:50:20 [GET] /css/landing.css 192.168.10.12:41984 179.981µs
2025/07/07 16:50:20 [GET] /css/app.css 192.168.10.12:41970 137.259µs
2025/07/07 16:50:20 [GET] /js/app.js 192.168.10.12:56756 152.836µs
2025/07/07 16:50:20 [GET] /css/theme.css 192.168.10.12:56756 106.905µs
2025/07/07 16:50:20 [GET] /js/vcard.js 192.168.10.12:41984 90.013µs
2025/07/07 16:50:20 [GET] /js/ui.js 192.168.10.12:41970 151.581µs
2025/07/07 16:50:20 [GET] /js/storage.js 192.168.10.12:56756 385.559µs
2025/07/07 16:50:20 [GET] /css/landing.css 192.168.10.12:51340 200.393µs
2025/07/07 16:50:20 [GET] /css/app.css 192.168.10.12:51340 165.97µs
2025/07/07 16:50:28 Mudança detectada em www/index.html, enviando reload
2025/07/07 16:50:28 [GET] / 192.168.10.12:51340 176.335µs
2025/07/07 16:50:28 [GET] /css/theme.css 192.168.10.12:51340 79.783µs
2025/07/07 16:50:28 [GET] /css/landing.css 192.168.10.12:41970 127.359µs
2025/07/07 16:50:28 [GET] /css/app.css 192.168.10.12:41984 144.151µs
2025/07/07 16:50:28 [GET] /js/app.js 192.168.10.12:56756 149.606µs
2025/07/07 16:50:29 [GET] /js/storage.js 192.168.10.12:56756 86.946µs
2025/07/07 16:50:29 [GET] /js/ui.js 192.168.10.12:41984 114.745µs
2025/07/07 16:50:29 [GET] /js/vcard.js 192.168.10.12:41970 93.665µs
2025/07/07 16:50:40 Mudança detectada em www/index.html, enviando reload
2025/07/07 16:50:40 [GET] / 192.168.10.12:41970 241.841µs
2025/07/07 16:50:40 [GET] /css/theme.css 192.168.10.12:41970 76.224µs
2025/07/07 16:50:40 [GET] /css/app.css 192.168.10.12:56756 82.593µs
2025/07/07 16:50:40 [GET] /css/landing.css 192.168.10.12:41984 96.025µs
2025/07/07 16:50:40 [GET] /js/app.js 192.168.10.12:41984 134.103µs
2025/07/07 16:50:40 [GET] /js/storage.js 192.168.10.12:41984 95.948µs
2025/07/07 16:50:40 [GET] /js/ui.js 192.168.10.12:41984 135.814µs
2025/07/07 16:50:40 [GET] /js/vcard.js 192.168.10.12:56756 59.535µs
2025/07/07 16:55:21 Mudança detectada em www/js/ui.js, enviando js-update
2025/07/07 16:55:21 [GET] / 192.168.10.12:56756 598.166µs
2025/07/07 16:55:21 [GET] /css/theme.css 192.168.10.12:56756 75.944µs
2025/07/07 16:55:21 [GET] /css/landing.css 192.168.10.12:41984 114.283µs
2025/07/07 16:55:21 [GET] /css/app.css 192.168.10.12:41970 103.077µs
2025/07/07 16:55:21 [GET] /js/app.js 192.168.10.12:56756 135.516µs
2025/07/07 16:55:23 [GET] /js/storage.js 192.168.10.12:56756 628.758µs
2025/07/07 16:55:23 [GET] /js/ui.js 192.168.10.12:41970 241.904µs
2025/07/07 16:55:23 [GET] /js/vcard.js 192.168.10.12:41984 77.709µs
2025/07/07 16:55:25 [GET] / 192.168.10.12:41984 684.612µs
2025/07/07 16:55:25 [GET] /css/theme.css 192.168.10.12:41984 125.978µs
2025/07/07 16:55:25 [GET] /css/landing.css 192.168.10.12:41970 151.679µs
2025/07/07 16:55:25 [GET] /css/app.css 192.168.10.12:56756 107.016µs
2025/07/07 16:55:25 [GET] /js/app.js 192.168.10.12:51340 139.992µs
2025/07/07 16:55:25 [GET] /js/storage.js 192.168.10.12:51340 84.683µs
2025/07/07 16:55:25 [GET] /js/ui.js 192.168.10.12:56756 118.086µs
2025/07/07 16:55:25 [GET] /js/vcard.js 192.168.10.12:41970 115.795µs
2025/07/07 16:55:57 Mudança detectada em www/js/ui.js, enviando js-update
2025/07/07 16:55:57 [GET] / 192.168.10.12:41970 332.399µs
2025/07/07 16:55:57 [GET] /css/theme.css 192.168.10.12:41970 91.171µs
2025/07/07 16:55:57 [GET] /css/landing.css 192.168.10.12:56756 154.744µs
2025/07/07 16:55:57 [GET] /css/app.css 192.168.10.12:51340 191.374µs
2025/07/07 16:55:57 [GET] /js/app.js 192.168.10.12:51340 147.959µs
2025/07/07 16:55:57 [GET] /js/storage.js 192.168.10.12:51340 73.533µs
2025/07/07 16:55:57 [GET] /js/ui.js 192.168.10.12:56756 113.885µs
2025/07/07 16:55:57 [GET] /js/vcard.js 192.168.10.12:41970 67.557µs
2025/07/07 16:56:00 [GET] / 192.168.10.12:41970 982.066µs
2025/07/07 16:56:00 [GET] /css/theme.css 192.168.10.12:41970 81.439µs
2025/07/07 16:56:00 [GET] /css/landing.css 192.168.10.12:41970 124.567µs
2025/07/07 16:56:00 [GET] /css/app.css 192.168.10.12:56756 116.034µs
2025/07/07 16:56:00 [GET] /js/app.js 192.168.10.12:51340 99.155µs
2025/07/07 16:56:00 [GET] /js/storage.js 192.168.10.12:51340 95.893µs
2025/07/07 16:56:00 [GET] /js/vcard.js 192.168.10.12:41970 81.022µs
2025/07/07 16:56:00 [GET] /js/ui.js 192.168.10.12:56756 95.545µs
2025/07/07 17:22:56 Mudança detectada em www/index.html, enviando reload
2025/07/07 17:22:56 [GET] / 192.168.10.12:49524 334.695µs
2025/07/07 17:22:56 [GET] /css/theme.css 192.168.10.12:49524 84.396µs
2025/07/07 17:22:56 [GET] /css/landing.css 192.168.10.12:49524 147.268µs
2025/07/07 17:22:56 [GET] /css/app.css 192.168.10.12:49532 167.121µs
2025/07/07 17:22:56 [GET] /js/app.js 192.168.10.12:49524 132.235µs
2025/07/07 17:22:56 [GET] /js/storage.js 192.168.10.12:49524 111.56µs
2025/07/07 17:22:56 [GET] /js/ui.js 192.168.10.12:49532 167.657µs
2025/07/07 17:22:56 [GET] /js/vcard.js 192.168.10.12:49558 158.277µs
2025/07/07 17:22:59 [GET] / 192.168.10.12:49558 1.371058ms
2025/07/07 17:22:59 [GET] /css/theme.css 192.168.10.12:49558 128.864µs
2025/07/07 17:22:59 [GET] /css/landing.css 192.168.10.12:49532 171.018µs
2025/07/07 17:22:59 [GET] /css/app.css 192.168.10.12:49524 153.688µs
2025/07/07 17:22:59 [GET] /js/app.js 192.168.10.12:49574 177.779µs
2025/07/07 17:22:59 [GET] /js/storage.js 192.168.10.12:49574 170.906µs
2025/07/07 17:22:59 [GET] /js/ui.js 192.168.10.12:49524 219.136µs
2025/07/07 17:22:59 [GET] /js/vcard.js 192.168.10.12:49532 160.67µs
2025/07/07 17:25:08 Mudança detectada em www/js/ui.js, enviando js-update
2025/07/07 17:25:08 [GET] / 192.168.10.12:49532 269.097µs
2025/07/07 17:25:08 [GET] /css/app.css 192.168.10.12:49574 124.2µs
2025/07/07 17:25:08 [GET] /css/landing.css 192.168.10.12:49524 72.686µs
2025/07/07 17:25:08 [GET] /css/theme.css 192.168.10.12:49532 33.565µs
2025/07/07 17:25:08 [GET] /js/app.js 192.168.10.12:49524 121.875µs
2025/07/07 17:25:09 [GET] /js/storage.js 192.168.10.12:49524 68.21µs
2025/07/07 17:25:09 [GET] /js/vcard.js 192.168.10.12:49532 59.602µs
2025/07/07 17:25:09 [GET] /js/ui.js 192.168.10.12:49574 94.742µs
2025/07/07 17:31:23 Mudança detectada em www/index.html, enviando reload
2025/07/07 17:31:23 [GET] / 192.168.10.12:59138 562.448µs
2025/07/07 17:31:23 [GET] /css/theme.css 192.168.10.12:59138 80.447µs
2025/07/07 17:31:23 [GET] /css/landing.css 192.168.10.12:59154 137.884µs
2025/07/07 17:31:23 [GET] /css/app.css 192.168.10.12:59166 130.398µs
2025/07/07 17:31:23 [GET] /js/app.js 192.168.10.12:59166 224.569µs
2025/07/07 17:31:25 [GET] /js/storage.js 192.168.10.12:59166 113.223µs
2025/07/07 17:31:25 [GET] /js/ui.js 192.168.10.12:59154 109.852µs
2025/07/07 17:31:25 [GET] /js/vcard.js 192.168.10.12:59138 64.239µs
2025/07/07 17:34:10 [GET] /css/app.css 192.168.10.12:59166 123.593µs
2025/07/07 17:34:10 [GET] /css/landing.css 192.168.10.12:59154 74.13µs
2025/07/07 17:34:10 [GET] /css/theme.css 192.168.10.12:59138 32.723µs
2025/07/07 17:34:15 [GET] / 192.168.10.12:59154 278.497µs
2025/07/07 17:34:15 [GET] /css/theme.css 192.168.10.12:59154 319.391µs
2025/07/07 17:34:15 [GET] /css/landing.css 192.168.10.12:59166 137.595µs
2025/07/07 17:34:15 [GET] /css/app.css 192.168.10.12:59138 122.048µs
2025/07/07 17:34:15 [GET] /js/app.js 192.168.10.12:46754 144.768µs
2025/07/07 17:34:16 [GET] /js/vcard.js 192.168.10.12:59166 96.364µs
2025/07/07 17:34:16 [GET] /js/ui.js 192.168.10.12:59138 100.991µs
2025/07/07 17:34:16 [GET] /js/storage.js 192.168.10.12:46754 36.253µs
2025/07/07 17:35:04 [GET] / 192.168.10.12:44530 257.059µs
2025/07/07 17:35:04 [GET] /css/theme.css 192.168.10.12:44530 136.001µs
2025/07/07 17:35:04 [GET] /css/landing.css 192.168.10.12:44536 126.532µs
2025/07/07 17:35:04 [GET] /css/app.css 192.168.10.12:44546 170.189µs
2025/07/07 17:35:04 [GET] /js/app.js 192.168.10.12:44560 135.992µs
2025/07/07 17:35:04 [GET] /js/storage.js 192.168.10.12:44560 75.925µs
2025/07/07 17:35:04 [GET] /js/ui.js 192.168.10.12:44546 77.418µs
2025/07/07 17:35:04 [GET] /js/vcard.js 192.168.10.12:44560 106.491µs
2025/07/07 17:38:03 [GET] /css/theme.css 192.168.10.12:44560 72.815µs
2025/07/07 17:38:03 [GET] /css/app.css 192.168.10.12:44536 79.801µs
2025/07/07 17:38:03 [GET] /css/landing.css 192.168.10.12:44546 81.071µs
2025/07/07 17:38:17 Mudança detectada em www/index.html, enviando reload
2025/07/07 17:38:17 [GET] / 192.168.10.12:44546 239.605µs
2025/07/07 17:38:17 [GET] /css/app.css 192.168.10.12:44560 121.487µs
2025/07/07 17:38:17 [GET] /css/landing.css 192.168.10.12:44536 128.955µs
2025/07/07 17:38:17 [GET] /css/theme.css 192.168.10.12:44546 35.134µs
2025/07/07 17:38:17 [GET] /js/app.js 192.168.10.12:44536 123.02µs
2025/07/07 17:38:18 [GET] /js/storage.js 192.168.10.12:44536 80.018µs
2025/07/07 17:38:18 [GET] /js/vcard.js 192.168.10.12:44546 58.022µs
2025/07/07 17:38:18 [GET] /js/ui.js 192.168.10.12:44560 73.471µs
2025/07/07 17:40:19 Mudança detectada em www/js/app.js, enviando js-update
2025/07/07 17:40:19 [GET] / 192.168.10.12:44560 303.014µs
2025/07/07 17:40:19 [GET] /css/theme.css 192.168.10.12:44560 405.43µs
2025/07/07 17:40:19 [GET] /css/landing.css 192.168.10.12:44546 111.054µs
2025/07/07 17:40:19 [GET] /css/app.css 192.168.10.12:44536 115.715µs
2025/07/07 17:40:19 [GET] /js/app.js 192.168.10.12:44546 135.132µs
2025/07/07 17:40:21 [GET] /js/storage.js 192.168.10.12:44546 81.335µs
2025/07/07 17:40:21 [GET] /js/ui.js 192.168.10.12:44536 165.791µs
2025/07/07 17:40:45 Mudança detectada em www/js/ui.js, enviando js-update
2025/07/07 17:40:45 [GET] / 192.168.10.12:44536 285.191µs
2025/07/07 17:40:45 [GET] /css/theme.css 192.168.10.12:44536 46.867µs
2025/07/07 17:40:45 [GET] /css/landing.css 192.168.10.12:44546 400.088µs
2025/07/07 17:40:45 [GET] /css/app.css 192.168.10.12:44560 486.922µs
2025/07/07 17:40:45 [GET] /js/app.js 192.168.10.12:44560 134.79µs
2025/07/07 17:40:45 [GET] /js/ui.js 192.168.10.12:44546 147.662µs
2025/07/07 17:40:45 [GET] /js/storage.js 192.168.10.12:44560 45.435µs
2025/07/07 17:40:48 [GET] / 192.168.10.12:44546 640.309µs
2025/07/07 17:40:48 [GET] /css/theme.css 192.168.10.12:44546 109.362µs
2025/07/07 17:40:48 [GET] /css/landing.css 192.168.10.12:44560 167.439µs
2025/07/07 17:40:48 [GET] /css/app.css 192.168.10.12:44536 280.695µs
2025/07/07 17:40:48 [GET] /js/app.js 192.168.10.12:43052 197.256µs
2025/07/07 17:40:48 [GET] /js/storage.js 192.168.10.12:43052 97.419µs
2025/07/07 17:40:48 [GET] /js/ui.js 192.168.10.12:44536 207.517µs
2025/07/07 17:41:01 [GET] /css/app.css 192.168.10.12:44560 149.7µs
2025/07/07 17:41:01 [GET] /css/landing.css 192.168.10.12:43052 96.115µs
2025/07/07 17:41:01 [GET] /css/theme.css 192.168.10.12:44536 41.551µs
2025/07/07 17:42:52 Mudança detectada em www/js/ui.js, enviando js-update
2025/07/07 17:42:52 [GET] / 192.168.10.12:43052 255.271µs
2025/07/07 17:42:52 [GET] /css/theme.css 192.168.10.12:43052 78.783µs
2025/07/07 17:42:52 [GET] /css/landing.css 192.168.10.12:44560 123.822µs
2025/07/07 17:42:52 [GET] /css/app.css 192.168.10.12:44536 82.309µs
2025/07/07 17:42:52 [GET] /js/app.js 192.168.10.12:44536 121.261µs
2025/07/07 17:42:53 [GET] /js/storage.js 192.168.10.12:44536 83.187µs
2025/07/07 17:42:53 [GET] /js/ui.js 192.168.10.12:44560 141.502µs
2025/07/07 17:43:02 [GET] / 192.168.10.12:44560 245.698µs
2025/07/07 17:43:02 [GET] /css/theme.css 192.168.10.12:44560 79.812µs
2025/07/07 17:43:02 [GET] /css/landing.css 192.168.10.12:44536 521.803µs
2025/07/07 17:43:02 [GET] /css/app.css 192.168.10.12:43052 117.877µs
2025/07/07 17:43:02 [GET] /js/app.js 192.168.10.12:44546 237.073µs
2025/07/07 17:43:02 [GET] /js/storage.js 192.168.10.12:44546 73.038µs
2025/07/07 17:43:02 [GET] /js/ui.js 192.168.10.12:43052 158.39µs
2025/07/07 17:43:26 [GET] / 192.168.10.12:43052 496.127µs
2025/07/07 17:43:26 [GET] /css/theme.css 192.168.10.12:43052 109.737µs
2025/07/07 17:43:26 [GET] /css/landing.css 192.168.10.12:44546 194.962µs
2025/07/07 17:43:26 [GET] /css/app.css 192.168.10.12:44536 136.564µs
2025/07/07 17:43:26 [GET] /js/app.js 192.168.10.12:44560 183.456µs
2025/07/07 17:43:27 [GET] /js/storage.js 192.168.10.12:44560 66.925µs
2025/07/07 17:43:27 [GET] /js/ui.js 192.168.10.12:44536 222.631µs
2025/07/07 17:43:32 [GET] /css/app.css 192.168.10.12:44546 157.674µs
2025/07/07 17:43:32 [GET] /css/landing.css 192.168.10.12:44560 96.415µs
2025/07/07 17:43:32 [GET] /css/theme.css 192.168.10.12:44536 40.235µs
2025/07/07 17:45:24 Mudança detectada em www/js/app.js, enviando js-update
2025/07/07 17:45:24 [GET] / 192.168.10.12:44560 271.143µs
2025/07/07 17:45:24 [GET] /css/theme.css 192.168.10.12:44560 80.26µs
2025/07/07 17:45:24 [GET] /css/landing.css 192.168.10.12:44546 93.023µs
2025/07/07 17:45:24 [GET] /css/app.css 192.168.10.12:44536 136.121µs
2025/07/07 17:45:24 [GET] /js/app.js 192.168.10.12:44560 135.431µs
2025/07/07 17:45:25 [GET] /js/storage.js 192.168.10.12:44560 88.615µs
2025/07/07 17:45:25 [GET] /js/ui.js 192.168.10.12:44536 153.398µs
2025/07/07 17:45:46 [GET] / 192.168.10.12:44536 462.905µs
2025/07/07 17:45:46 [GET] /css/theme.css 192.168.10.12:44536 107.146µs
2025/07/07 17:45:46 [GET] /css/landing.css 192.168.10.12:44560 186.723µs
2025/07/07 17:45:46 [GET] /css/app.css 192.168.10.12:44546 185.29µs
2025/07/07 17:45:46 [GET] /js/app.js 192.168.10.12:43052 202.431µs
2025/07/07 17:45:46 [GET] /js/storage.js 192.168.10.12:43052 90.914µs
2025/07/07 17:45:46 [GET] /js/ui.js 192.168.10.12:44546 224.572µs
2025/07/07 17:47:37 Mudança detectada em www/js/app.js, enviando js-update
2025/07/07 17:47:37 [GET] / 192.168.10.12:44546 235.486µs
2025/07/07 17:47:37 [GET] /css/theme.css 192.168.10.12:44546 83.979µs
2025/07/07 17:47:37 [GET] /css/app.css 192.168.10.12:44560 210.226µs
2025/07/07 17:47:37 [GET] /css/landing.css 192.168.10.12:43052 81.982µs
2025/07/07 17:47:37 [GET] /js/app.js 192.168.10.12:44546 131.713µs
2025/07/07 17:47:38 [GET] /js/storage.js 192.168.10.12:44546 96.692µs
2025/07/07 17:47:38 [GET] /js/ui.js 192.168.10.12:43052 145.108µs
2025/07/07 17:47:45 Mudança detectada em www/js/ui.js, enviando js-update
2025/07/07 17:47:45 [GET] / 192.168.10.12:43052 266.286µs
2025/07/07 17:47:45 [GET] /css/theme.css 192.168.10.12:43052 77.24µs
2025/07/07 17:47:45 [GET] /css/landing.css 192.168.10.12:43052 109.358µs
2025/07/07 17:47:45 [GET] /css/app.css 192.168.10.12:44546 128.014µs
2025/07/07 17:47:45 [GET] /js/app.js 192.168.10.12:44560 124.174µs
2025/07/07 17:47:46 [GET] /js/ui.js 192.168.10.12:44546 129.75µs
2025/07/07 17:47:46 [GET] /js/storage.js 192.168.10.12:44560 37.963µs
2025/07/07 18:27:33 [GET] / 192.168.10.16:63793 672.336µs
2025/07/07 18:27:34 [GET] /css/theme.css 192.168.10.16:63793 100.07µs
2025/07/07 18:27:34 [GET] /css/landing.css 192.168.10.16:63794 111.052µs
2025/07/07 18:27:34 [GET] /css/app.css 192.168.10.16:63795 119.498µs
2025/07/07 18:27:34 [GET] /js/app.js 192.168.10.16:63796 135.464µs
2025/07/07 18:27:35 [GET] /js/storage.js 192.168.10.16:63793 129.373µs
2025/07/07 18:27:35 [GET] /js/ui.js 192.168.10.16:63794 197.734µs
2025/07/07 18:27:35 [GET] /favicon.ico 192.168.10.16:62890 80.546µs
2025/07/07 18:40:00 Mudança detectada em www/js/ui.js, enviando js-update
2025/07/07 18:40:08 [GET] / 192.168.10.12:60632 4.272026ms
2025/07/07 18:40:08 [GET] /css/theme.css 192.168.10.12:60632 69.157µs
2025/07/07 18:40:08 [GET] /css/landing.css 192.168.10.12:60638 169.594µs
2025/07/07 18:40:08 [GET] /css/app.css 192.168.10.12:60646 207.069µs
2025/07/07 18:40:08 [GET] /js/app.js 192.168.10.12:60652 122.115µs
2025/07/07 18:40:08 [GET] /js/storage.js 192.168.10.12:60652 80.391µs
2025/07/07 18:40:08 [GET] /js/ui.js 192.168.10.12:60646 146.195µs
2025/07/07 18:40:25 Mudança detectada em www/js/ui.js, enviando js-update
2025/07/07 18:40:25 [GET] / 192.168.10.12:60646 369.146µs
2025/07/07 18:40:25 [GET] /css/theme.css 192.168.10.12:60646 84.332µs
2025/07/07 18:40:25 [GET] /css/landing.css 192.168.10.12:60646 146.818µs
2025/07/07 18:40:25 [GET] /css/app.css 192.168.10.12:60652 145.095µs
2025/07/07 18:40:25 [GET] /js/app.js 192.168.10.12:60638 127.566µs
2025/07/07 18:40:25 [GET] /js/storage.js 192.168.10.12:60638 91.229µs
2025/07/07 18:40:25 [GET] /js/ui.js 192.168.10.12:60652 120.121µs
2025/07/07 18:40:37 Mudança detectada em www/js/ui.js, enviando js-update
2025/07/07 18:40:37 [GET] / 192.168.10.12:60652 347.125µs
2025/07/07 18:40:37 [GET] /css/theme.css 192.168.10.12:60652 77.416µs
2025/07/07 18:40:37 [GET] /css/landing.css 192.168.10.12:60638 179.994µs
2025/07/07 18:40:37 [GET] /css/app.css 192.168.10.12:60646 156.341µs
2025/07/07 18:40:37 [GET] /js/app.js 192.168.10.12:60632 234.918µs
2025/07/07 18:40:37 [GET] /js/storage.js 192.168.10.12:60632 123.188µs
2025/07/07 18:40:37 [GET] /js/ui.js 192.168.10.12:60646 767.31µs
2025/07/07 18:41:05 [GET] / 192.168.10.12:60646 262.031µs
2025/07/07 18:41:05 [GET] /css/theme.css 192.168.10.12:60646 70.741µs
2025/07/07 18:41:05 [GET] /css/landing.css 192.168.10.12:60646 103.836µs
2025/07/07 18:41:05 [GET] /css/app.css 192.168.10.12:60632 112.403µs
2025/07/07 18:41:05 [GET] /js/app.js 192.168.10.12:60638 118.888µs
2025/07/07 18:41:06 [GET] /js/storage.js 192.168.10.12:60638 71.708µs
2025/07/07 18:41:06 [GET] /js/ui.js 192.168.10.12:60632 162.308µs
2025/07/07 18:48:02 Mudança detectada em www/js/ui.js, enviando js-update
2025/07/07 18:48:02 [GET] / 192.168.10.12:54050 314.967µs
2025/07/07 18:48:02 [GET] /css/theme.css 192.168.10.12:54050 62.518µs
2025/07/07 18:48:02 [GET] /css/landing.css 192.168.10.12:54054 139.772µs
2025/07/07 18:48:02 [GET] /css/app.css 192.168.10.12:54062 214.406µs
2025/07/07 18:48:02 [GET] /js/app.js 192.168.10.12:54054 139.139µs
2025/07/07 18:48:03 [GET] /js/storage.js 192.168.10.12:54054 74.595µs
2025/07/07 18:48:03 [GET] /js/ui.js 192.168.10.12:54062 211.036µs
2025/07/07 18:48:06 [GET] / 192.168.10.12:54062 318.053µs
2025/07/07 18:48:06 [GET] /css/theme.css 192.168.10.12:54062 65.79µs
2025/07/07 18:48:06 [GET] /css/landing.css 192.168.10.12:54054 100.486µs
2025/07/07 18:48:06 [GET] /css/app.css 192.168.10.12:54050 140.624µs
2025/07/07 18:48:06 [GET] /js/app.js 192.168.10.12:42124 215.609µs
2025/07/07 18:48:06 [GET] /js/storage.js 192.168.10.12:42124 75.992µs
2025/07/07 18:48:06 [GET] /js/ui.js 192.168.10.12:54050 107.899µs
2025/07/07 18:49:31 Mudança detectada em www/js/ui.js, enviando js-update
2025/07/07 18:49:31 [GET] / 192.168.10.12:54050 244.901µs
2025/07/07 18:49:31 [GET] /css/theme.css 192.168.10.12:54050 80.823µs
2025/07/07 18:49:31 [GET] /css/landing.css 192.168.10.12:42124 141.626µs
2025/07/07 18:49:31 [GET] /css/app.css 192.168.10.12:54054 285.444µs
2025/07/07 18:49:31 [GET] /js/app.js 192.168.10.12:54054 141.606µs
2025/07/07 18:49:32 [GET] /js/storage.js 192.168.10.12:54054 69.165µs
2025/07/07 18:49:32 [GET] /js/ui.js 192.168.10.12:42124 83.217µs
2025/07/07 18:51:17 Mudança detectada em www/js/ui.js, enviando js-update
2025/07/07 18:51:17 [GET] / 192.168.10.12:42124 260.402µs
2025/07/07 18:51:17 [GET] /css/app.css 192.168.10.12:54050 121.94µs
2025/07/07 18:51:17 [GET] /css/theme.css 192.168.10.12:42124 49.832µs
2025/07/07 18:51:17 [GET] /css/landing.css 192.168.10.12:54054 218.379µs
2025/07/07 18:51:17 [GET] /js/app.js 192.168.10.12:54054 118.72µs
2025/07/07 18:51:17 [GET] /js/storage.js 192.168.10.12:54054 75.64µs
2025/07/07 18:51:17 [GET] /js/ui.js 192.168.10.12:54050 93.163µs
2025/07/07 18:52:54 Mudança detectada em www/js/ui.js, enviando js-update
2025/07/07 18:52:54 [GET] / 192.168.10.12:54050 278.515µs
2025/07/07 18:52:54 [GET] /css/theme.css 192.168.10.12:54050 90.239µs
2025/07/07 18:52:54 [GET] /css/app.css 192.168.10.12:42124 130.997µs
2025/07/07 18:52:54 [GET] /css/landing.css 192.168.10.12:54054 89.905µs
2025/07/07 18:52:54 [GET] /js/app.js 192.168.10.12:54054 145.51µs
2025/07/07 18:52:55 [GET] /js/storage.js 192.168.10.12:54054 79.6µs
2025/07/07 18:52:55 [GET] /js/ui.js 192.168.10.12:42124 265.73µs
2025/07/07 18:52:57 Mudança detectada em www/js/ui.js, enviando js-update
2025/07/07 18:52:57 [GET] / 192.168.10.12:42124 290.143µs
2025/07/07 18:52:57 [GET] /css/theme.css 192.168.10.12:42124 82.813µs
2025/07/07 18:52:57 [GET] /css/landing.css 192.168.10.12:54054 165.825µs
2025/07/07 18:52:57 [GET] /css/app.css 192.168.10.12:54050 135.776µs
2025/07/07 18:52:57 [GET] /js/app.js 192.168.10.12:54050 165.654µs
2025/07/07 18:52:57 [GET] /js/storage.js 192.168.10.12:54050 100.586µs
2025/07/07 18:52:57 [GET] /js/ui.js 192.168.10.12:54050 135.406µs
2025/07/07 18:53:10 Mudança detectada em www/index.html, enviando reload
2025/07/07 18:53:10 [GET] / 192.168.10.12:54050 312.2µs
2025/07/07 18:53:10 [GET] /css/theme.css 192.168.10.12:54050 70.548µs
2025/07/07 18:53:10 [GET] /css/landing.css 192.168.10.12:54054 110.071µs
2025/07/07 18:53:10 [GET] /css/app.css 192.168.10.12:42124 132.394µs
2025/07/07 18:53:10 [GET] /js/app.js 192.168.10.12:42124 118.925µs
2025/07/07 18:53:10 [GET] /js/storage.js 192.168.10.12:42124 81.376µs
2025/07/07 18:53:10 [GET] /js/ui.js 192.168.10.12:54050 203.911µs
2025/07/07 18:56:19 Mudança detectada em www/index.html, enviando reload
2025/07/07 18:56:19 [GET] / 192.168.10.12:54050 275.886µs
2025/07/07 18:56:19 [GET] /css/theme.css 192.168.10.12:54050 78.83µs
2025/07/07 18:56:19 [GET] /css/landing.css 192.168.10.12:42124 107.894µs
2025/07/07 18:56:19 [GET] /css/app.css 192.168.10.12:54054 147.198µs
2025/07/07 18:56:43 Mudança detectada em www/index.html, enviando reload
2025/07/07 18:56:45 Mudança detectada em www/index.html, enviando reload
2025/07/07 18:56:48 Mudança detectada em www/index.html, enviando reload
2025/07/07 18:56:52 Mudança detectada em www/index.html, enviando reload
2025/07/07 18:56:59 Mudança detectada em www/index.html, enviando reload
2025/07/07 18:57:06 Mudança detectada em www/index.html, enviando reload
2025/07/07 18:58:00 [GET] / 192.168.10.12:54054 253.861µs
2025/07/07 18:58:00 [GET] /css/theme.css 192.168.10.12:54054 65.077µs
2025/07/07 18:58:00 [GET] /js/app.js 192.168.10.12:47402 92.893µs
2025/07/07 18:58:00 [GET] /css/app.css 192.168.10.12:54050 72.174µs
2025/07/07 18:58:00 [GET] /css/landing.css 192.168.10.12:42124 67.642µs
2025/07/07 18:58:01 [GET] /js/ui.js 192.168.10.12:54050 117.727µs
2025/07/07 18:58:01 [GET] /js/storage.js 192.168.10.12:42124 684.009µs
2025/07/07 18:58:17 Mudança detectada em www/index.html, enviando reload
2025/07/07 18:58:17 [GET] / 192.168.10.12:42124 245.582µs
2025/07/07 18:58:17 [GET] /css/theme.css 192.168.10.12:42124 71.425µs
2025/07/07 18:58:17 [GET] /css/app.css 192.168.10.12:47402 135.005µs
2025/07/07 18:58:17 [GET] /css/landing.css 192.168.10.12:54050 136.062µs
2025/07/07 18:58:17 [GET] /js/app.js 192.168.10.12:54050 139.877µs
2025/07/07 18:58:18 [GET] /js/storage.js 192.168.10.12:54050 71.864µs
2025/07/07 18:58:18 [GET] /js/ui.js 192.168.10.12:47402 111.226µs
2025/07/07 18:58:35 Mudança detectada em www/js/ui.js, enviando js-update
2025/07/07 18:58:35 [GET] / 192.168.10.12:47402 377.004µs
2025/07/07 18:58:35 [GET] /css/theme.css 192.168.10.12:47402 73.345µs
2025/07/07 18:58:35 [GET] /css/landing.css 192.168.10.12:54050 165.818µs
2025/07/07 18:58:35 [GET] /css/app.css 192.168.10.12:42124 169.026µs
2025/07/07 18:58:35 [GET] /js/app.js 192.168.10.12:42124 144.363µs
2025/07/07 18:58:36 [GET] /js/storage.js 192.168.10.12:42124 85.938µs
2025/07/07 18:58:36 [GET] /js/ui.js 192.168.10.12:54050 151.99µs
2025/07/07 18:59:18 Mudança detectada em www/js/ui.js, enviando js-update
2025/07/07 18:59:18 [GET] / 192.168.10.12:54050 363.595µs
2025/07/07 18:59:18 [GET] /css/theme.css 192.168.10.12:54050 104.674µs
2025/07/07 18:59:18 [GET] /css/landing.css 192.168.10.12:42124 99.464µs
2025/07/07 18:59:18 [GET] /css/app.css 192.168.10.12:47402 101.462µs
2025/07/07 18:59:18 [GET] /js/app.js 192.168.10.12:47402 263.67µs
2025/07/07 18:59:19 [GET] /js/storage.js 192.168.10.12:47402 102.309µs
2025/07/07 18:59:19 [GET] /js/ui.js 192.168.10.12:42124 120.977µs
2025/07/07 19:01:18 Mudança detectada em www/index.html, enviando reload
2025/07/07 19:01:18 [GET] / 192.168.10.12:42124 239.774µs
2025/07/07 19:01:18 [GET] /css/theme.css 192.168.10.12:42124 109.651µs
2025/07/07 19:01:18 [GET] /css/landing.css 192.168.10.12:47402 82.914µs
2025/07/07 19:01:18 [GET] /css/app.css 192.168.10.12:54050 137.322µs
2025/07/07 19:01:18 [GET] /js/app.js 192.168.10.12:54050 118.365µs
2025/07/07 19:01:18 [GET] /js/storage.js 192.168.10.12:54050 66.286µs
2025/07/07 19:01:18 [GET] /js/ui.js 192.168.10.12:47402 99.915µs
2025/07/07 19:01:23 Mudança detectada em www/index.html, enviando reload
2025/07/07 19:01:23 [GET] / 192.168.10.12:47402 562.943µs
2025/07/07 19:01:23 [GET] /css/theme.css 192.168.10.12:47402 109.561µs
2025/07/07 19:01:23 [GET] /css/landing.css 192.168.10.12:54050 1.440237ms
2025/07/07 19:01:23 [GET] /css/app.css 192.168.10.12:42124 739.38µs
2025/07/07 19:01:23 [GET] /js/app.js 192.168.10.12:42124 132.699µs
2025/07/07 19:01:24 [GET] /js/storage.js 192.168.10.12:42124 76.943µs
2025/07/07 19:01:24 [GET] /js/ui.js 192.168.10.12:54050 116.933µs
2025/07/07 19:52:01 Mudança detectada em www/index.html, enviando reload
2025/07/07 19:52:01 [GET] / 192.168.10.12:53390 369.873µs
2025/07/07 19:52:01 [GET] /css/theme.css 192.168.10.12:53390 76.779µs
2025/07/07 19:52:01 [GET] /css/app.css 192.168.10.12:53396 110.568µs
2025/07/07 19:52:01 [GET] /css/landing.css 192.168.10.12:53392 145.209µs
2025/07/07 19:52:01 [GET] /js/app.js 192.168.10.12:53392 154.04µs
2025/07/07 19:52:02 [GET] /js/storage.js 192.168.10.12:53392 84.622µs
2025/07/07 19:52:02 [GET] /js/ui.js 192.168.10.12:53396 111.223µs
2025/07/07 19:59:49 Mudança detectada em www/index.html, enviando reload
2025/07/07 19:59:49 [GET] / 192.168.10.12:56236 404.558µs
2025/07/07 19:59:49 [GET] /css/theme.css 192.168.10.12:56236 65.826µs
2025/07/07 19:59:49 [GET] /css/landing.css 192.168.10.12:56244 85.655µs
2025/07/07 19:59:49 [GET] /css/app.css 192.168.10.12:56258 204.97µs
2025/07/07 20:00:06 Mudança detectada em www/index.html, enviando reload
2025/07/07 20:00:11 [GET] / 192.168.10.12:56258 322.117µs
2025/07/07 20:00:11 [GET] /css/theme.css 192.168.10.12:56258 68.12µs
2025/07/07 20:00:11 [GET] /css/landing.css 192.168.10.12:56258 128.158µs
2025/07/07 20:00:11 [GET] /css/app.css 192.168.10.12:56244 97.212µs
2025/07/07 20:00:11 [GET] /js/app.js 192.168.10.12:56236 139.497µs
2025/07/07 20:00:11 [GET] /js/storage.js 192.168.10.12:56236 58.994µs
2025/07/07 20:00:11 [GET] /js/ui.js 192.168.10.12:56244 139.255µs
2025/07/07 20:01:40 [GET] / 192.168.10.12:56244 344.011µs
2025/07/07 20:01:40 [GET] /css/theme.css 192.168.10.12:56244 89.289µs
2025/07/07 20:01:40 [GET] /css/landing.css 192.168.10.12:56244 125.5µs
2025/07/07 20:01:41 [GET] /css/app.css 192.168.10.12:56244 112.644µs
2025/07/07 20:01:41 [GET] /js/app.js 192.168.10.12:56244 129.209µs
2025/07/07 20:01:41 [GET] /js/storage.js 192.168.10.12:56244 158.499µs
2025/07/07 20:01:41 [GET] /js/ui.js 192.168.10.12:56236 200.472µs
2025/07/07 20:01:48 [GET] /css/theme.css 192.168.10.12:56236 49.403µs
2025/07/07 20:01:48 [GET] /css/landing.css 192.168.10.12:56244 123.714µs
2025/07/07 20:01:48 [GET] /css/app.css 192.168.10.12:56258 127.326µs
2025/07/07 20:04:09 Mudança detectada em www/index.html, enviando reload
2025/07/07 20:04:09 [GET] / 192.168.10.12:56258 253.964µs
2025/07/07 20:04:09 [GET] /css/theme.css 192.168.10.12:56258 96.863µs
2025/07/07 20:04:09 [GET] /css/app.css 192.168.10.12:56236 94.12µs
2025/07/07 20:04:09 [GET] /css/landing.css 192.168.10.12:56244 98.306µs
2025/07/07 20:04:09 [GET] /js/app.js 192.168.10.12:56244 156.625µs
2025/07/07 20:04:09 [GET] /js/storage.js 192.168.10.12:56244 78.732µs
2025/07/07 20:04:09 [GET] /js/ui.js 192.168.10.12:56236 96.526µs
2025/07/07 20:04:16 [GET] / 192.168.10.12:56236 285.818µs
2025/07/07 20:04:16 [GET] /css/theme.css 192.168.10.12:56236 75.369µs
2025/07/07 20:04:16 [GET] /css/landing.css 192.168.10.12:56244 128.146µs
2025/07/07 20:04:16 [GET] /css/app.css 192.168.10.12:56258 143.671µs
2025/07/07 20:04:16 [GET] /js/app.js 192.168.10.12:32932 137.862µs
2025/07/07 20:04:16 [GET] /js/storage.js 192.168.10.12:32932 68.624µs
2025/07/07 20:04:16 [GET] /js/ui.js 192.168.10.12:32932 138.592µs
2025/07/07 20:05:24 Mudança detectada em www/js/ui.js, enviando js-update
2025/07/07 20:05:24 [GET] / 192.168.10.12:50372 388.978µs
2025/07/07 20:05:24 [GET] /css/theme.css 192.168.10.12:50372 85.512µs
2025/07/07 20:05:24 [GET] /css/landing.css 192.168.10.12:50376 166.6µs
2025/07/07 20:05:24 [GET] /css/app.css 192.168.10.12:50390 181.187µs
2025/07/07 20:05:24 [GET] /js/app.js 192.168.10.12:50390 182.934µs
2025/07/07 20:05:25 [GET] /js/storage.js 192.168.10.12:50390 75.545µs
2025/07/07 20:05:25 [GET] /js/ui.js 192.168.10.12:50376 130.125µs
2025/07/07 20:06:13 [GET] / 192.168.10.12:50376 330.554µs
2025/07/07 20:06:14 [GET] /css/theme.css 192.168.10.12:50376 925.781µs
2025/07/07 20:06:14 [GET] /css/landing.css 192.168.10.12:50390 116.118µs
2025/07/07 20:06:14 [GET] /css/app.css 192.168.10.12:50372 129.736µs
2025/07/07 20:06:14 [GET] /js/app.js 192.168.10.12:40218 119.608µs
2025/07/07 20:06:14 [GET] /js/storage.js 192.168.10.12:40218 68.563µs
2025/07/07 20:06:14 [GET] /js/ui.js 192.168.10.12:50372 122.444µs
2025/07/07 20:08:03 [GET] / 192.168.10.12:50372 237.563µs
2025/07/07 20:08:03 [GET] /css/theme.css 192.168.10.12:50372 71.005µs
2025/07/07 20:08:03 [GET] /js/app.js 192.168.10.12:50376 76.895µs
2025/07/07 20:08:03 [GET] /css/app.css 192.168.10.12:50390 84.925µs
2025/07/07 20:08:03 [GET] /css/landing.css 192.168.10.12:40218 71.806µs
2025/07/07 20:08:04 [GET] /js/storage.js 192.168.10.12:40218 76.85µs
2025/07/07 20:08:04 [GET] /js/ui.js 192.168.10.12:50390 171.807µs
2025/07/07 20:11:35 Mudança detectada em www/index.html, enviando reload
2025/07/07 20:11:35 [GET] / 192.168.10.12:50390 346.978µs
2025/07/07 20:11:35 [GET] /css/theme.css 192.168.10.12:50390 73.123µs
2025/07/07 20:11:35 [GET] /css/landing.css 192.168.10.12:40218 137.788µs
2025/07/07 20:11:35 [GET] /css/app.css 192.168.10.12:50376 98.731µs
2025/07/07 20:11:35 [GET] /js/app.js 192.168.10.12:50372 81.243µs
2025/07/07 20:11:35 [GET] /js/storage.js 192.168.10.12:50372 85.428µs
2025/07/07 20:11:35 [GET] /js/ui.js 192.168.10.12:50376 112.467µs
2025/07/07 20:11:48 [GET] / 192.168.10.12:50376 755.224µs
2025/07/07 20:11:48 [GET] /css/theme.css 192.168.10.12:50376 113.252µs
2025/07/07 20:11:48 [GET] /css/landing.css 192.168.10.12:50372 174.101µs
2025/07/07 20:11:48 [GET] /css/app.css 192.168.10.12:40218 149.779µs
2025/07/07 20:11:48 [GET] /js/app.js 192.168.10.12:50390 149.606µs
2025/07/07 20:11:48 [GET] /js/storage.js 192.168.10.12:50390 128.021µs
2025/07/07 20:11:48 [GET] /js/ui.js 192.168.10.12:40218 204.728µs
2025/07/07 20:11:55 Mudança detectada em www/index.html, enviando reload
2025/07/07 20:11:55 [GET] / 192.168.10.12:40218 364.614µs
2025/07/07 20:11:55 [GET] /css/theme.css 192.168.10.12:40218 85.775µs
2025/07/07 20:11:55 [GET] /css/landing.css 192.168.10.12:50390 147.21µs
2025/07/07 20:11:55 [GET] /css/app.css 192.168.10.12:50372 114.107µs
2025/07/07 20:11:55 [GET] /js/app.js 192.168.10.12:50376 165.046µs
2025/07/07 20:11:55 [GET] /js/storage.js 192.168.10.12:50376 114.717µs
2025/07/07 20:11:55 [GET] /js/ui.js 192.168.10.12:50372 155.743µs
2025/07/07 20:13:19 Mudança detectada em www/css/app.css, enviando css-update
2025/07/07 20:13:19 [GET] / 192.168.10.12:50372 248.585µs
2025/07/07 20:13:19 [GET] /css/theme.css 192.168.10.12:50372 74.677µs
2025/07/07 20:13:19 [GET] /css/landing.css 192.168.10.12:50372 149.246µs
2025/07/07 20:13:19 [GET] /css/app.css 192.168.10.12:50376 125.715µs
2025/07/07 20:13:19 [GET] /js/app.js 192.168.10.12:50376 117.836µs
2025/07/07 20:13:20 [GET] /js/storage.js 192.168.10.12:50376 105.947µs
2025/07/07 20:13:20 [GET] /js/ui.js 192.168.10.12:50372 148.497µs
2025/07/07 20:13:36 [GET] / 192.168.10.12:50372 344.393µs
2025/07/07 20:13:36 [GET] /css/theme.css 192.168.10.12:50372 104.822µs
2025/07/07 20:13:36 [GET] /css/landing.css 192.168.10.12:50376 139.043µs
2025/07/07 20:13:36 [GET] /css/app.css 192.168.10.12:50390 108.417µs
2025/07/07 20:13:36 [GET] /js/app.js 192.168.10.12:40218 133.174µs
2025/07/07 20:13:37 [GET] /js/storage.js 192.168.10.12:40218 100.628µs
2025/07/07 20:13:37 [GET] /js/ui.js 192.168.10.12:50390 445.988µs
2025/07/07 20:13:38 Mudança detectada em www/css/app.css, enviando css-update
2025/07/07 20:13:38 [GET] / 192.168.10.12:50390 284.697µs
2025/07/07 20:13:38 [GET] /css/theme.css 192.168.10.12:50390 84.316µs
2025/07/07 20:13:38 [GET] /css/landing.css 192.168.10.12:40218 113.464µs
2025/07/07 20:13:38 [GET] /css/app.css 192.168.10.12:50376 97.471µs
2025/07/07 20:13:38 [GET] /js/app.js 192.168.10.12:50372 253.74µs
2025/07/07 20:13:39 [GET] /js/storage.js 192.168.10.12:50372 69.096µs
2025/07/07 20:13:39 [GET] /js/ui.js 192.168.10.12:50390 94.184µs
2025/07/07 20:13:48 Mudança detectada em www/css/app.css, enviando css-update
2025/07/07 20:13:48 [GET] / 192.168.10.12:50390 325.477µs
2025/07/07 20:13:48 [GET] /css/theme.css 192.168.10.12:50390 84.332µs
2025/07/07 20:13:48 [GET] /css/landing.css 192.168.10.12:50372 132.629µs
2025/07/07 20:13:48 [GET] /css/app.css 192.168.10.12:50376 98.815µs
2025/07/07 20:13:48 [GET] /js/app.js 192.168.10.12:40218 161.282µs
2025/07/07 20:13:49 [GET] /js/storage.js 192.168.10.12:40218 75.029µs
2025/07/07 20:13:49 [GET] /js/ui.js 192.168.10.12:50376 136.886µs
2025/07/07 20:13:50 [GET] / 192.168.10.12:50376 356.426µs
2025/07/07 20:13:50 [GET] /css/theme.css 192.168.10.12:50376 80.558µs
2025/07/07 20:13:50 [GET] /css/app.css 192.168.10.12:40218 100.603µs
2025/07/07 20:13:50 [GET] /css/landing.css 192.168.10.12:50376 76.493µs
2025/07/07 20:13:50 [GET] /js/app.js 192.168.10.12:50372 423.763µs
2025/07/07 20:13:51 [GET] /js/storage.js 192.168.10.12:50376 470.651µs
2025/07/07 20:13:51 [GET] /js/ui.js 192.168.10.12:50376 428.417µs
2025/07/07 20:14:14 Mudança detectada em www/index.html, enviando reload
2025/07/07 20:14:14 [GET] / 192.168.10.12:50376 226.922µs
2025/07/07 20:14:14 [GET] /css/theme.css 192.168.10.12:50376 77.671µs
2025/07/07 20:14:14 [GET] /css/landing.css 192.168.10.12:40218 114.21µs
2025/07/07 20:14:14 [GET] /css/app.css 192.168.10.12:50372 111.644µs
2025/07/07 20:14:14 [GET] /js/app.js 192.168.10.12:50390 114.65µs
2025/07/07 20:14:15 [GET] /js/ui.js 192.168.10.12:50372 116.18µs
2025/07/07 20:14:15 [GET] /js/storage.js 192.168.10.12:50390 37.424µs
2025/07/07 20:14:35 Mudança detectada em www/css/app.css, enviando css-update
2025/07/07 20:14:35 [GET] / 192.168.10.12:50372 244.562µs
2025/07/07 20:14:36 [GET] /css/theme.css 192.168.10.12:50372 77.333µs
2025/07/07 20:14:36 [GET] /css/landing.css 192.168.10.12:50390 117.952µs
2025/07/07 20:14:36 [GET] /css/app.css 192.168.10.12:40218 154.176µs
2025/07/07 20:14:36 [GET] /js/app.js 192.168.10.12:40218 128.593µs
2025/07/07 20:14:36 [GET] /js/storage.js 192.168.10.12:40218 64.956µs
2025/07/07 20:14:36 [GET] /js/ui.js 192.168.10.12:50390 92.093µs
2025/07/07 20:15:09 Mudança detectada em www/css/app.css, enviando css-update
2025/07/07 20:15:09 [GET] / 192.168.10.12:50390 239.212µs
2025/07/07 20:15:09 [GET] /css/theme.css 192.168.10.12:50390 80.567µs
2025/07/07 20:15:09 [GET] /css/landing.css 192.168.10.12:50390 106.12µs
2025/07/07 20:15:09 [GET] /css/app.css 192.168.10.12:40218 137.403µs
2025/07/07 20:15:09 [GET] /js/app.js 192.168.10.12:40218 121.885µs
2025/07/07 20:15:10 [GET] /js/storage.js 192.168.10.12:40218 62.069µs
2025/07/07 20:15:10 [GET] /js/ui.js 192.168.10.12:50390 194.187µs
2025/07/07 20:15:34 [GET] / 192.168.10.12:50390 238.955µs
2025/07/07 20:15:34 [GET] /css/theme.css 192.168.10.12:50390 84.261µs
2025/07/07 20:15:34 [GET] /css/landing.css 192.168.10.12:40218 130.964µs
2025/07/07 20:15:34 [GET] /css/app.css 192.168.10.12:50372 131.047µs
2025/07/07 20:15:34 [GET] /js/app.js 192.168.10.12:50376 123.26µs
2025/07/07 20:15:35 [GET] /js/storage.js 192.168.10.12:50376 94.558µs
2025/07/07 20:15:35 [GET] /js/ui.js 192.168.10.12:50372 162.978µs
2025/07/07 20:19:26 Mudança detectada em www/index.html, enviando reload
2025/07/07 20:19:26 [GET] / 192.168.10.12:50372 546.681µs
2025/07/07 20:19:26 [GET] /css/theme.css 192.168.10.12:50372 119.361µs
2025/07/07 20:19:26 [GET] /css/landing.css 192.168.10.12:50372 216.286µs
2025/07/07 20:19:26 [GET] /css/app.css 192.168.10.12:50376 204.932µs
2025/07/07 20:19:26 [GET] /js/app.js 192.168.10.12:40218 163.879µs
2025/07/07 20:19:26 [GET] /js/storage.js 192.168.10.12:50376 136.521µs
2025/07/07 20:19:26 [GET] /js/ui.js 192.168.10.12:40218 232.443µs
2025/07/07 20:19:32 [GET] / 192.168.10.12:40218 674.621µs
2025/07/07 20:19:32 [GET] /css/theme.css 192.168.10.12:40218 121.962µs
2025/07/07 20:19:32 [GET] /css/landing.css 192.168.10.12:50376 194.355µs
2025/07/07 20:19:32 [GET] /css/app.css 192.168.10.12:50372 150.562µs
2025/07/07 20:19:32 [GET] /js/app.js 192.168.10.12:50390 187.637µs
2025/07/07 20:19:33 [GET] /js/storage.js 192.168.10.12:50390 124.292µs
2025/07/07 20:19:33 [GET] /js/ui.js 192.168.10.12:50372 256.423µs
2025/07/07 20:19:36 Mudança detectada em www/index.html, enviando reload
2025/07/07 20:19:36 [GET] / 192.168.10.12:50372 365.117µs
2025/07/07 20:19:36 [GET] /css/theme.css 192.168.10.12:50372 74.715µs
2025/07/07 20:19:36 [GET] /css/landing.css 192.168.10.12:50390 139.73µs
2025/07/07 20:19:36 [GET] /css/app.css 192.168.10.12:50376 104.566µs
2025/07/07 20:19:36 [GET] /js/app.js 192.168.10.12:40218 138.854µs
2025/07/07 20:19:36 [GET] /js/storage.js 192.168.10.12:40218 92.76µs
2025/07/07 20:19:36 [GET] /js/ui.js 192.168.10.12:50376 284.179µs
2025/07/07 20:19:39 [GET] / 192.168.10.12:50376 686.856µs
2025/07/07 20:19:39 [GET] /css/theme.css 192.168.10.12:50376 138.352µs
2025/07/07 20:19:39 [GET] /css/landing.css 192.168.10.12:50376 252.527µs
2025/07/07 20:19:39 [GET] /css/app.css 192.168.10.12:40218 193.549µs
2025/07/07 20:19:39 [GET] /js/app.js 192.168.10.12:50390 678.02µs
2025/07/07 20:19:40 [GET] /js/storage.js 192.168.10.12:50390 77.307µs
2025/07/07 20:19:40 [GET] /js/ui.js 192.168.10.12:40218 129.709µs
2025/07/07 20:19:47 Mudança detectada em www/index.html, enviando reload
2025/07/07 20:19:47 [GET] / 192.168.10.12:40218 442.188µs
2025/07/07 20:19:47 [GET] /css/theme.css 192.168.10.12:40218 137.303µs
2025/07/07 20:19:47 [GET] /css/landing.css 192.168.10.12:50390 145.797µs
2025/07/07 20:19:47 [GET] /css/app.css 192.168.10.12:50376 133.666µs
2025/07/07 20:19:47 [GET] /js/app.js 192.168.10.12:50372 153.386µs
2025/07/07 20:19:48 [GET] /js/storage.js 192.168.10.12:50372 78.757µs
2025/07/07 20:19:48 [GET] /js/ui.js 192.168.10.12:50376 131.586µs
2025/07/07 20:23:12 Mudança detectada em www/index.html, enviando reload
2025/07/07 20:23:12 [GET] / 192.168.10.12:50376 291.707µs
2025/07/07 20:23:13 [GET] /css/theme.css 192.168.10.12:50376 84.716µs
2025/07/07 20:23:13 [GET] /css/landing.css 192.168.10.12:50372 142.401µs
2025/07/07 20:23:13 [GET] /css/app.css 192.168.10.12:50390 456.852µs
2025/07/07 20:23:13 [GET] /js/app.js 192.168.10.12:50390 153.533µs
2025/07/07 20:23:13 [GET] /js/ui.js 192.168.10.12:50372 176.669µs
2025/07/07 20:23:13 [GET] /js/storage.js 192.168.10.12:50390 50.131µs
2025/07/07 20:23:16 [GET] / 192.168.10.12:50372 440.301µs
2025/07/07 20:23:16 [GET] /js/app.js 192.168.10.12:40218 127.913µs
2025/07/07 20:23:16 [GET] /css/app.css 192.168.10.12:50376 100.969µs
2025/07/07 20:23:16 [GET] /css/landing.css 192.168.10.12:50390 81.676µs
2025/07/07 20:23:16 [GET] /css/theme.css 192.168.10.12:50372 32.546µs
2025/07/07 20:23:16 [GET] /js/storage.js 192.168.10.12:50390 70.137µs
2025/07/07 20:23:16 [GET] /js/ui.js 192.168.10.12:50376 200.579µs
2025/07/07 20:24:13 Mudança detectada em www/index.html, enviando reload
2025/07/07 20:24:13 [GET] / 192.168.10.12:50376 333.535µs
2025/07/07 20:24:13 [GET] /css/theme.css 192.168.10.12:50376 76.507µs
2025/07/07 20:24:13 [GET] /css/landing.css 192.168.10.12:50390 156.03µs
2025/07/07 20:24:13 [GET] /css/app.css 192.168.10.12:40218 94.305µs
2025/07/07 20:24:13 [GET] /js/app.js 192.168.10.12:40218 151.134µs
2025/07/07 20:24:13 [GET] /js/storage.js 192.168.10.12:40218 187.094µs
2025/07/07 20:24:13 [GET] /js/ui.js 192.168.10.12:50390 135.111µs
2025/07/07 20:24:22 Mudança detectada em www/css/app.css, enviando css-update
2025/07/07 20:24:22 [GET] / 192.168.10.12:50390 679.585µs
2025/07/07 20:24:23 [GET] /css/theme.css 192.168.10.12:50390 147.182µs
2025/07/07 20:24:23 [GET] /css/landing.css 192.168.10.12:50390 298.025µs
2025/07/07 20:24:23 [GET] /css/app.css 192.168.10.12:40218 238.422µs
2025/07/07 20:24:23 [GET] /js/app.js 192.168.10.12:40218 232.876µs
2025/07/07 20:24:23 [GET] /js/storage.js 192.168.10.12:40218 83.837µs
2025/07/07 20:24:23 [GET] /js/ui.js 192.168.10.12:50390 123.379µs
2025/07/07 20:24:30 [GET] / 192.168.10.12:50390 627.77µs
2025/07/07 20:24:30 [GET] /css/theme.css 192.168.10.12:50390 131.902µs
2025/07/07 20:24:30 [GET] /css/landing.css 192.168.10.12:40218 275.106µs
2025/07/07 20:24:30 [GET] /css/app.css 192.168.10.12:50376 212.56µs
2025/07/07 20:24:30 [GET] /js/app.js 192.168.10.12:50390 298.093µs
2025/07/07 20:24:31 [GET] /js/storage.js 192.168.10.12:50390 124.773µs
2025/07/07 20:24:31 [GET] /js/ui.js 192.168.10.12:50376 192.322µs
2025/07/07 20:24:36 [GET] / 192.168.10.12:50376 323.242µs
2025/07/07 20:24:36 [GET] /css/theme.css 192.168.10.12:50376 73.593µs
2025/07/07 20:24:36 [GET] /css/landing.css 192.168.10.12:50376 413.58µs
2025/07/07 20:24:36 [GET] /js/app.js 192.168.10.12:40218 16.026295ms
2025/07/07 20:24:36 [GET] /css/app.css 192.168.10.12:50390 17.55581ms
2025/07/07 20:24:36 [GET] /js/storage.js 192.168.10.12:50390 119.442µs
2025/07/07 20:24:36 [GET] /js/ui.js 192.168.10.12:40218 183.119µs
2025/07/07 20:24:42 [GET] / 192.168.10.12:40218 474.834µs
2025/07/07 20:24:42 [GET] /css/theme.css 192.168.10.12:40218 142.072µs
2025/07/07 20:24:42 [GET] /css/app.css 192.168.10.12:50376 238.851µs
2025/07/07 20:24:42 [GET] /css/landing.css 192.168.10.12:50390 738.078µs
2025/07/07 20:24:42 [GET] /js/app.js 192.168.10.12:50372 236.867µs
2025/07/07 20:24:42 [GET] /js/storage.js 192.168.10.12:50372 99.469µs
2025/07/07 20:24:42 [GET] /js/ui.js 192.168.10.12:50390 187.533µs
2025/07/07 20:26:04 Mudança detectada em www/index.html, enviando reload
2025/07/07 20:26:04 [GET] / 192.168.10.12:50390 239.799µs
2025/07/07 20:26:04 [GET] /css/theme.css 192.168.10.12:50390 73.005µs
2025/07/07 20:26:04 [GET] /css/landing.css 192.168.10.12:50372 124.188µs
2025/07/07 20:26:04 [GET] /css/app.css 192.168.10.12:50376 128.704µs
2025/07/07 20:26:04 [GET] /js/app.js 192.168.10.12:50376 127.264µs
2025/07/07 20:26:05 [GET] /js/storage.js 192.168.10.12:50376 66.749µs
2025/07/07 20:26:05 [GET] /js/ui.js 192.168.10.12:50372 84.118µs
2025/07/07 20:26:07 [GET] / 192.168.10.12:50372 238.4µs
2025/07/07 20:26:07 [GET] /css/theme.css 192.168.10.12:50372 76.49µs
2025/07/07 20:26:07 [GET] /css/landing.css 192.168.10.12:50372 121.408µs
2025/07/07 20:26:07 [GET] /css/app.css 192.168.10.12:50376 79.003µs
2025/07/07 20:26:07 [GET] /js/app.js 192.168.10.12:50390 126.438µs
2025/07/07 20:26:07 [GET] /js/storage.js 192.168.10.12:50390 63.602µs
2025/07/07 20:26:07 [GET] /js/ui.js 192.168.10.12:50376 81.083µs
2025/07/07 20:26:17 Mudança detectada em www/index.html, enviando reload
2025/07/07 20:26:17 [GET] / 192.168.10.12:50376 277.388µs
2025/07/07 20:26:17 [GET] /css/theme.css 192.168.10.12:50376 70.534µs
2025/07/07 20:26:17 [GET] /css/app.css 192.168.10.12:50372 81.669µs
2025/07/07 20:26:17 [GET] /css/landing.css 192.168.10.12:50390 90.252µs
2025/07/07 20:26:17 [GET] /js/app.js 192.168.10.12:40218 126.735µs
2025/07/07 20:26:18 [GET] /js/storage.js 192.168.10.12:40218 78.38µs
2025/07/07 20:26:18 [GET] /js/ui.js 192.168.10.12:50390 92.949µs
2025/07/07 20:28:12 [GET] / 192.168.10.12:50390 423.21µs
2025/07/07 20:28:12 [GET] /css/theme.css 192.168.10.12:50390 69.988µs
2025/07/07 20:28:12 [GET] /css/landing.css 192.168.10.12:40218 124.721µs
2025/07/07 20:28:12 [GET] /css/app.css 192.168.10.12:50372 105.261µs
2025/07/07 20:28:12 [GET] /js/app.js 192.168.10.12:50376 117.336µs
2025/07/07 20:28:13 [GET] /js/storage.js 192.168.10.12:50376 70.674µs
2025/07/07 20:28:13 [GET] /js/ui.js 192.168.10.12:50372 76.769µs
2025/07/07 20:28:32 [GET] / 192.168.10.12:50372 458.718µs
2025/07/07 20:28:32 [GET] /css/theme.css 192.168.10.12:50372 69.435µs
2025/07/07 20:28:32 [GET] /js/app.js 192.168.10.12:50390 120.776µs
2025/07/07 20:28:32 [GET] /css/app.css 192.168.10.12:40218 76.747µs
2025/07/07 20:28:32 [GET] /css/landing.css 192.168.10.12:50376 68.065µs
2025/07/07 20:28:32 [GET] /js/storage.js 192.168.10.12:50376 105.244µs
2025/07/07 20:28:32 [GET] /js/ui.js 192.168.10.12:40218 163.474µs
2025/07/07 20:28:38 [GET] / 192.168.10.12:40218 241.075µs
2025/07/07 20:28:38 [GET] /css/theme.css 192.168.10.12:40218 83.012µs
2025/07/07 20:28:38 [GET] /css/app.css 192.168.10.12:50390 94.024µs
2025/07/07 20:28:38 [GET] /css/landing.css 192.168.10.12:50376 71.163µs
2025/07/07 20:28:38 [GET] /js/app.js 192.168.10.12:50372 156.214µs
2025/07/07 20:28:39 [GET] /js/storage.js 192.168.10.12:50372 111.468µs
2025/07/07 20:28:39 [GET] /js/ui.js 192.168.10.12:50376 155.984µs
2025/07/07 20:29:27 [GET] / 192.168.10.12:50376 1.892637ms
2025/07/07 20:29:28 [GET] /css/theme.css 192.168.10.12:50376 127.652µs
2025/07/07 20:29:28 [GET] /css/landing.css 192.168.10.12:50372 155.168µs
2025/07/07 20:29:28 [GET] /css/app.css 192.168.10.12:50390 132.14µs
2025/07/07 20:29:28 [GET] /js/app.js 192.168.10.12:40218 126.541µs
2025/07/07 20:29:28 [GET] /js/storage.js 192.168.10.12:40218 106.592µs
2025/07/07 20:29:28 [GET] /js/ui.js 192.168.10.12:50390 144.72µs
2025/07/07 20:29:31 [GET] / 192.168.10.12:50390 1.575488ms
2025/07/07 20:29:31 [GET] /css/theme.css 192.168.10.12:50390 73.116µs
2025/07/07 20:29:31 [GET] /css/landing.css 192.168.10.12:50390 115.371µs
2025/07/07 20:29:31 [GET] /css/app.css 192.168.10.12:50390 111.063µs
2025/07/07 20:29:31 [GET] /js/app.js 192.168.10.12:50390 158.909µs
2025/07/07 20:29:31 [GET] /js/storage.js 192.168.10.12:50390 103.214µs
2025/07/07 20:29:31 [GET] /js/ui.js 192.168.10.12:40218 142.817µs
2025/07/07 20:31:13 [GET] / 192.168.10.12:40218 237.401µs
2025/07/07 20:31:13 [GET] /css/theme.css 192.168.10.12:40218 66.579µs
2025/07/07 20:31:13 [GET] /css/landing.css 192.168.10.12:50390 112.521µs
2025/07/07 20:31:13 [GET] /css/app.css 192.168.10.12:50372 112.506µs
2025/07/07 20:31:13 [GET] /js/app.js 192.168.10.12:50376 266.798µs
2025/07/07 20:31:13 [GET] /js/storage.js 192.168.10.12:50376 64.961µs
2025/07/07 20:31:13 [GET] /js/ui.js 192.168.10.12:50372 896.45µs
2025/07/08 20:10:57 🚀 Servidor iniciado em http://localhost:5571
2025/07/08 20:10:57    Servindo diretório: www
2025/07/08 20:10:57    Live Reload: Ativado
2025/07/08 20:10:57    Logs sendo gravados em: server.log
2025/07/08 20:11:00 [GET] / 192.168.10.12:38678 4.986332ms
2025/07/08 20:11:00 [GET] /css/theme.css 192.168.10.12:38678 76.311µs
2025/07/08 20:11:00 [GET] /css/landing.css 192.168.10.12:38678 554.297µs
2025/07/08 20:11:00 [GET] /css/app.css 192.168.10.12:38686 592.993µs
2025/07/08 20:11:00 [GET] /js/app.js 192.168.10.12:38686 679.641µs
2025/07/08 20:11:00 [GET] /js/storage.js 192.168.10.12:38686 349.892µs
2025/07/08 20:11:00 [GET] /js/ui.js 192.168.10.12:38678 835.886µs
2025/07/08 20:11:01 [GET] /favicon.ico 192.168.10.12:38678 62.192µs
2025/07/08 20:15:00 Mudança detectada em www/index.html, enviando reload
2025/07/08 20:15:00 [GET] / 192.168.10.12:38678 347.301µs
2025/07/08 20:15:02 Mudança detectada em www/index.html, enviando reload
2025/07/08 20:15:04 Mudança detectada em www/js/ui.js, enviando js-update
2025/07/08 20:15:06 [GET] / 192.168.10.12:38678 579.138µs
2025/07/08 20:15:06 [GET] /css/theme.css 192.168.10.12:38678 88.435µs
2025/07/08 20:15:06 [GET] /css/app.css 192.168.10.12:34126 182.955µs
2025/07/08 20:15:06 [GET] /css/landing.css 192.168.10.12:38686 102.973µs
2025/07/08 20:15:06 [GET] /js/app.js 192.168.10.12:34142 96.528µs
2025/07/08 20:15:06 [GET] /js/storage.js 192.168.10.12:34142 77.057µs
2025/07/08 20:15:06 [GET] /js/ui.js 192.168.10.12:38686 155.324µs
2025/07/08 20:15:29 [GET] / 192.168.10.12:38686 240.266µs
2025/07/08 20:15:29 [GET] /css/theme.css 192.168.10.12:38686 74.847µs
2025/07/08 20:15:29 [GET] /css/landing.css 192.168.10.12:38686 179.893µs
2025/07/08 20:15:29 [GET] /css/app.css 192.168.10.12:34142 143.034µs
2025/07/08 20:15:29 [GET] /js/app.js 192.168.10.12:34126 310.743µs
2025/07/08 20:15:29 [GET] /js/storage.js 192.168.10.12:34126 77.983µs
2025/07/08 20:15:29 [GET] /js/ui.js 192.168.10.12:34142 247.941µs
2025/07/08 20:15:34 [GET] / 192.168.10.12:34142 248.479µs
2025/07/08 20:15:34 [GET] /css/theme.css 192.168.10.12:34142 75.17µs
2025/07/08 20:15:34 [GET] /css/landing.css 192.168.10.12:34126 129.167µs
2025/07/08 20:15:34 [GET] /css/app.css 192.168.10.12:38686 75.407µs
2025/07/08 20:15:34 [GET] /js/app.js 192.168.10.12:38678 121.225µs
2025/07/08 20:15:34 [GET] /js/storage.js 192.168.10.12:38678 71.01µs
2025/07/08 20:15:34 [GET] /js/ui.js 192.168.10.12:38686 83.813µs
2025/07/08 20:18:14 Mudança detectada em www/index.html, enviando reload
2025/07/08 20:18:14 [GET] / 192.168.10.12:38686 242.637µs
2025/07/08 20:18:14 [GET] /css/theme.css 192.168.10.12:38686 69.524µs
2025/07/08 20:18:14 [GET] /css/landing.css 192.168.10.12:38678 95.48µs
2025/07/08 20:18:14 [GET] /css/app.css 192.168.10.12:34126 318.274µs
2025/07/08 20:18:14 [GET] /js/app.js 192.168.10.12:34126 134.272µs
2025/07/08 20:18:15 [GET] /js/storage.js 192.168.10.12:34126 68.097µs
2025/07/08 20:18:15 [GET] /js/ui.js 192.168.10.12:38678 90.844µs
2025/07/08 20:23:33 [GET] /css/theme.css 192.168.10.12:51768 129.063µs
2025/07/08 20:23:33 [GET] /css/landing.css 192.168.10.12:51768 219.397µs
2025/07/08 20:23:33 [GET] /css/app.css 192.168.10.12:51768 248.363µs
2025/07/08 20:23:34 [GET] /js/app.js 192.168.10.12:51768 213.123µs
2025/07/08 20:45:15 Mudança detectada em www/aborto, enviando reload
2025/07/08 20:45:15 [GET] / 192.168.10.12:40290 338.709µs
2025/07/08 20:45:15 [GET] /css/theme.css 192.168.10.12:40290 73.942µs
2025/07/08 20:45:15 [GET] /css/landing.css 192.168.10.12:40292 145.232µs
2025/07/08 20:45:15 [GET] /css/app.css 192.168.10.12:40302 136.593µs
2025/07/08 20:45:15 [GET] /js/app.js 192.168.10.12:40302 151.511µs
2025/07/08 20:45:16 [GET] /js/storage.js 192.168.10.12:40302 63.2µs
2025/07/08 20:45:17 [GET] /js/ui.js 192.168.10.12:40292 158.128µs
2025/07/08 20:45:32 Mudança detectada em www/style.css, enviando css-update
2025/07/08 20:45:32 [GET] / 192.168.10.12:40292 387.711µs
2025/07/08 20:45:32 [GET] /script.js 192.168.10.12:40302 204.101µs
2025/07/08 20:45:32 [GET] /style.css 192.168.10.12:40292 1.07276ms
2025/07/08 20:46:01 [GET] / 192.168.10.12:40292 492.343µs
2025/07/08 20:46:01 [GET] /style.css 192.168.10.12:40292 188.693µs
2025/07/08 20:46:01 [GET] /script.js 192.168.10.12:40302 186.269µs
2025/07/08 20:46:03 Mudança detectada em www/style.css, enviando css-update
2025/07/08 20:46:03 [GET] / 192.168.10.12:40302 412.497µs
2025/07/08 20:46:03 [GET] / 192.168.10.12:40292 326.779µs
2025/07/08 20:46:03 [GET] /style.css 192.168.10.12:40292 188.444µs
2025/07/08 20:46:03 [GET] /script.js 192.168.10.12:40302 203.604µs
2025/07/08 20:46:03 [GET] /style.css 192.168.10.12:40290 215.61µs
2025/07/08 20:46:03 [GET] /script.js 192.168.10.12:43870 180.1µs
2025/07/08 20:47:00 [GET] / 192.168.10.12:43870 979.069µs
2025/07/08 20:47:00 [GET] /style.css 192.168.10.12:43870 237.812µs
2025/07/08 20:47:00 [GET] /script.js 192.168.10.12:40290 195.187µs
2025/07/08 20:53:09 Mudança detectada em www/index.html, enviando reload
2025/07/08 20:53:09 [GET] / 192.168.10.12:57068 319.996µs
2025/07/08 20:53:09 [GET] / 192.168.10.12:57068 323.042µs
2025/07/08 20:53:09 [GET] /script.js 192.168.10.12:57076 280.713µs
2025/07/08 20:53:09 [GET] /style.css 192.168.10.12:57068 157.168µs
2025/07/08 20:53:09 [GET] /style.css 192.168.10.12:57084 188.808µs
2025/07/08 20:53:09 [GET] /script.js 192.168.10.12:57100 204.829µs
2025/07/08 20:53:14 Mudança detectada em www/index.html, enviando reload
2025/07/08 20:53:14 [GET] / 192.168.10.12:57100 356.521µs
2025/07/08 20:53:14 [GET] / 192.168.10.12:57084 333.1µs
2025/07/08 20:53:14 [GET] /style.css 192.168.10.12:57084 228.747µs
2025/07/08 20:53:14 [GET] /style.css 192.168.10.12:57068 172.489µs
2025/07/08 20:53:14 [GET] /script.js 192.168.10.12:57100 1.83547ms
2025/07/08 20:53:14 [GET] /script.js 192.168.10.12:57076 231.736µs
2025/07/08 20:55:50 Mudança detectada em www/style.css, enviando css-update
2025/07/08 20:55:50 [GET] / 192.168.10.12:32984 488.288µs
2025/07/08 20:55:50 [GET] / 192.168.10.12:32984 322.589µs
2025/07/08 20:55:50 [GET] /style.css 192.168.10.12:32984 152.829µs
2025/07/08 20:55:50 [GET] /style.css 192.168.10.12:32988 174.708µs
2025/07/08 20:55:50 [GET] /script.js 192.168.10.12:32992 154.739µs
2025/07/08 20:55:50 [GET] /script.js 192.168.10.12:32984 170.161µs
2025/07/08 20:59:19 Mudança detectada em www/style.css, enviando css-update
2025/07/08 20:59:19 [GET] / 192.168.10.12:32984 251.24µs
2025/07/08 20:59:19 [GET] / 192.168.10.12:32984 318.048µs
2025/07/08 20:59:19 [GET] /style.css 192.168.10.12:32984 149.497µs
2025/07/08 20:59:19 [GET] /style.css 192.168.10.12:32992 212.737µs
2025/07/08 20:59:19 [GET] /script.js 192.168.10.12:32988 144.416µs
2025/07/08 20:59:19 [GET] /script.js 192.168.10.12:32984 170.169µs
2025/07/08 21:03:54 Mudança detectada em www/style.css, enviando css-update
2025/07/08 21:03:54 [GET] / 192.168.10.12:32984 313.059µs
2025/07/08 21:03:54 [GET] / 192.168.10.12:32984 319.232µs
2025/07/08 21:03:54 [GET] /style.css 192.168.10.12:32984 266.183µs
2025/07/08 21:03:54 [GET] /style.css 192.168.10.12:32988 747.287µs
2025/07/08 21:03:54 [GET] /script.js 192.168.10.12:32992 1.148011ms
2025/07/08 21:03:54 [GET] /script.js 192.168.10.12:32984 214.128µs
2025/07/08 21:04:00 [GET] / 192.168.10.12:32984 708.378µs
2025/07/08 21:04:00 [GET] /style.css 192.168.10.12:32984 380.756µs
2025/07/08 21:04:00 [GET] /script.js 192.168.10.12:32992 355.662µs
2025/07/08 21:07:04 Mudança detectada em www/style.css, enviando css-update
2025/07/08 21:07:04 [GET] / 192.168.10.12:32992 314.942µs
2025/07/08 21:07:04 [GET] / 192.168.10.12:32992 357.856µs
2025/07/08 21:07:04 [GET] /style.css 192.168.10.12:32992 191.011µs
2025/07/08 21:07:04 [GET] /script.js 192.168.10.12:32984 136.045µs
2025/07/08 21:07:04 [GET] /style.css 192.168.10.12:32988 181.481µs
2025/07/08 21:07:04 [GET] /script.js 192.168.10.12:53784 495.846µs
2025/07/08 21:22:56 Mudança detectada em www/style.css, enviando css-update
2025/07/08 21:22:56 [GET] / 192.168.10.12:35262 629.948µs
2025/07/08 21:22:56 [GET] / 192.168.10.12:35262 476.717µs
2025/07/08 21:22:56 [GET] /style.css 192.168.10.12:35262 203.888µs
2025/07/08 21:22:56 [GET] /style.css 192.168.10.12:35274 210.598µs
2025/07/08 21:22:56 [GET] /script.js 192.168.10.12:35282 210.575µs
2025/07/08 21:22:56 [GET] /script.js 192.168.10.12:35274 262.155µs
2025/07/08 21:28:32 Mudança detectada em www/style.css, enviando css-update
2025/07/08 21:28:32 [GET] / 192.168.10.12:45668 398.433µs
2025/07/08 21:28:32 [GET] / 192.168.10.12:45668 347.18µs
2025/07/08 21:28:32 [GET] /style.css 192.168.10.12:45668 207.635µs
2025/07/08 21:28:32 [GET] /style.css 192.168.10.12:45680 226.745µs
2025/07/08 21:28:32 [GET] /script.js 192.168.10.12:45692 232.417µs
2025/07/08 21:28:32 [GET] /script.js 192.168.10.12:45680 192.168µs
2025/07/08 21:28:37 [GET] / 192.168.10.12:45680 712.061µs
2025/07/08 21:28:37 [GET] /style.css 192.168.10.12:45680 279.506µs
2025/07/08 21:28:37 [GET] /script.js 192.168.10.12:45680 318.465µs
2025/07/08 21:31:53 Mudança detectada em www/style.css, enviando css-update
2025/07/08 21:31:53 [GET] / 192.168.10.12:45680 249.83µs
2025/07/08 21:31:53 [GET] / 192.168.10.12:45680 245.079µs
2025/07/08 21:31:53 [GET] /style.css 192.168.10.12:45680 149.631µs
2025/07/08 21:31:53 [GET] /script.js 192.168.10.12:45680 137.899µs
2025/07/08 21:31:53 [GET] /script.js 192.168.10.12:45668 136.685µs
2025/07/08 21:31:53 [GET] /style.css 192.168.10.12:45692 492.658µs
2025/07/08 21:35:06 Mudança detectada em www/style.css, enviando css-update
2025/07/08 21:35:06 [GET] / 192.168.10.12:45692 311.052µs
2025/07/08 21:35:06 [GET] / 192.168.10.12:45692 322.326µs
2025/07/08 21:35:06 [GET] /style.css 192.168.10.12:45692 186.142µs
2025/07/08 21:35:06 [GET] /style.css 192.168.10.12:45668 186.076µs
2025/07/08 21:35:06 [GET] /script.js 192.168.10.12:45692 182.445µs
2025/07/08 21:35:06 [GET] /script.js 192.168.10.12:45668 184.386µs
2025/07/08 21:35:09 [GET] / 192.168.10.12:45668 352.99µs
2025/07/08 21:35:09 [GET] /style.css 192.168.10.12:45668 189.629µs
2025/07/08 21:35:09 [GET] /script.js 192.168.10.12:45668 248.704µs
2025/07/08 21:35:55 Mudança detectada em www/style.css, enviando css-update
2025/07/08 21:35:55 [GET] / 192.168.10.12:45668 431.871µs
2025/07/08 21:35:55 [GET] / 192.168.10.12:45668 416.664µs
2025/07/08 21:35:55 [GET] /style.css 192.168.10.12:45668 190.363µs
2025/07/08 21:35:55 [GET] /style.css 192.168.10.12:45692 192.244µs
2025/07/08 21:35:55 [GET] /script.js 192.168.10.12:45680 340.202µs
2025/07/08 21:35:55 [GET] /script.js 192.168.10.12:45668 154.438µs
2025/07/08 21:36:01 [GET] / 192.168.10.12:45668 262.722µs
2025/07/08 21:36:01 [GET] /style.css 192.168.10.12:45668 168.189µs
2025/07/08 21:36:01 [GET] /script.js 192.168.10.12:45680 174.905µs
2025/07/08 21:36:58 [GET] /style.css 192.168.10.12:45680 138.793µs
2025/07/08 21:40:20 Mudança detectada em www/style.css, enviando css-update
2025/07/08 21:40:20 [GET] / 192.168.10.12:45680 352.978µs
2025/07/08 21:40:20 [GET] / 192.168.10.12:45668 336.436µs
2025/07/08 21:40:20 [GET] /style.css 192.168.10.12:45668 192.112µs
2025/07/08 21:40:20 [GET] /style.css 192.168.10.12:45692 204.612µs
2025/07/08 21:40:20 [GET] /script.js 192.168.10.12:45680 137.377µs
2025/07/08 21:40:20 [GET] /script.js 192.168.10.12:45668 202.992µs
2025/07/08 21:40:26 Mudança detectada em www/style.css, enviando css-update
2025/07/08 21:40:26 [GET] / 192.168.10.12:45668 358.442µs
2025/07/08 21:40:26 [GET] / 192.168.10.12:45668 1.206328ms
2025/07/08 21:40:26 [GET] /style.css 192.168.10.12:45668 201.255µs
2025/07/08 21:40:26 [GET] /script.js 192.168.10.12:45680 198.703µs
2025/07/08 21:40:26 [GET] /style.css 192.168.10.12:45692 210.546µs
2025/07/08 21:40:26 [GET] /script.js 192.168.10.12:39316 248.281µs
2025/07/08 21:42:13 Mudança detectada em www/style.css, enviando css-update
2025/07/08 21:42:13 [GET] / 192.168.10.12:39316 254.263µs
2025/07/08 21:42:13 [GET] / 192.168.10.12:39316 241.803µs
2025/07/08 21:42:13 [GET] /style.css 192.168.10.12:39316 143.737µs
2025/07/08 21:42:13 [GET] /style.css 192.168.10.12:45692 130.23µs
2025/07/08 21:42:13 [GET] /script.js 192.168.10.12:45680 129.795µs
2025/07/08 21:42:13 [GET] /script.js 192.168.10.12:45668 133.605µs
2025/07/08 21:42:19 [GET] / 192.168.10.12:45668 274.794µs
2025/07/08 21:42:19 [GET] /style.css 192.168.10.12:45668 152.236µs
2025/07/08 21:42:19 [GET] /script.js 192.168.10.12:45680 133.135µs
2025/07/08 21:43:06 Mudança detectada em www/style.css, enviando css-update
2025/07/08 21:43:06 [GET] / 192.168.10.12:45680 244.454µs
2025/07/08 21:43:06 [GET] / 192.168.10.12:45680 248.601µs
2025/07/08 21:43:06 [GET] /style.css 192.168.10.12:45680 160.59µs
2025/07/08 21:43:06 [GET] /style.css 192.168.10.12:45668 184.126µs
2025/07/08 21:43:06 [GET] /script.js 192.168.10.12:45692 522.336µs
2025/07/08 21:43:06 [GET] /script.js 192.168.10.12:39316 136µs
2025/07/08 21:45:30 Mudança detectada em www/style.css, enviando css-update
2025/07/08 21:45:30 [GET] / 192.168.10.12:39316 518.184µs
2025/07/08 21:45:30 [GET] / 192.168.10.12:39316 488.202µs
2025/07/08 21:45:30 [GET] /style.css 192.168.10.12:39316 228.31µs
2025/07/08 21:45:30 [GET] /script.js 192.168.10.12:45692 194.765µs
2025/07/08 21:45:30 [GET] /style.css 192.168.10.12:45668 430.802µs
2025/07/08 21:45:30 [GET] /script.js 192.168.10.12:39316 198.012µs
2025/07/08 21:45:33 [GET] / 192.168.10.12:39316 668.939µs
2025/07/08 21:45:33 [GET] /style.css 192.168.10.12:39316 290.874µs
2025/07/08 21:45:33 [GET] /script.js 192.168.10.12:45668 283.838µs
2025/07/08 21:45:44 Mudança detectada em www/style.css, enviando css-update
2025/07/08 21:45:44 [GET] / 192.168.10.12:45668 327.843µs
2025/07/08 21:45:44 [GET] / 192.168.10.12:45668 359.614µs
2025/07/08 21:45:44 [GET] /style.css 192.168.10.12:45668 218.669µs
2025/07/08 21:45:44 [GET] /script.js 192.168.10.12:39316 268.09µs
2025/07/08 21:45:44 [GET] /style.css 192.168.10.12:45692 134.539µs
2025/07/08 21:45:44 [GET] /script.js 192.168.10.12:45680 132.035µs
2025/07/08 21:46:05 [GET] /style.css 192.168.10.12:45680 150.876µs
2025/07/08 21:46:37 Mudança detectada em www/style.css, enviando css-update
2025/07/08 21:46:37 [GET] / 192.168.10.12:45680 332.636µs
2025/07/08 21:46:37 [GET] / 192.168.10.12:45680 336.247µs
2025/07/08 21:46:37 [GET] /style.css 192.168.10.12:45680 151.407µs
2025/07/08 21:46:37 [GET] /style.css 192.168.10.12:45692 144.837µs
2025/07/08 21:46:37 [GET] /script.js 192.168.10.12:45692 149.806µs
2025/07/08 21:46:37 [GET] /script.js 192.168.10.12:45680 161.202µs
2025/07/08 21:46:46 Mudança detectada em www/style.css, enviando css-update
2025/07/08 21:46:46 [GET] / 192.168.10.12:45680 431.824µs
2025/07/08 21:46:46 [GET] / 192.168.10.12:45680 400.488µs
2025/07/08 21:46:46 [GET] /style.css 192.168.10.12:45680 182.696µs
2025/07/08 21:46:46 [GET] /script.js 192.168.10.12:45692 537.02µs
2025/07/08 21:46:46 [GET] /style.css 192.168.10.12:39316 608.51µs
2025/07/08 21:46:46 [GET] /script.js 192.168.10.12:45680 162.256µs
2025/07/08 21:46:48 Mudança detectada em www/style.css, enviando css-update
2025/07/08 21:46:48 [GET] / 192.168.10.12:45680 472.792µs
2025/07/08 21:46:48 [GET] / 192.168.10.12:45680 502.263µs
2025/07/08 21:46:48 [GET] /style.css 192.168.10.12:45680 207.043µs
2025/07/08 21:46:48 [GET] /style.css 192.168.10.12:39316 282.272µs
2025/07/08 21:46:48 [GET] /script.js 192.168.10.12:45692 191.567µs
2025/07/08 21:46:48 [GET] /script.js 192.168.10.12:45680 198.549µs
2025/07/08 21:46:50 Mudança detectada em www/style.css, enviando css-update
2025/07/08 21:46:50 [GET] / 192.168.10.12:45680 487.477µs
2025/07/08 21:46:50 [GET] / 192.168.10.12:45680 521.675µs
2025/07/08 21:46:50 [GET] /style.css 192.168.10.12:45680 1.204352ms
2025/07/08 21:46:50 [GET] /style.css 192.168.10.12:45692 195.459µs
2025/07/08 21:46:50 [GET] /script.js 192.168.10.12:39316 142.278µs
2025/07/08 21:46:50 [GET] /script.js 192.168.10.12:45668 192.454µs
2025/07/08 21:46:54 Mudança detectada em www/style.css, enviando css-update
2025/07/08 21:46:54 [GET] / 192.168.10.12:45668 250.166µs
2025/07/08 21:46:54 [GET] / 192.168.10.12:45668 258.004µs
2025/07/08 21:46:54 [GET] /style.css 192.168.10.12:45668 199.627µs
2025/07/08 21:46:54 [GET] /script.js 192.168.10.12:39316 761.498µs
2025/07/08 21:46:54 [GET] /style.css 192.168.10.12:45692 171.89µs
2025/07/08 21:46:54 [GET] /script.js 192.168.10.12:45680 144.687µs
2025/07/08 21:46:56 [GET] / 192.168.10.12:45692 296.381µs
2025/07/08 21:46:56 [GET] /style.css 192.168.10.12:45692 149.879µs
2025/07/08 21:46:56 [GET] /script.js 192.168.10.12:45680 132.566µs
2025/07/08 21:47:00 Mudança detectada em www/style.css, enviando css-update
2025/07/08 21:47:00 [GET] / 192.168.10.12:45680 1.374901ms
2025/07/08 21:47:00 [GET] / 192.168.10.12:45680 496.73µs
2025/07/08 21:47:00 [GET] /style.css 192.168.10.12:45680 195.175µs
2025/07/08 21:47:00 [GET] /style.css 192.168.10.12:45692 160.875µs
2025/07/08 21:47:00 [GET] /script.js 192.168.10.12:39316 124.099µs
2025/07/08 21:47:00 [GET] /script.js 192.168.10.12:45680 159.301µs
2025/07/08 21:47:20 Mudança detectada em www/style.css, enviando css-update
2025/07/08 21:47:20 [GET] / 192.168.10.12:45680 254.763µs
2025/07/08 21:47:20 [GET] / 192.168.10.12:45680 282.612µs
2025/07/08 21:47:21 [GET] /style.css 192.168.10.12:39316 132.358µs
2025/07/08 21:47:21 [GET] /script.js 192.168.10.12:39316 142.325µs
2025/07/08 21:47:21 [GET] /script.js 192.168.10.12:45680 469.427µs
2025/07/08 21:47:21 [GET] /style.css 192.168.10.12:39316 244.713µs
2025/07/08 21:51:31 Mudança detectada em www/style.css, enviando css-update
2025/07/08 21:51:31 [GET] / 192.168.10.12:39316 304.491µs
2025/07/08 21:51:31 [GET] / 192.168.10.12:39316 335.452µs
2025/07/08 21:51:31 [GET] /style.css 192.168.10.12:39316 180.471µs
2025/07/08 21:51:31 [GET] /style.css 192.168.10.12:45680 212.048µs
2025/07/08 21:51:31 [GET] /script.js 192.168.10.12:45692 198.882µs
2025/07/08 21:51:31 [GET] /script.js 192.168.10.12:45668 190.21µs
2025/07/08 21:51:34 [GET] / 192.168.10.12:45668 689.433µs
2025/07/08 21:51:34 [GET] /style.css 192.168.10.12:45668 376.381µs
2025/07/08 21:51:34 [GET] /script.js 192.168.10.12:45692 352.369µs
2025/07/08 21:51:47 Mudança detectada em www/style.css, enviando css-update
2025/07/08 21:51:47 [GET] / 192.168.10.12:45692 340.983µs
2025/07/08 21:51:47 [GET] / 192.168.10.12:45692 421.529µs
2025/07/08 21:51:47 [GET] /style.css 192.168.10.12:45692 141.358µs
2025/07/08 21:51:47 [GET] /style.css 192.168.10.12:45668 136.963µs
2025/07/08 21:51:47 [GET] /script.js 192.168.10.12:45680 144.86µs
2025/07/08 21:51:47 [GET] /script.js 192.168.10.12:45692 128.48µs
2025/07/08 22:19:53 [GET] / 192.168.10.12:38238 370.156µs
2025/07/08 22:19:53 [GET] /style.css 192.168.10.12:38238 214.798µs
2025/07/08 22:19:53 [GET] /script.js 192.168.10.12:38238 253.041µs
2025/07/08 22:35:59 [GET] / 192.168.10.12:38790 336.554µs
2025/07/08 22:35:59 [GET] /style.css 192.168.10.12:38790 181.265µs
2025/07/08 22:35:59 [GET] /script.js 192.168.10.12:38794 217.662µs
2025/07/08 22:37:47 [GET] /style.css 192.168.10.12:51104 188.741µs
2025/07/08 23:27:36 [GET] / 192.168.10.12:34800 342.844µs
2025/07/08 23:27:36 [GET] /style.css 192.168.10.12:34800 191.606µs
2025/07/08 23:27:36 [GET] /script.js 192.168.10.12:34806 227.953µs
2025/07/08 23:34:49 [GET] / 192.168.10.12:58954 402.264µs
2025/07/08 23:34:49 [GET] /style.css 192.168.10.12:58954 145.723µs
2025/07/08 23:34:49 [GET] /script.js 192.168.10.12:58958 134.063µs
2025/07/08 23:41:30 Mudança detectada em www/888, enviando reload
2025/07/08 23:41:30 [GET] / 192.168.10.12:54960 333.694µs
2025/07/08 23:41:30 [GET] /style.css 192.168.10.12:54960 465.965µs
2025/07/08 23:41:30 [GET] /script.js 192.168.10.12:54972 189.44µs
2025/07/08 23:41:33 Mudança detectada em www/style.css, enviando css-update
2025/07/08 23:41:33 [GET] / 192.168.10.12:54972 373.53µs
2025/07/08 23:41:33 [GET] /style.css 192.168.10.12:54972 211.24µs
2025/07/08 23:41:33 [GET] /script.js 192.168.10.12:54960 187.427µs
2025/07/08 23:41:41 [GET] / 192.168.10.12:54960 387.814µs
2025/07/08 23:41:41 [GET] /style.css 192.168.10.12:54960 376.027µs
2025/07/08 23:41:41 [GET] /script.js 192.168.10.12:54960 210.587µs
2025/07/08 23:46:10 Mudança detectada em www/style.css, enviando css-update
2025/07/08 23:46:10 [GET] / 192.168.10.12:54960 380.266µs
2025/07/08 23:46:10 [GET] / 192.168.10.12:54960 350.795µs
2025/07/08 23:46:10 [GET] /style.css 192.168.10.12:54960 185.803µs
2025/07/08 23:46:10 [GET] /style.css 192.168.10.12:54960 193.582µs
2025/07/08 23:46:10 [GET] /script.js 192.168.10.12:54960 187.06µs
2025/07/08 23:46:10 [GET] /script.js 192.168.10.12:54972 223.591µs
2025/07/08 23:46:12 [GET] / 192.168.10.12:54972 362.023µs
2025/07/08 23:46:12 [GET] /style.css 192.168.10.12:54972 178.771µs
2025/07/08 23:46:12 [GET] /script.js 192.168.10.12:54960 197.038µs
2025/07/08 23:46:43 Mudança detectada em www/index.html, enviando reload
2025/07/08 23:46:43 [GET] / 192.168.10.12:54960 351.287µs
2025/07/08 23:46:43 [GET] / 192.168.10.12:54960 1.375696ms
2025/07/08 23:46:43 [GET] /script.js 192.168.10.12:54972 157.301µs
2025/07/08 23:46:43 [GET] /style.css 192.168.10.12:54960 88.792µs
2025/07/08 23:46:43 [GET] /script.js 192.168.10.12:54972 174.595µs
2025/07/08 23:46:43 [GET] /style.css 192.168.10.12:54960 94.624µs
2025/07/08 23:46:44 [GET] / 192.168.10.12:54960 303.795µs
2025/07/08 23:46:44 [GET] /style.css 192.168.10.12:54960 193.718µs
2025/07/08 23:46:45 [GET] /script.js 192.168.10.12:54960 205.061µs
2025/07/08 23:46:46 [GET] / 192.168.10.12:54960 554.971µs
2025/07/08 23:46:46 [GET] /style.css 192.168.10.12:54960 189.315µs
2025/07/08 23:46:46 [GET] /script.js 192.168.10.12:54972 136.109µs
2025/07/08 23:48:58 Mudança detectada em www/index.html, enviando reload
2025/07/08 23:48:58 [GET] / 192.168.10.12:54972 406.118µs
2025/07/08 23:48:58 [GET] / 192.168.10.12:54972 376.396µs
2025/07/08 23:48:58 [GET] /style.css 192.168.10.12:54972 189.842µs
2025/07/08 23:48:58 [GET] /script.js 192.168.10.12:54972 229.099µs
2025/07/08 23:48:58 [GET] /style.css 192.168.10.12:54960 195.881µs
2025/07/08 23:48:58 [GET] /script.js 192.168.10.12:44562 228.19µs
2025/07/08 23:51:08 Mudança detectada em www/style.css, enviando css-update
2025/07/08 23:51:08 [GET] / 192.168.10.12:54972 261.822µs
2025/07/08 23:51:08 [GET] / 192.168.10.12:54972 293.066µs
2025/07/08 23:51:08 [GET] /style.css 192.168.10.12:54972 140.829µs
2025/07/08 23:51:08 [GET] /script.js 192.168.10.12:44562 167.229µs
2025/07/08 23:51:08 [GET] /style.css 192.168.10.12:54960 139.527µs
2025/07/08 23:51:08 [GET] /script.js 192.168.10.12:55934 201.203µs
2025/07/08 23:51:11 Mudança detectada em www/style.css, enviando css-update
2025/07/08 23:51:11 [GET] / 192.168.10.12:55934 1.286937ms
2025/07/08 23:51:11 [GET] / 192.168.10.12:55934 261.467µs
2025/07/08 23:51:11 [GET] /style.css 192.168.10.12:55934 156.522µs
2025/07/08 23:51:11 [GET] /script.js 192.168.10.12:54960 143.261µs
2025/07/08 23:51:11 [GET] /style.css 192.168.10.12:44562 926.707µs
2025/07/08 23:51:11 [GET] /script.js 192.168.10.12:54972 165.164µs
2025/07/08 23:51:13 [GET] / 192.168.10.12:54972 287.555µs
2025/07/08 23:51:13 [GET] /style.css 192.168.10.12:54972 162.4µs
2025/07/08 23:51:13 [GET] /script.js 192.168.10.12:44562 134.868µs
2025/07/08 23:53:14 Mudança detectada em www/style.css, enviando css-update
2025/07/08 23:53:14 [GET] / 192.168.10.12:44562 272.693µs
2025/07/08 23:53:14 [GET] / 192.168.10.12:44562 302.148µs
2025/07/08 23:53:14 [GET] /style.css 192.168.10.12:44562 129.767µs
2025/07/08 23:53:14 [GET] /style.css 192.168.10.12:54972 139.497µs
2025/07/08 23:53:14 [GET] /script.js 192.168.10.12:54960 156.142µs
2025/07/08 23:53:14 [GET] /script.js 192.168.10.12:55934 157.179µs
2025/07/08 23:55:09 Mudança detectada em www/script.js, enviando js-update
2025/07/08 23:55:09 [GET] / 192.168.10.12:38180 512.787µs
2025/07/08 23:55:09 [GET] / 192.168.10.12:38196 469.093µs
2025/07/08 23:55:09 [GET] /script.js 192.168.10.12:38180 152.975µs
2025/07/08 23:55:09 [GET] /style.css 192.168.10.12:38196 90.475µs
2025/07/08 23:55:09 [GET] /style.css 192.168.10.12:38196 131.397µs
2025/07/08 23:55:09 [GET] /script.js 192.168.10.12:38180 156.242µs
2025/07/08 23:58:50 Mudança detectada em www/style.css, enviando css-update
2025/07/08 23:58:50 [GET] / 192.168.10.12:38180 379.393µs
2025/07/08 23:58:50 [GET] / 192.168.10.12:38180 474.18µs
2025/07/08 23:58:50 [GET] /style.css 192.168.10.12:38180 183.216µs
2025/07/08 23:58:50 [GET] /style.css 192.168.10.12:38196 201.745µs
2025/07/08 23:58:50 [GET] /script.js 192.168.10.12:36866 207.394µs
2025/07/08 23:58:50 [GET] /script.js 192.168.10.12:38180 237.892µs
2025/07/08 23:59:01 Mudança detectada em www/style.css, enviando css-update
2025/07/08 23:59:01 [GET] / 192.168.10.12:38180 1.476848ms
2025/07/08 23:59:01 [GET] / 192.168.10.12:38180 407.444µs
2025/07/08 23:59:01 [GET] /style.css 192.168.10.12:38180 175.197µs
2025/07/08 23:59:01 [GET] /style.css 192.168.10.12:36866 143.859µs
2025/07/08 23:59:01 [GET] /script.js 192.168.10.12:36866 145.265µs
2025/07/08 23:59:01 [GET] /script.js 192.168.10.12:38180 143.51µs
2025/07/08 23:59:08 Mudança detectada em www/style.css, enviando css-update
2025/07/08 23:59:08 [GET] / 192.168.10.12:38180 335.054µs
2025/07/08 23:59:08 [GET] / 192.168.10.12:38180 522.216µs
2025/07/08 23:59:09 [GET] /style.css 192.168.10.12:38180 127.094µs
2025/07/08 23:59:09 [GET] /style.css 192.168.10.12:38180 122.002µs
2025/07/08 23:59:09 [GET] /script.js 192.168.10.12:36866 135.382µs
2025/07/08 23:59:09 [GET] /script.js 192.168.10.12:38196 129.942µs
2025/07/09 00:03:50 Mudança detectada em www/style.css, enviando css-update
2025/07/09 00:03:50 [GET] / 192.168.10.12:38196 347.952µs
2025/07/09 00:03:50 [GET] / 192.168.10.12:38196 413.073µs
2025/07/09 00:03:50 [GET] /style.css 192.168.10.12:38196 228.708µs
2025/07/09 00:03:51 [GET] /script.js 192.168.10.12:38196 420.371µs
2025/07/09 00:03:50 [GET] /style.css 192.168.10.12:36866 230.979µs
2025/07/09 00:03:51 [GET] /script.js 192.168.10.12:36866 412.847µs
2025/07/09 00:07:19 Mudança detectada em www/style.css, enviando css-update
2025/07/09 00:07:19 [GET] / 192.168.10.12:36866 304.012µs
2025/07/09 00:07:19 [GET] / 192.168.10.12:36866 392.313µs
2025/07/09 00:07:19 [GET] /style.css 192.168.10.12:36866 206.028µs
2025/07/09 00:07:19 [GET] /script.js 192.168.10.12:36866 253.03µs
2025/07/09 00:07:19 [GET] /style.css 192.168.10.12:38196 193.657µs
2025/07/09 00:07:19 [GET] /script.js 192.168.10.12:38196 212.785µs
2025/07/09 00:09:29 Mudança detectada em www/script.js, enviando js-update
2025/07/09 00:09:29 [GET] / 192.168.10.12:38196 381.643µs
2025/07/09 00:09:29 [GET] / 192.168.10.12:36866 289.196µs
2025/07/09 00:09:29 [GET] /style.css 192.168.10.12:36866 136.91µs
2025/07/09 00:09:29 [GET] /script.js 192.168.10.12:38196 97.462µs
2025/07/09 00:09:29 [GET] /style.css 192.168.10.12:38196 150.214µs
2025/07/09 00:09:29 [GET] /script.js 192.168.10.12:36866 158.144µs
2025/07/09 00:10:32 [GET] /style.css 192.168.10.12:36866 134.09µs
2025/07/09 00:13:00 Mudança detectada em www/style.css, enviando css-update
2025/07/09 00:13:00 [GET] / 192.168.10.12:36866 302.812µs
2025/07/09 00:13:00 [GET] / 192.168.10.12:36866 347.434µs
2025/07/09 00:13:00 [GET] /style.css 192.168.10.12:36866 175.63µs
2025/07/09 00:13:00 [GET] /script.js 192.168.10.12:36866 315.398µs
2025/07/09 00:13:00 [GET] /style.css 192.168.10.12:38196 334.78µs
2025/07/09 00:13:00 [GET] /script.js 192.168.10.12:38196 236.93µs
2025/07/09 00:13:03 [GET] / 192.168.10.12:38196 413.079µs
2025/07/09 00:13:03 [GET] /style.css 192.168.10.12:38196 186.016µs
2025/07/09 00:13:03 [GET] /script.js 192.168.10.12:36866 310.587µs
2025/07/09 00:14:38 Mudança detectada em www/script.js, enviando js-update
2025/07/09 00:14:38 [GET] / 192.168.10.12:36866 270.426µs
2025/07/09 00:14:38 [GET] / 192.168.10.12:38196 302.309µs
2025/07/09 00:14:38 [GET] /style.css 192.168.10.12:38196 144.969µs
2025/07/09 00:14:38 [GET] /style.css 192.168.10.12:36866 216.886µs
2025/07/09 00:14:39 [GET] /script.js 192.168.10.12:37342 151.968µs
2025/07/09 00:14:39 [GET] /script.js 192.168.10.12:38196 366.696µs
2025/07/09 00:14:43 Mudança detectada em www/script.js, enviando js-update
2025/07/09 00:14:43 [GET] / 192.168.10.12:38196 263.888µs
2025/07/09 00:14:43 [GET] / 192.168.10.12:38196 263.357µs
2025/07/09 00:14:43 [GET] /style.css 192.168.10.12:37342 188.503µs
2025/07/09 00:14:43 [GET] /script.js 192.168.10.12:36866 101.79µs
2025/07/09 00:14:43 [GET] /style.css 192.168.10.12:36866 137.414µs
2025/07/09 00:14:43 [GET] /script.js 192.168.10.12:37342 160.342µs
2025/07/09 00:16:15 Mudança detectada em www/index.html, enviando reload
2025/07/09 00:16:15 [GET] / 192.168.10.12:37342 402.708µs
2025/07/09 00:16:15 [GET] / 192.168.10.12:37342 781.111µs
2025/07/09 00:16:15 [GET] /style.css 192.168.10.12:37342 135.763µs
2025/07/09 00:16:15 [GET] /style.css 192.168.10.12:37342 256.629µs
2025/07/09 00:16:20 Mudança detectada em www/index.html, enviando reload
2025/07/09 00:16:20 [GET] / 192.168.10.12:37342 364.985µs
2025/07/09 00:16:20 [GET] / 192.168.10.12:37342 377.831µs
2025/07/09 00:16:20 [GET] /style.css 192.168.10.12:37342 138.65µs
2025/07/09 00:16:20 [GET] /style.css 192.168.10.12:36866 145.54µs
2025/07/09 00:16:46 Mudança detectada em www/index.html, enviando reload
2025/07/09 00:16:46 [GET] / 192.168.10.12:36866 363.451µs
2025/07/09 00:16:46 [GET] / 192.168.10.12:37342 3.122021ms
2025/07/09 00:16:46 [GET] /style.css 192.168.10.12:36866 156.855µs
2025/07/09 00:16:46 [GET] /style.css 192.168.10.12:37342 138.037µs
2025/07/09 00:16:51 Mudança detectada em www/script.js, enviando js-update
2025/07/09 00:16:51 [GET] / 192.168.10.12:37342 386.97µs
2025/07/09 00:16:51 [GET] / 192.168.10.12:36866 529.372µs
2025/07/09 00:16:51 [GET] /style.css 192.168.10.12:38196 128.725µs
2025/07/09 00:16:51 [GET] /style.css 192.168.10.12:38196 286.29µs
2025/07/09 00:16:53 [GET] / 192.168.10.12:38196 392.707µs
2025/07/09 00:16:53 [GET] /style.css 192.168.10.12:38196 427.343µs
2025/07/09 00:16:53 [GET] / 192.168.10.12:38196 374.186µs
2025/07/09 00:16:53 [GET] /style.css 192.168.10.12:38196 212.791µs
2025/07/09 00:16:57 Mudança detectada em www/script.js, enviando js-update
2025/07/09 00:16:57 [GET] / 192.168.10.12:38196 418.14µs
2025/07/09 00:16:57 [GET] / 192.168.10.12:38196 381.275µs
2025/07/09 00:16:57 [GET] /style.css 192.168.10.12:36866 164.682µs
2025/07/09 00:16:57 [GET] /style.css 192.168.10.12:36866 138.635µs
2025/07/09 00:17:01 Mudança detectada em www/script.js, enviando js-update
2025/07/09 00:17:01 [GET] / 192.168.10.12:36866 416.061µs
2025/07/09 00:17:01 [GET] / 192.168.10.12:36866 998.354µs
2025/07/09 00:17:01 [GET] /style.css 192.168.10.12:38196 136.712µs
2025/07/09 00:17:01 [GET] /style.css 192.168.10.12:38196 132.843µs
2025/07/09 00:17:02 Mudança detectada em www/index.html, enviando reload
2025/07/09 00:17:02 [GET] / 192.168.10.12:38196 385.576µs
2025/07/09 00:17:02 [GET] / 192.168.10.12:38196 339.173µs
2025/07/09 00:17:02 [GET] /style.css 192.168.10.12:36866 291.599µs
2025/07/09 00:17:02 [GET] /style.css 192.168.10.12:36866 130.726µs
2025/07/09 00:17:03 Mudança detectada em www/index.html, enviando reload
2025/07/09 00:17:05 [GET] / 192.168.10.12:36866 278.186µs
2025/07/09 00:17:05 [GET] /style.css 192.168.10.12:36866 151.431µs
2025/07/09 00:17:05 [GET] /script.js 192.168.10.12:38196 123.561µs
2025/07/09 00:18:18 [GET] / 192.168.10.12:44416 298.949µs
2025/07/09 00:18:18 [GET] /style.css 192.168.10.12:44416 159.63µs
2025/07/09 00:18:19 [GET] /script.js 192.168.10.12:44416 179.64µs
2025/07/09 00:18:19 [GET] /favicon.ico 192.168.10.12:44416 32.324µs
2025/07/09 00:18:31 [GET] / 192.168.10.12:44416 2.428193ms
2025/07/09 00:18:31 [GET] /style.css 192.168.10.12:44416 145.674µs
2025/07/09 00:18:31 [GET] /script.js 192.168.10.12:44416 145.552µs
2025/07/09 00:33:51 Mudança detectada em www/index.html, enviando reload
2025/07/09 00:33:51 [GET] / 192.168.10.12:43986 465.834µs
2025/07/09 00:33:51 [GET] /style.css 192.168.10.12:43986 198.378µs
2025/07/09 00:33:57 Mudança detectada em www/index.html, enviando reload
2025/07/09 00:33:57 [GET] / 192.168.10.12:43986 376.039µs
2025/07/09 00:33:57 [GET] /style.css 192.168.10.12:43986 184.932µs
2025/07/09 00:33:57 [GET] /script.js 192.168.10.12:43996 210.69µs
2025/07/09 00:34:18 Mudança detectada em www/style.css, enviando css-update
2025/07/09 00:34:18 [GET] / 192.168.10.12:43996 387.857µs
2025/07/09 00:34:18 [GET] /style.css 192.168.10.12:43996 189.822µs
2025/07/09 00:34:18 [GET] /script.js 192.168.10.12:43986 287.569µs
2025/07/09 00:34:24 Mudança detectada em www/script.js, enviando js-update
2025/07/09 00:34:24 [GET] / 192.168.10.12:43996 283.482µs
2025/07/09 00:34:24 [GET] /style.css 192.168.10.12:43996 140.547µs
2025/07/09 00:34:24 [GET] /script.js 192.168.10.12:43996 178.648µs
2025/07/09 00:34:25 Mudança detectada em www/style.css, enviando css-update
2025/07/09 00:34:25 [GET] / 192.168.10.12:43996 415.185µs
2025/07/09 00:34:26 [GET] /style.css 192.168.10.12:43996 177.822µs
2025/07/09 00:34:26 [GET] /script.js 192.168.10.12:43996 174.526µs
2025/07/09 00:34:27 Mudança detectada em www/index.html, enviando reload
2025/07/09 00:34:27 [GET] / 192.168.10.12:43996 471.193µs
2025/07/09 00:34:27 [GET] /style.css 192.168.10.12:43996 181.194µs
2025/07/09 00:34:27 [GET] /script.js 192.168.10.12:43986 1.872444ms
2026/04/19 14:54:02 Servidor HTTP iniciado em http://localhost:5571
2026/04/19 14:54:08 [GET] /favicon.ico [::1]:38826 (45.245µs)
2026/04/19 14:56:25 Servidor encerrando...
2026/04/19 23:12:48 Servidor HTTP iniciado em http://localhost:5571
2026/04/19 23:12:54 [GET] / [::1]:60926 (5.46303ms)
2026/04/19 23:12:54 [GET] /style.css [::1]:60926 (844.003µs)
2026/04/19 23:12:54 [GET] /script.js [::1]:60938 (885.354µs)
2026/04/19 23:12:55 [GET] /favicon.ico [::1]:60938 (37.609µs)
2026/04/19 23:13:09 Servidor encerrando...
2026/04/19 23:13:10 Servidor HTTP iniciado em http://localhost:5571
2026/04/19 23:13:10 [GET] / [::1]:47426 (3.218786ms)
2026/04/19 23:13:10 [GET] /script.js [::1]:47430 (1.340244ms)
2026/04/19 23:13:10 [GET] /style.css [::1]:47426 (1.36548ms)
2026/04/19 23:13:12 Servidor encerrando...
2026/04/19 23:13:22 Certificado TLS auto-assinado gerado para localhost (válido 1 ano)
2026/04/19 23:13:22 Servidor HTTP iniciado em http://localhost:5571
2026/04/19 23:13:22 HTTPS escutando em https://localhost:5572
2026/04/19 23:13:30 http: TLS handshake error from [::1]:53838: remote error: tls: unknown certificate
2026/04/19 23:13:30 http: TLS handshake error from [::1]:53852: remote error: tls: unknown certificate
2026/04/19 23:13:33 http: TLS handshake error from [::1]:53854: remote error: tls: unknown certificate
2026/04/19 23:13:33 http: TLS handshake error from [::1]:53868: remote error: tls: unknown certificate
2026/04/19 23:13:33 [GET] / [::1]:53856 (4.147525ms)
2026/04/19 23:13:33 [GET] /style.css [::1]:53856 (462.805µs)
2026/04/19 23:13:33 [GET] /script.js [::1]:53856 (429.696µs)
2026/04/19 23:13:33 [GET] /favicon.ico [::1]:53856 (58.952µs)
2026/04/19 23:13:34 [GET] / [::1]:53856 (1.49197ms)
2026/04/19 23:13:34 [GET] /style.css [::1]:53856 (533.301µs)
2026/04/19 23:13:34 [GET] /script.js [::1]:53856 (406.09µs)
2026/04/19 23:13:35 [GET] / [::1]:53856 (516.643µs)
2026/04/19 23:13:35 [GET] /style.css [::1]:53856 (323.968µs)
2026/04/19 23:13:35 [GET] /script.js [::1]:53856 (308.728µs)
2026/04/19 23:13:37 [GET] / [::1]:53856 (823.367µs)
2026/04/19 23:13:37 [GET] /style.css [::1]:53856 (373.824µs)
2026/04/19 23:13:37 [GET] /script.js [::1]:53856 (397.96µs)
2026/04/19 23:13:38 [GET] / [::1]:53856 (884.98µs)
2026/04/19 23:13:38 [GET] /style.css [::1]:53856 (294.153µs)
2026/04/19 23:13:38 [GET] /script.js [::1]:53856 (286.681µs)
2026/04/19 23:13:39 [GET] / [::1]:53856 (878.757µs)
2026/04/19 23:13:39 [GET] /style.css [::1]:53856 (314.51µs)
2026/04/19 23:13:39 [GET] /script.js [::1]:53856 (1.662ms)
2026/04/19 23:13:40 [GET] / [::1]:53856 (634.213µs)
2026/04/19 23:13:40 [GET] /style.css [::1]:53856 (317.549µs)
2026/04/19 23:13:40 [GET] /script.js [::1]:53856 (337.799µs)
2026/04/19 23:13:41 [GET] / [::1]:53856 (459.87µs)
2026/04/19 23:13:41 [GET] /style.css [::1]:53856 (446.74µs)
2026/04/19 23:13:41 [GET] /script.js [::1]:53856 (367.714µs)
2026/04/19 23:13:42 [GET] / [::1]:53856 (799.353µs)
2026/04/19 23:13:42 [GET] /style.css [::1]:53856 (493.501µs)
2026/04/19 23:13:42 [GET] /script.js [::1]:53856 (388.828µs)
2026/04/19 23:13:43 [GET] / [::1]:53856 (890.13µs)
2026/04/19 23:13:43 [GET] /style.css [::1]:53856 (638.179µs)
2026/04/19 23:13:43 [GET] /script.js [::1]:53856 (492.296µs)
2026/04/19 23:13:44 [GET] / [::1]:53856 (1.03863ms)
2026/04/19 23:13:44 [GET] /style.css [::1]:53856 (305.251µs)
2026/04/19 23:13:44 [GET] /script.js [::1]:53856 (295.416µs)
2026/04/19 23:13:46 [GET] / [::1]:53856 (952.295µs)
2026/04/19 23:13:46 [GET] /style.css [::1]:53856 (473.353µs)
2026/04/19 23:13:46 [GET] /script.js [::1]:53856 (698.965µs)
2026/04/19 23:13:47 [GET] / [::1]:53856 (964.99µs)
2026/04/19 23:13:47 [GET] /script.js [::1]:53856 (390.141µs)
2026/04/19 23:13:47 [GET] /style.css [::1]:53856 (472.9µs)
2026/04/19 23:13:48 [GET] / [::1]:53856 (1.036289ms)
2026/04/19 23:13:48 [GET] /style.css [::1]:53856 (265.286µs)
2026/04/19 23:13:48 [GET] /script.js [::1]:53856 (306.89µs)
2026/04/19 23:13:50 [GET] / [::1]:53856 (3.135807ms)
2026/04/19 23:13:50 [GET] /style.css [::1]:53856 (370.78µs)
2026/04/19 23:13:50 [GET] /script.js [::1]:53856 (423.599µs)
2026/04/19 23:13:53 [GET] / [::1]:53856 (712.134µs)
2026/04/19 23:13:53 [GET] /style.css [::1]:53856 (394.299µs)
2026/04/19 23:13:53 [GET] /script.js [::1]:53856 (228.415µs)
2026/04/19 23:13:59 [GET] / [::1]:53856 (932.11µs)
2026/04/19 23:13:59 [GET] /style.css [::1]:53856 (292.081µs)
2026/04/19 23:13:59 [GET] /script.js [::1]:53856 (328.193µs)
2026/04/19 23:14:04 [GET] / [::1]:53856 (642.088µs)
2026/04/19 23:14:04 [GET] /style.css [::1]:53856 (363.413µs)
2026/04/19 23:14:04 [GET] /script.js [::1]:53856 (270.2µs)
2026/04/19 23:14:07 [GET] / [::1]:53856 (703.882µs)
2026/04/19 23:14:07 [GET] /script.js [::1]:53856 (441.366µs)
2026/04/19 23:14:07 [GET] /style.css [::1]:53856 (842.595µs)
2026/04/19 23:14:11 [GET] / [::1]:53856 (1.952589ms)
2026/04/19 23:14:11 [GET] /style.css [::1]:53856 (229.923µs)
2026/04/19 23:14:11 [GET] /script.js [::1]:53856 (261.463µs)
2026/04/19 23:14:16 [GET] / [::1]:53856 (430.138µs)
2026/04/19 23:14:16 [GET] /style.css [::1]:53856 (260.532µs)
2026/04/19 23:14:16 [GET] /script.js [::1]:53856 (329.666µs)
2026/04/19 23:14:20 [GET] / [::1]:53856 (567.918µs)
2026/04/19 23:14:20 [GET] /style.css [::1]:53856 (405.412µs)
2026/04/19 23:14:20 [GET] /script.js [::1]:53856 (427.705µs)
2026/04/19 23:14:24 [GET] / [::1]:53856 (824.299µs)
2026/04/19 23:14:24 [GET] /style.css [::1]:53856 (603.35µs)
2026/04/19 23:14:24 [GET] /script.js [::1]:53856 (638.026µs)
2026/04/19 23:14:29 [GET] / [::1]:53856 (449.622µs)
2026/04/19 23:14:29 [GET] /style.css [::1]:53856 (1.478842ms)
2026/04/19 23:14:29 [GET] /script.js [::1]:53856 (318.071µs)
2026/04/19 23:14:31 [GET] / [::1]:53856 (893.641µs)
2026/04/19 23:14:31 [GET] /style.css [::1]:53856 (596.673µs)
2026/04/19 23:14:31 [GET] /script.js [::1]:53856 (423.421µs)
2026/04/19 23:14:33 [GET] / [::1]:53856 (876.101µs)
2026/04/19 23:14:33 [GET] /style.css [::1]:53856 (263.018µs)
2026/04/19 23:14:33 [GET] /script.js [::1]:53856 (433.348µs)
2026/04/19 23:14:35 [GET] / [::1]:53856 (855.957µs)
2026/04/19 23:14:35 [GET] /style.css [::1]:53856 (374.968µs)
2026/04/19 23:14:35 [GET] /script.js [::1]:53856 (365.771µs)
2026/04/19 23:14:37 [GET] / [::1]:53856 (1.026192ms)
2026/04/19 23:14:37 [GET] /style.css [::1]:53856 (657.049µs)
2026/04/19 23:14:37 [GET] /script.js [::1]:53856 (431.193µs)
2026/04/19 23:14:39 [GET] / [::1]:53856 (1.858135ms)
2026/04/19 23:14:39 [GET] /style.css [::1]:53856 (402.432µs)
2026/04/19 23:14:39 [GET] /script.js [::1]:53856 (479.395µs)
2026/04/19 23:14:41 [GET] / [::1]:53856 (658.529µs)
2026/04/19 23:14:41 [GET] /style.css [::1]:53856 (230.545µs)
2026/04/19 23:14:41 [GET] /script.js [::1]:53856 (265.116µs)
2026/04/19 23:14:43 [GET] / [::1]:53856 (873.66µs)
2026/04/19 23:14:43 [GET] /style.css [::1]:53856 (371.914µs)
2026/04/19 23:14:43 [GET] /script.js [::1]:53856 (339.755µs)
2026/04/19 23:14:45 [GET] / [::1]:53856 (861.485µs)
2026/04/19 23:14:45 [GET] /style.css [::1]:53856 (789.498µs)
2026/04/19 23:14:45 [GET] /script.js [::1]:53856 (3.074534ms)
2026/04/19 23:14:47 [GET] / [::1]:53856 (965.293µs)
2026/04/19 23:14:47 [GET] /style.css [::1]:53856 (547.293µs)
2026/04/19 23:14:47 [GET] /script.js [::1]:53856 (614.663µs)
2026/04/19 23:14:49 [GET] / [::1]:53856 (885.285µs)
2026/04/19 23:14:49 [GET] /style.css [::1]:53856 (435.841µs)
2026/04/19 23:14:49 [GET] /script.js [::1]:53856 (353.012µs)
2026/04/19 23:14:51 [GET] / [::1]:53856 (855.409µs)
2026/04/19 23:14:51 [GET] /style.css [::1]:53856 (324.543µs)
2026/04/19 23:14:51 [GET] /script.js [::1]:53856 (358.376µs)
2026/04/19 23:14:53 [GET] / [::1]:53856 (866.698µs)
2026/04/19 23:14:53 [GET] /style.css [::1]:53856 (358.241µs)
2026/04/19 23:14:53 [GET] /script.js [::1]:53856 (273.425µs)
2026/04/19 23:14:55 [GET] / [::1]:53856 (1.608706ms)
2026/04/19 23:14:55 [GET] /style.css [::1]:53856 (386.558µs)
2026/04/19 23:14:55 [GET] /script.js [::1]:53856 (239.855µs)
2026/04/19 23:14:58 [GET] / [::1]:53856 (488.859µs)
2026/04/19 23:14:58 [GET] /style.css [::1]:53856 (442.03µs)
2026/04/19 23:14:58 [GET] /script.js [::1]:53856 (355.967µs)
2026/04/19 23:15:01 [GET] / [::1]:53856 (1.843638ms)
2026/04/19 23:15:01 [GET] /style.css [::1]:53856 (444.41µs)
2026/04/19 23:15:01 [GET] /script.js [::1]:53856 (353.667µs)
2026/04/19 23:15:06 [GET] / [::1]:53856 (865.887µs)
2026/04/19 23:15:06 [GET] /style.css [::1]:53856 (369.064µs)
2026/04/19 23:15:06 [GET] /script.js [::1]:53856 (346.145µs)
2026/04/19 23:15:11 [GET] / [::1]:53856 (897.739µs)
2026/04/19 23:15:11 [GET] /style.css [::1]:53856 (453.627µs)
2026/04/19 23:15:11 [GET] /script.js [::1]:53856 (391.857µs)
2026/04/19 23:15:16 [GET] / [::1]:53856 (938.222µs)
2026/04/19 23:15:16 [GET] /style.css [::1]:53856 (2.606614ms)
2026/04/19 23:15:16 [GET] /script.js [::1]:53856 (486.903µs)
2026/04/19 23:15:20 [GET] / [::1]:53856 (920.191µs)
2026/04/19 23:15:20 [GET] /style.css [::1]:53856 (787.45µs)
2026/04/19 23:15:20 [GET] /script.js [::1]:53856 (625.521µs)
2026/04/19 23:15:23 [GET] / [::1]:53856 (895.153µs)
2026/04/19 23:15:23 [GET] /style.css [::1]:53856 (255.326µs)
2026/04/19 23:15:23 [GET] /script.js [::1]:53856 (439.626µs)
2026/04/19 23:15:28 [GET] / [::1]:53856 (3.655112ms)
2026/04/19 23:15:28 [GET] /style.css [::1]:53856 (335.476µs)
2026/04/19 23:15:28 [GET] /script.js [::1]:53856 (432.824µs)
2026/04/19 23:15:31 [GET] / [::1]:53856 (927.867µs)
2026/04/19 23:15:31 [GET] /style.css [::1]:53856 (551.518µs)
2026/04/19 23:15:31 [GET] /script.js [::1]:53856 (384.995µs)
2026/04/19 23:15:34 [GET] / [::1]:53856 (875.051µs)
2026/04/19 23:15:34 [GET] /style.css [::1]:53856 (303.209µs)
2026/04/19 23:15:34 [GET] /script.js [::1]:53856 (244.19µs)
2026/04/19 23:15:37 [GET] / [::1]:53856 (875.262µs)
2026/04/19 23:15:37 [GET] /script.js [::1]:53856 (348.091µs)
2026/04/19 23:15:37 [GET] /style.css [::1]:53856 (437.274µs)
2026/04/19 23:15:40 [GET] / [::1]:53856 (4.723947ms)
2026/04/19 23:15:40 [GET] /style.css [::1]:53856 (267.832µs)
2026/04/19 23:15:40 [GET] /script.js [::1]:53856 (271.46µs)
2026/04/19 23:15:43 [GET] / [::1]:53856 (858.38µs)
2026/04/19 23:15:43 [GET] /script.js [::1]:53856 (383.085µs)
2026/04/19 23:15:43 [GET] /style.css [::1]:53856 (452.325µs)
2026/04/19 23:15:48 [GET] / [::1]:53856 (447.515µs)
2026/04/19 23:15:48 [GET] /style.css [::1]:53856 (487.566µs)
2026/04/19 23:15:48 [GET] /script.js [::1]:53856 (390.576µs)
2026/04/19 23:15:51 [GET] / [::1]:53856 (764.825µs)
2026/04/19 23:15:51 [GET] /style.css [::1]:53856 (278.557µs)
2026/04/19 23:15:51 [GET] /script.js [::1]:53856 (392.155µs)
2026/04/19 23:15:55 [GET] / [::1]:53856 (1.673402ms)
2026/04/19 23:15:55 [GET] /style.css [::1]:53856 (492.962µs)
2026/04/19 23:15:55 [GET] /script.js [::1]:53856 (485.061µs)
2026/04/19 23:15:59 [GET] / [::1]:53856 (885.427µs)
2026/04/19 23:15:59 [GET] /style.css [::1]:53856 (480.954µs)
2026/04/19 23:15:59 [GET] /script.js [::1]:53856 (460.732µs)
2026/04/19 23:16:06 [GET] / [::1]:53856 (465.909µs)
2026/04/19 23:16:06 [GET] /style.css [::1]:53856 (261.07µs)
2026/04/19 23:16:06 [GET] /script.js [::1]:53856 (293.822µs)
2026/04/19 23:16:12 [GET] / [::1]:53856 (455.182µs)
2026/04/19 23:16:12 [GET] /style.css [::1]:53856 (3.571353ms)
2026/04/19 23:16:12 [GET] /script.js [::1]:53856 (2.272383ms)
2026/04/19 23:16:17 [GET] / [::1]:53856 (912.563µs)
2026/04/19 23:16:17 [GET] /style.css [::1]:53856 (279.734µs)
2026/04/19 23:16:17 [GET] /script.js [::1]:53856 (261.571µs)
2026/04/19 23:16:20 [GET] / [::1]:53856 (523.897µs)
2026/04/19 23:16:20 [GET] /style.css [::1]:53856 (242.539µs)
2026/04/19 23:16:20 [GET] /script.js [::1]:53856 (211.065µs)
2026/04/19 23:16:25 [GET] / [::1]:53856 (463.513µs)
2026/04/19 23:16:25 [GET] /style.css [::1]:53856 (634.389µs)
2026/04/19 23:16:25 [GET] /script.js [::1]:53856 (654.541µs)
2026/04/19 23:16:30 [GET] / [::1]:53856 (593.323µs)
2026/04/19 23:16:30 [GET] /style.css [::1]:53856 (405.796µs)
2026/04/19 23:16:30 [GET] /script.js [::1]:53856 (450.11µs)
2026/04/19 23:16:36 [GET] / [::1]:53856 (918.724µs)
2026/04/19 23:16:36 [GET] /style.css [::1]:53856 (860.787µs)
2026/04/19 23:16:36 [GET] /script.js [::1]:53856 (718.36µs)
2026/04/19 23:16:41 [GET] / [::1]:53856 (574.81µs)
2026/04/19 23:16:41 [GET] /style.css [::1]:53856 (328.919µs)
2026/04/19 23:16:41 [GET] /script.js [::1]:53856 (337.993µs)
2026/04/19 23:16:44 [GET] / [::1]:53856 (650.338µs)
2026/04/19 23:16:44 [GET] /style.css [::1]:53856 (385.646µs)
2026/04/19 23:16:44 [GET] /script.js [::1]:53856 (414.289µs)
2026/04/19 23:16:48 [GET] / [::1]:53856 (694.731µs)
2026/04/19 23:16:48 [GET] /style.css [::1]:53856 (2.15509ms)
2026/04/19 23:16:48 [GET] /script.js [::1]:53856 (769.248µs)
2026/04/19 23:16:51 [GET] / [::1]:53856 (546.147µs)
2026/04/19 23:16:51 [GET] /style.css [::1]:53856 (355.328µs)
2026/04/19 23:16:51 [GET] /script.js [::1]:53856 (319.175µs)
2026/04/19 23:16:57 [GET] / [::1]:53856 (507.89µs)
2026/04/19 23:16:57 [GET] /style.css [::1]:53856 (244.484µs)
2026/04/19 23:16:57 [GET] /script.js [::1]:53856 (264.252µs)
2026/04/19 23:17:00 [GET] / [::1]:53856 (521.346µs)
2026/04/19 23:17:00 [GET] /style.css [::1]:53856 (365.749µs)
2026/04/19 23:17:00 [GET] /script.js [::1]:53856 (391.659µs)
2026/04/19 23:17:05 [GET] / [::1]:53856 (550.482µs)
2026/04/19 23:17:05 [GET] /style.css [::1]:53856 (478.978µs)
2026/04/19 23:17:05 [GET] /script.js [::1]:53856 (536.516µs)
2026/04/19 23:17:10 [GET] / [::1]:53856 (2.279782ms)
2026/04/19 23:17:10 [GET] /style.css [::1]:53856 (359.307µs)
2026/04/19 23:17:10 [GET] /script.js [::1]:53856 (396.246µs)
2026/04/19 23:17:16 [GET] / [::1]:53856 (572.359µs)
2026/04/19 23:17:16 [GET] /style.css [::1]:53856 (434.776µs)
2026/04/19 23:17:16 [GET] /script.js [::1]:53856 (346.348µs)
2026/04/19 23:17:20 [GET] / [::1]:53856 (465.477µs)
2026/04/19 23:17:20 [GET] /style.css [::1]:53856 (381.091µs)
2026/04/19 23:17:20 [GET] /script.js [::1]:53856 (405.908µs)
2026/04/19 23:17:24 [GET] / [::1]:53856 (471.136µs)
2026/04/19 23:17:24 [GET] /style.css [::1]:53856 (348.077µs)
2026/04/19 23:17:24 [GET] /script.js [::1]:53856 (384.31µs)
2026/04/19 23:17:28 [GET] / [::1]:53856 (808.914µs)
2026/04/19 23:17:28 [GET] /style.css [::1]:53856 (1.572479ms)
2026/04/19 23:17:28 [GET] /script.js [::1]:53856 (388.839µs)
2026/04/19 23:17:34 [GET] / [::1]:53856 (539.746µs)
2026/04/19 23:17:34 [GET] /style.css [::1]:53856 (463.378µs)
2026/04/19 23:17:34 [GET] /script.js [::1]:53856 (362.999µs)
2026/04/19 23:17:39 [GET] / [::1]:53856 (444.833µs)
2026/04/19 23:17:39 [GET] /style.css [::1]:53856 (492.572µs)
2026/04/19 23:17:39 [GET] /script.js [::1]:53856 (401.482µs)
2026/04/19 23:17:43 [GET] / [::1]:53856 (404.516µs)
2026/04/19 23:17:43 [GET] /style.css [::1]:53856 (525.025µs)
2026/04/19 23:17:43 [GET] /script.js [::1]:53856 (378.12µs)
2026/04/19 23:17:50 [GET] / [::1]:53856 (455.871µs)
2026/04/19 23:17:50 [GET] /script.js [::1]:53856 (607.677µs)
2026/04/19 23:17:50 [GET] /style.css [::1]:53856 (1.361964ms)
2026/04/19 23:17:53 [GET] / [::1]:53856 (705.197µs)
2026/04/19 23:17:53 [GET] /style.css [::1]:53856 (503.854µs)
2026/04/19 23:17:53 [GET] /script.js [::1]:53856 (271.443µs)
2026/04/19 23:17:57 [GET] / [::1]:53856 (455.141µs)
2026/04/19 23:17:57 [GET] /style.css [::1]:53856 (396.181µs)
2026/04/19 23:17:57 [GET] /script.js [::1]:53856 (373.634µs)
2026/04/19 23:18:03 [GET] / [::1]:53856 (505.507µs)
2026/04/19 23:18:03 [GET] /style.css [::1]:53856 (261.872µs)
2026/04/19 23:18:03 [GET] /script.js [::1]:53856 (288.031µs)
2026/04/19 23:18:07 [GET] / [::1]:53856 (940.752µs)
2026/04/19 23:18:07 [GET] /style.css [::1]:53856 (239.448µs)
2026/04/19 23:18:07 [GET] /script.js [::1]:53856 (271.642µs)
2026/04/19 23:18:13 [GET] / [::1]:53856 (1.97001ms)
2026/04/19 23:18:13 [GET] /style.css [::1]:53856 (233.209µs)
2026/04/19 23:18:13 [GET] /script.js [::1]:53856 (221.115µs)
2026/04/19 23:18:17 [GET] / [::1]:53856 (433.207µs)
2026/04/19 23:18:17 [GET] /style.css [::1]:53856 (243.54µs)
2026/04/19 23:18:17 [GET] /script.js [::1]:53856 (213.131µs)
2026/04/19 23:18:23 [GET] / [::1]:53856 (425.28µs)
2026/04/19 23:18:23 [GET] /style.css [::1]:53856 (289.51µs)
2026/04/19 23:18:23 [GET] /script.js [::1]:53856 (483.195µs)
2026/04/19 23:18:27 [GET] / [::1]:53856 (437.163µs)
2026/04/19 23:18:27 [GET] /style.css [::1]:53856 (297.755µs)
2026/04/19 23:18:27 [GET] /script.js [::1]:53856 (323.238µs)
2026/04/19 23:18:30 [GET] / [::1]:53856 (1.418797ms)
2026/04/19 23:18:30 [GET] /style.css [::1]:53856 (236.47µs)
2026/04/19 23:18:30 [GET] /script.js [::1]:53856 (214.634µs)
2026/04/19 23:18:35 [GET] / [::1]:53856 (658.748µs)
2026/04/19 23:18:35 [GET] /style.css [::1]:53856 (358.897µs)
2026/04/19 23:18:35 [GET] /script.js [::1]:53856 (452.414µs)
2026/04/19 23:18:40 [GET] / [::1]:53856 (438.412µs)
2026/04/19 23:18:40 [GET] /style.css [::1]:53856 (489.929µs)
2026/04/19 23:18:40 [GET] /script.js [::1]:53856 (382.169µs)
2026/04/19 23:18:43 [GET] / [::1]:53856 (561.497µs)
2026/04/19 23:18:43 [GET] /style.css [::1]:53856 (585.27µs)
2026/04/19 23:18:43 [GET] /script.js [::1]:53856 (423.944µs)
2026/04/19 23:18:48 [GET] / [::1]:53856 (2.073634ms)
2026/04/19 23:18:48 [GET] /style.css [::1]:53856 (530.158µs)
2026/04/19 23:18:48 [GET] /script.js [::1]:53856 (398.558µs)
2026/04/19 23:18:54 [GET] / [::1]:53856 (443.286µs)
2026/04/19 23:18:54 [GET] /style.css [::1]:53856 (444.268µs)
2026/04/19 23:18:54 [GET] /script.js [::1]:53856 (360.222µs)
2026/04/19 23:19:00 [GET] / [::1]:53856 (475.628µs)
2026/04/19 23:19:00 [GET] /style.css [::1]:53856 (303.228µs)
2026/04/19 23:19:00 [GET] /script.js [::1]:53856 (636.001µs)
2026/04/19 23:19:06 [GET] / [::1]:53856 (566.077µs)
2026/04/19 23:19:06 [GET] /style.css [::1]:53856 (511.991µs)
2026/04/19 23:19:06 [GET] /script.js [::1]:53856 (328.928µs)
2026/04/19 23:19:09 [GET] / [::1]:53856 (2.234836ms)
2026/04/19 23:19:09 [GET] /style.css [::1]:53856 (525.836µs)
2026/04/19 23:19:09 [GET] /script.js [::1]:53856 (404.944µs)
2026/04/19 23:19:12 [GET] / [::1]:53856 (435.211µs)
2026/04/19 23:19:12 [GET] /style.css [::1]:53856 (281.632µs)
2026/04/19 23:19:12 [GET] /script.js [::1]:53856 (266.951µs)
2026/04/19 23:19:18 [GET] / [::1]:53856 (426.412µs)
2026/04/19 23:19:18 [GET] /style.css [::1]:53856 (509.924µs)
2026/04/19 23:19:18 [GET] /script.js [::1]:53856 (387.405µs)
2026/04/19 23:19:22 [GET] / [::1]:53856 (495.551µs)
2026/04/19 23:19:22 [GET] /style.css [::1]:53856 (448.584µs)
2026/04/19 23:19:22 [GET] /script.js [::1]:53856 (353.559µs)
2026/04/19 23:19:26 [GET] / [::1]:53856 (1.467407ms)
2026/04/19 23:19:26 [GET] /style.css [::1]:53856 (261.671µs)
2026/04/19 23:19:26 [GET] /script.js [::1]:53856 (263.192µs)
2026/04/19 23:19:30 [GET] / [::1]:53856 (439.644µs)
2026/04/19 23:19:30 [GET] /style.css [::1]:53856 (500.263µs)
2026/04/19 23:19:30 [GET] /script.js [::1]:53856 (391.417µs)
2026/04/19 23:19:34 [GET] / [::1]:53856 (451.07µs)
2026/04/19 23:19:34 [GET] /style.css [::1]:53856 (521.883µs)
2026/04/19 23:19:34 [GET] /script.js [::1]:53856 (437.011µs)
2026/04/19 23:19:40 [GET] / [::1]:53856 (501.39µs)
2026/04/19 23:19:40 [GET] /style.css [::1]:53856 (248.031µs)
2026/04/19 23:19:40 [GET] /script.js [::1]:53856 (360.844µs)
2026/04/19 23:19:45 [GET] / [::1]:53856 (3.224998ms)
2026/04/19 23:19:45 [GET] /style.css [::1]:53856 (255.14µs)
2026/04/19 23:19:45 [GET] /script.js [::1]:53856 (353.663µs)
2026/04/19 23:19:48 [GET] / [::1]:53856 (457.572µs)
2026/04/19 23:19:48 [GET] /style.css [::1]:53856 (452.775µs)
2026/04/19 23:19:48 [GET] /script.js [::1]:53856 (354.003µs)
2026/04/19 23:19:53 [GET] / [::1]:53856 (520.909µs)
2026/04/19 23:19:53 [GET] /style.css [::1]:53856 (461.881µs)
2026/04/19 23:19:53 [GET] /script.js [::1]:53856 (352.54µs)
2026/04/19 23:19:56 [GET] / [::1]:53856 (510.507µs)
2026/04/19 23:19:56 [GET] /style.css [::1]:53856 (459.371µs)
2026/04/19 23:19:56 [GET] /script.js [::1]:53856 (345.989µs)
2026/04/19 23:20:02 [GET] / [::1]:53856 (451.955µs)
2026/04/19 23:20:02 [GET] /style.css [::1]:53856 (249.118µs)
2026/04/19 23:20:02 [GET] /script.js [::1]:53856 (315.981µs)
2026/04/19 23:20:06 [GET] / [::1]:53856 (569.725µs)
2026/04/19 23:20:06 [GET] /style.css [::1]:53856 (485.107µs)
2026/04/19 23:20:06 [GET] /script.js [::1]:53856 (362.008µs)
2026/04/19 23:20:09 [GET] / [::1]:53856 (477.578µs)
2026/04/19 23:20:09 [GET] /style.css [::1]:53856 (309.524µs)
2026/04/19 23:20:09 [GET] /script.js [::1]:53856 (306.887µs)
2026/04/19 23:20:12 [GET] / [::1]:53856 (443.999µs)
2026/04/19 23:20:12 [GET] /style.css [::1]:53856 (475.802µs)
2026/04/19 23:20:12 [GET] /script.js [::1]:53856 (384.549µs)
2026/04/19 23:20:16 [GET] / [::1]:53856 (2.038272ms)
2026/04/19 23:20:16 [GET] /style.css [::1]:53856 (394.401µs)
2026/04/19 23:20:16 [GET] /script.js [::1]:53856 (404.857µs)
2026/04/19 23:20:20 [GET] / [::1]:53856 (450.269µs)
2026/04/19 23:20:20 [GET] /style.css [::1]:53856 (474.807µs)
2026/04/19 23:20:20 [GET] /script.js [::1]:53856 (367.813µs)
2026/04/19 23:20:26 [GET] / [::1]:53856 (489.492µs)
2026/04/19 23:20:26 [GET] /style.css [::1]:53856 (446.815µs)
2026/04/19 23:20:26 [GET] /script.js [::1]:53856 (358.675µs)
2026/04/19 23:20:31 [GET] / [::1]:53856 (457.879µs)
2026/04/19 23:20:31 [GET] /style.css [::1]:53856 (1.912894ms)
2026/04/19 23:20:31 [GET] /script.js [::1]:53856 (532.052µs)
2026/04/19 23:20:37 [GET] / [::1]:53856 (416.523µs)
2026/04/19 23:20:37 [GET] /style.css [::1]:53856 (564.449µs)
2026/04/19 23:20:37 [GET] /script.js [::1]:53856 (313.023µs)
2026/04/19 23:20:43 [GET] / [::1]:53856 (587.993µs)
2026/04/19 23:20:43 [GET] /style.css [::1]:53856 (239.524µs)
2026/04/19 23:20:43 [GET] /script.js [::1]:53856 (349.6µs)
2026/04/19 23:20:49 [GET] / [::1]:53856 (612.317µs)
2026/04/19 23:20:49 [GET] /style.css [::1]:53856 (462.84µs)
2026/04/19 23:20:49 [GET] /script.js [::1]:53856 (369.695µs)
2026/04/19 23:20:53 [GET] / [::1]:53856 (761.251µs)
2026/04/19 23:20:53 [GET] /style.css [::1]:53856 (269.95µs)
2026/04/19 23:20:53 [GET] /script.js [::1]:53856 (236.714µs)
2026/04/19 23:20:57 [GET] / [::1]:53856 (498.157µs)
2026/04/19 23:20:57 [GET] /style.css [::1]:53856 (472.771µs)
2026/04/19 23:20:57 [GET] /script.js [::1]:53856 (485.938µs)
2026/04/19 23:21:03 [GET] / [::1]:53856 (1.03249ms)
2026/04/19 23:21:03 [GET] /style.css [::1]:53856 (334.517µs)
2026/04/19 23:21:03 [GET] /script.js [::1]:53856 (328.342µs)
2026/04/19 23:21:07 [GET] / [::1]:53856 (478.077µs)
2026/04/19 23:21:07 [GET] /style.css [::1]:53856 (482.249µs)
2026/04/19 23:21:07 [GET] /script.js [::1]:53856 (397.75µs)
2026/04/19 23:21:11 [GET] / [::1]:53856 (1.965818ms)
2026/04/19 23:21:11 [GET] /style.css [::1]:53856 (573.243µs)
2026/04/19 23:21:11 [GET] /script.js [::1]:53856 (437.724µs)
2026/04/19 23:21:16 [GET] / [::1]:53856 (428.656µs)
2026/04/19 23:21:16 [GET] /style.css [::1]:53856 (327.454µs)
2026/04/19 23:21:16 [GET] /script.js [::1]:53856 (251.679µs)
2026/04/19 23:21:23 [GET] / [::1]:53856 (917.648µs)
2026/04/19 23:21:23 [GET] /style.css [::1]:53856 (231.457µs)
2026/04/19 23:21:23 [GET] /script.js [::1]:53856 (410.608µs)
2026/04/19 23:21:28 [GET] / [::1]:53856 (534.088µs)
2026/04/19 23:21:28 [GET] /style.css [::1]:53856 (1.89009ms)
2026/04/19 23:21:28 [GET] /script.js [::1]:53856 (1.773437ms)
2026/04/19 23:21:34 [GET] / [::1]:53856 (435.528µs)
2026/04/19 23:21:34 [GET] /style.css [::1]:53856 (544.264µs)
2026/04/19 23:21:34 [GET] /script.js [::1]:53856 (412.217µs)
2026/04/19 23:21:39 [GET] / [::1]:53856 (445.54µs)
2026/04/19 23:21:39 [GET] /style.css [::1]:53856 (451.841µs)
2026/04/19 23:21:39 [GET] /script.js [::1]:53856 (348.034µs)
2026/04/19 23:21:42 [GET] / [::1]:53856 (522.157µs)
2026/04/19 23:21:42 [GET] /style.css [::1]:53856 (267.582µs)
2026/04/19 23:21:42 [GET] /script.js [::1]:53856 (342.882µs)
2026/04/19 23:21:49 [GET] / [::1]:53856 (2.132681ms)
2026/04/19 23:21:49 [GET] /style.css [::1]:53856 (367.656µs)
2026/04/19 23:21:49 [GET] /script.js [::1]:53856 (414.724µs)
2026/04/19 23:21:53 [GET] / [::1]:53856 (460.265µs)
2026/04/19 23:21:53 [GET] /style.css [::1]:53856 (326.307µs)
2026/04/19 23:21:53 [GET] /script.js [::1]:53856 (279.749µs)
2026/04/19 23:21:56 [GET] / [::1]:53856 (806.524µs)
2026/04/19 23:21:56 [GET] /style.css [::1]:53856 (235.483µs)
2026/04/19 23:21:56 [GET] /script.js [::1]:53856 (956.182µs)
2026/04/19 23:22:02 [GET] / [::1]:53856 (507.199µs)
2026/04/19 23:22:02 [GET] /style.css [::1]:53856 (477.796µs)
2026/04/19 23:22:02 [GET] /script.js [::1]:53856 (564.403µs)
2026/04/19 23:22:07 [GET] / [::1]:53856 (774.638µs)
2026/04/19 23:22:07 [GET] /style.css [::1]:53856 (286.35µs)
2026/04/19 23:22:07 [GET] /script.js [::1]:53856 (330.243µs)
2026/04/19 23:22:11 [GET] / [::1]:53856 (2.225987ms)
2026/04/19 23:22:11 [GET] /style.css [::1]:53856 (527.612µs)
2026/04/19 23:22:11 [GET] /script.js [::1]:53856 (365.757µs)
2026/04/19 23:22:16 [GET] / [::1]:53856 (503.199µs)
2026/04/19 23:22:16 [GET] /style.css [::1]:53856 (319.18µs)
2026/04/19 23:22:16 [GET] /script.js [::1]:53856 (370.651µs)
2026/04/19 23:22:20 [GET] / [::1]:53856 (489.2µs)
2026/04/19 23:22:20 [GET] /style.css [::1]:53856 (299.22µs)
2026/04/19 23:22:20 [GET] /script.js [::1]:53856 (248.808µs)
2026/04/19 23:22:24 [GET] / [::1]:53856 (448.576µs)
2026/04/19 23:22:24 [GET] /style.css [::1]:53856 (506.889µs)
2026/04/19 23:22:24 [GET] /script.js [::1]:53856 (422.556µs)
2026/04/19 23:22:29 [GET] / [::1]:53856 (770.413µs)
2026/04/19 23:22:29 [GET] /style.css [::1]:53856 (366.183µs)
2026/04/19 23:22:29 [GET] /script.js [::1]:53856 (227.395µs)
2026/04/19 23:22:31 [GET] / [::1]:53856 (462.914µs)
2026/04/19 23:22:31 [GET] /style.css [::1]:53856 (439.818µs)
2026/04/19 23:22:31 [GET] /script.js [::1]:53856 (364.309µs)
2026/04/19 23:22:33 [GET] / [::1]:53856 (515.951µs)
2026/04/19 23:22:33 [GET] /style.css [::1]:53856 (3.680702ms)
2026/04/19 23:22:33 [GET] /script.js [::1]:53856 (329.77µs)
2026/04/19 23:22:35 [GET] / [::1]:53856 (500.841µs)
2026/04/19 23:22:35 [GET] /style.css [::1]:53856 (629.997µs)
2026/04/19 23:22:35 [GET] /script.js [::1]:53856 (853.906µs)
2026/04/19 23:22:37 [GET] / [::1]:53856 (464.464µs)
2026/04/19 23:22:37 [GET] /style.css [::1]:53856 (261.308µs)
2026/04/19 23:22:37 [GET] /script.js [::1]:53856 (305.926µs)
2026/04/19 23:22:39 [GET] / [::1]:53856 (432.772µs)
2026/04/19 23:22:39 [GET] /style.css [::1]:53856 (260.369µs)
2026/04/19 23:22:39 [GET] /script.js [::1]:53856 (365.214µs)
2026/04/19 23:22:41 [GET] / [::1]:53856 (499.655µs)
2026/04/19 23:22:41 [GET] /style.css [::1]:53856 (435.265µs)
2026/04/19 23:22:41 [GET] /script.js [::1]:53856 (351.028µs)
2026/04/19 23:22:43 [GET] / [::1]:53856 (3.064159ms)
2026/04/19 23:22:43 [GET] /style.css [::1]:53856 (289.963µs)
2026/04/19 23:22:43 [GET] /script.js [::1]:53856 (395.545µs)
2026/04/19 23:22:45 [GET] / [::1]:53856 (466.466µs)
2026/04/19 23:22:45 [GET] /style.css [::1]:53856 (674.833µs)
2026/04/19 23:22:45 [GET] /script.js [::1]:53856 (368.424µs)
2026/04/19 23:22:47 [GET] / [::1]:53856 (481.88µs)
2026/04/19 23:22:47 [GET] /style.css [::1]:53856 (803.749µs)
2026/04/19 23:22:47 [GET] /script.js [::1]:53856 (297.34µs)
2026/04/19 23:22:49 [GET] / [::1]:53856 (470.069µs)
2026/04/19 23:22:49 [GET] /style.css [::1]:53856 (237.236µs)
2026/04/19 23:22:49 [GET] /script.js [::1]:53856 (224.864µs)
2026/04/19 23:22:51 [GET] / [::1]:53856 (1.255596ms)
2026/04/19 23:22:51 [GET] /style.css [::1]:53856 (267.491µs)
2026/04/19 23:22:51 [GET] /script.js [::1]:53856 (226.9µs)
2026/04/19 23:22:53 [GET] / [::1]:53856 (452.45µs)
2026/04/19 23:22:53 [GET] /style.css [::1]:53856 (423.501µs)
2026/04/19 23:22:53 [GET] /script.js [::1]:53856 (338.97µs)
2026/04/19 23:22:55 [GET] / [::1]:53856 (492.04µs)
2026/04/19 23:22:55 [GET] /style.css [::1]:53856 (284.021µs)
2026/04/19 23:22:55 [GET] /script.js [::1]:53856 (328.61µs)
2026/04/19 23:22:58 [GET] / [::1]:53856 (457.491µs)
2026/04/19 23:22:58 [GET] /style.css [::1]:53856 (1.767245ms)
2026/04/19 23:22:58 [GET] /script.js [::1]:53856 (569.194µs)
2026/04/19 23:23:01 [GET] / [::1]:53856 (488.147µs)
2026/04/19 23:23:01 [GET] /style.css [::1]:53856 (434.869µs)
2026/04/19 23:23:01 [GET] /script.js [::1]:53856 (353.046µs)
2026/04/19 23:23:04 [GET] / [::1]:53856 (604.687µs)
2026/04/19 23:23:04 [GET] /style.css [::1]:53856 (229.883µs)
2026/04/19 23:23:04 [GET] /script.js [::1]:53856 (292.77µs)
2026/04/19 23:23:09 [GET] / [::1]:53856 (451.248µs)
2026/04/19 23:23:09 [GET] /style.css [::1]:53856 (260.459µs)
2026/04/19 23:23:09 [GET] /script.js [::1]:53856 (276.834µs)
2026/04/19 23:23:12 [GET] / [::1]:53856 (2.123405ms)
2026/04/19 23:23:12 [GET] /style.css [::1]:53856 (399.216µs)
2026/04/19 23:23:12 [GET] /script.js [::1]:53856 (335.243µs)
2026/04/19 23:23:17 [GET] / [::1]:53856 (463.947µs)
2026/04/19 23:23:17 [GET] /style.css [::1]:53856 (243.99µs)
2026/04/19 23:23:17 [GET] /script.js [::1]:53856 (361.077µs)
2026/04/19 23:23:21 [GET] / [::1]:53856 (477.914µs)
2026/04/19 23:23:21 [GET] /style.css [::1]:53856 (478.658µs)
2026/04/19 23:23:21 [GET] /script.js [::1]:53856 (372.07µs)
2026/04/19 23:23:27 [GET] / [::1]:53856 (419.054µs)
2026/04/19 23:23:27 [GET] /style.css [::1]:53856 (763.516µs)
2026/04/19 23:23:27 [GET] /script.js [::1]:53856 (452.663µs)
2026/04/19 23:23:33 [GET] / [::1]:53856 (871.633µs)
2026/04/19 23:23:33 [GET] /style.css [::1]:53856 (851.327µs)
2026/04/19 23:23:33 [GET] /script.js [::1]:53856 (923.809µs)
2026/04/19 23:23:36 [GET] / [::1]:53856 (682.647µs)
2026/04/19 23:23:36 [GET] /style.css [::1]:53856 (433.759µs)
2026/04/19 23:23:36 [GET] /script.js [::1]:53856 (474.673µs)
2026/04/19 23:23:41 [GET] / [::1]:53856 (865.494µs)
2026/04/19 23:23:41 [GET] /style.css [::1]:53856 (383.387µs)
2026/04/19 23:23:41 [GET] /script.js [::1]:53856 (384.668µs)
2026/04/19 23:23:44 [GET] / [::1]:53856 (860.566µs)
2026/04/19 23:23:44 [GET] /style.css [::1]:53856 (342.637µs)
2026/04/19 23:23:44 [GET] /script.js [::1]:53856 (428.409µs)
2026/04/19 23:23:50 [GET] / [::1]:53856 (2.058804ms)
2026/04/19 23:23:50 [GET] /style.css [::1]:53856 (406.842µs)
2026/04/19 23:23:50 [GET] /script.js [::1]:53856 (403.204µs)
2026/04/19 23:23:56 [GET] / [::1]:53856 (748.437µs)
2026/04/19 23:23:56 [GET] /style.css [::1]:53856 (575.886µs)
2026/04/19 23:23:56 [GET] /script.js [::1]:53856 (502.245µs)
2026/04/19 23:24:01 [GET] / [::1]:53856 (876.782µs)
2026/04/19 23:24:01 [GET] /style.css [::1]:53856 (506.336µs)
2026/04/19 23:24:01 [GET] /script.js [::1]:53856 (462.241µs)
2026/04/19 23:24:07 [GET] / [::1]:53856 (546.429µs)
2026/04/19 23:24:07 [GET] /style.css [::1]:53856 (546.175µs)
2026/04/19 23:24:07 [GET] /script.js [::1]:53856 (276.859µs)
2026/04/19 23:24:11 [GET] / [::1]:53856 (2.236692ms)
2026/04/19 23:24:11 [GET] /style.css [::1]:53856 (268.034µs)
2026/04/19 23:24:11 [GET] /script.js [::1]:53856 (265.519µs)
2026/04/19 23:24:14 [GET] / [::1]:53856 (441.36µs)
2026/04/19 23:24:14 [GET] /style.css [::1]:53856 (431.011µs)
2026/04/19 23:24:14 [GET] /script.js [::1]:53856 (349.439µs)
2026/04/19 23:24:18 [GET] / [::1]:53856 (817.28µs)
2026/04/19 23:24:18 [GET] /style.css [::1]:53856 (593.468µs)
2026/04/19 23:24:18 [GET] /script.js [::1]:53856 (548.723µs)
2026/04/19 23:24:23 [GET] / [::1]:53856 (438.054µs)
2026/04/19 23:24:23 [GET] /style.css [::1]:53856 (258.324µs)
2026/04/19 23:24:23 [GET] /script.js [::1]:53856 (320.664µs)
2026/04/19 23:24:27 [GET] / [::1]:53856 (452.741µs)
2026/04/19 23:24:27 [GET] /script.js [::1]:53856 (1.813816ms)
2026/04/19 23:24:27 [GET] /style.css [::1]:53856 (1.983078ms)
2026/04/19 23:24:31 [GET] / [::1]:53856 (491.291µs)
2026/04/19 23:24:31 [GET] /style.css [::1]:53856 (449.465µs)
2026/04/19 23:24:31 [GET] /script.js [::1]:53856 (507.668µs)
2026/04/19 23:24:33 [GET] / [::1]:53856 (458.068µs)
2026/04/19 23:24:33 [GET] /style.css [::1]:53856 (456.247µs)
2026/04/19 23:24:33 [GET] /script.js [::1]:53856 (356.381µs)
2026/04/19 23:24:35 [GET] / [::1]:53856 (446.055µs)
2026/04/19 23:24:35 [GET] /style.css [::1]:53856 (443.179µs)
2026/04/19 23:24:35 [GET] /script.js [::1]:53856 (352.439µs)
2026/04/19 23:24:37 [GET] / [::1]:53856 (618.848µs)
2026/04/19 23:24:37 [GET] /script.js [::1]:53856 (1.660964ms)
2026/04/19 23:24:37 [GET] /style.css [::1]:53856 (1.930677ms)
2026/04/19 23:24:39 [GET] / [::1]:53856 (559.065µs)
2026/04/19 23:24:39 [GET] /style.css [::1]:53856 (257.117µs)
2026/04/19 23:24:39 [GET] /script.js [::1]:53856 (311.768µs)
2026/04/19 23:24:41 [GET] / [::1]:53856 (727.183µs)
2026/04/19 23:24:41 [GET] /style.css [::1]:53856 (328.185µs)
2026/04/19 23:24:41 [GET] /script.js [::1]:53856 (332.033µs)
2026/04/19 23:24:41 Servidor encerrando...
2026/04/19 23:24:43 Servidor HTTP iniciado em http://localhost:5571
2026/04/19 23:24:46 Servidor encerrando...
2026/04/20 06:45:10 Certificado TLS auto-assinado gerado (localhost, válido 1 ano)
2026/04/20 06:45:10 HTTP em http://localhost:5571
2026/04/20 06:45:10 HTTPS em https://localhost:5572
2026/04/20 06:45:13 GET / 200 3.183442ms
2026/04/20 06:45:13 GET /style.css 200 123.705µs
2026/04/20 06:45:13 GET /script.js 200 167.238µs
2026/04/20 06:45:13 GET /favicon.ico 404 38.432µs
2026/04/20 06:45:23 http: TLS handshake error from [::1]:55384: remote error: tls: unknown certificate
2026/04/20 06:46:02 http: TLS handshake error from [::1]:36250: remote error: tls: unknown certificate
2026/04/20 06:46:02 http: TLS handshake error from [::1]:36258: remote error: tls: unknown certificate
2026/04/20 06:46:02 http: TLS handshake error from [::1]:36270: remote error: tls: unknown certificate
2026/04/20 06:51:26 Servidor encerrando...
2026/04/20 06:55:33 Certificado TLS auto-assinado gerado (localhost, válido 1 ano)
2026/04/20 06:55:33 HTTP em http://localhost:5571
2026/04/20 06:55:33 HTTPS em https://localhost:5572
2026/04/20 06:55:53 http: TLS handshake error from [::1]:49478: remote error: tls: unknown certificate
2026/04/20 06:55:53 http: TLS handshake error from [::1]:49494: remote error: tls: unknown certificate
2026/04/20 06:55:55 http: TLS handshake error from [::1]:49510: remote error: tls: unknown certificate
2026/04/20 06:55:55 http: TLS handshake error from [::1]:49522: remote error: tls: unknown certificate
2026/04/20 06:55:55 GET / 200 5.940872ms
2026/04/20 06:55:55 GET /style.css 200 373.727µs
2026/04/20 06:55:55 GET /script.js 200 2.13486ms
2026/04/20 06:55:55 GET /favicon.ico 404 40.941µs
2026/04/20 06:55:57 GET / 200 846.898µs
2026/04/20 06:55:57 GET /style.css 200 743.869µs
2026/04/20 06:55:57 GET /script.js 200 581.311µs
2026/04/20 06:55:57 GET / 200 276.919µs
2026/04/20 06:55:57 GET /style.css 200 147.876µs
2026/04/20 06:55:57 GET /script.js 200 277.79µs
2026/04/20 06:55:58 GET / 200 539.985µs
2026/04/20 06:55:58 GET /style.css 200 701.709µs
2026/04/20 06:55:58 GET /script.js 200 316.846µs
2026/04/20 06:56:00 GET / 200 986.09µs
2026/04/20 06:56:00 GET /style.css 200 729.703µs
2026/04/20 06:56:00 GET /script.js 200 1.678276ms
2026/04/20 06:56:02 GET / 200 935.991µs
2026/04/20 06:56:02 GET /style.css 200 263.707µs
2026/04/20 06:56:02 GET /script.js 200 298.81µs
2026/04/20 06:56:04 GET / 200 907.191µs
2026/04/20 06:56:04 GET /style.css 200 272.692µs
2026/04/20 06:56:04 GET /script.js 200 316.666µs
2026/04/20 06:56:06 GET / 200 837.515µs
2026/04/20 06:56:06 GET /style.css 200 454.346µs
2026/04/20 06:56:06 GET /script.js 200 364.795µs
2026/04/20 06:56:08 GET / 200 2.369332ms
2026/04/20 06:56:08 GET /style.css 200 268.695µs
2026/04/20 06:56:08 GET /script.js 200 294.286µs
2026/04/20 06:56:10 GET / 200 866.975µs
2026/04/20 06:56:10 GET /style.css 200 506.2µs
2026/04/20 06:56:10 GET /script.js 200 386.303µs
2026/04/20 06:56:12 GET / 200 884.385µs
2026/04/20 06:56:12 GET /style.css 200 464.884µs
2026/04/20 06:56:12 GET /script.js 200 366.371µs
2026/04/20 06:56:14 GET / 200 866.046µs
2026/04/20 06:56:14 GET /style.css 200 368.661µs
2026/04/20 06:56:14 GET /script.js 200 361.823µs
2026/04/20 06:56:16 GET / 200 1.629465ms
2026/04/20 06:56:16 GET /style.css 200 491.688µs
2026/04/20 06:56:16 GET /script.js 200 410.573µs
2026/04/20 06:56:18 GET / 200 558.641µs
2026/04/20 06:56:18 GET /style.css 200 314.789µs
2026/04/20 06:56:18 GET /script.js 200 324.86µs
2026/04/20 06:56:20 GET / 200 848.368µs
2026/04/20 06:56:20 GET /style.css 200 474.766µs
2026/04/20 06:56:20 GET /script.js 200 395.317µs
2026/04/20 06:56:23 GET / 200 895.329µs
2026/04/20 06:56:23 GET /style.css 200 267.564µs
2026/04/20 06:56:23 GET /script.js 200 452.138µs
2026/04/20 06:56:27 GET / 200 426.713µs
2026/04/20 06:56:27 GET /style.css 200 282µs
2026/04/20 06:56:27 GET /script.js 200 308.153µs
2026/04/20 06:56:34 GET / 200 470.305µs
2026/04/20 06:56:34 GET /style.css 200 276.612µs
2026/04/20 06:56:34 GET /script.js 200 293.125µs
2026/04/20 06:56:39 GET / 200 882.593µs
2026/04/20 06:56:39 GET /style.css 200 275.636µs
2026/04/20 06:56:39 GET /script.js 200 318.332µs
2026/04/20 06:56:44 GET / 200 717.669µs
2026/04/20 06:56:44 GET /style.css 200 274.474µs
2026/04/20 06:56:44 GET /script.js 200 298.491µs
2026/04/20 06:56:47 GET / 200 1.115243ms
2026/04/20 06:56:47 GET /style.css 200 137.29µs
2026/04/20 06:56:47 GET /script.js 200 179.828µs
2026/04/20 06:56:48 GET / 200 950.066µs
2026/04/20 06:56:48 GET /style.css 200 314.458µs
2026/04/20 06:56:48 GET /script.js 200 268.751µs
2026/04/20 06:56:54 GET / 200 909.278µs
2026/04/20 06:56:54 GET /style.css 200 308.5µs
2026/04/20 06:56:54 GET /script.js 200 405.577µs
2026/04/20 06:57:00 GET / 200 1.944389ms
2026/04/20 06:57:00 GET /style.css 200 264.444µs
2026/04/20 06:57:00 GET /script.js 200 420.775µs
2026/04/20 06:57:03 GET / 200 685.085µs
2026/04/20 06:57:03 GET /style.css 200 354.585µs
2026/04/20 06:57:03 GET /script.js 200 309.271µs
2026/04/20 06:57:09 GET / 200 465.845µs
2026/04/20 06:57:09 GET /style.css 200 525.441µs
2026/04/20 06:57:09 GET /script.js 200 412.08µs
2026/04/20 06:57:13 GET / 200 492.219µs
2026/04/20 06:57:13 GET /style.css 200 2.024569ms
2026/04/20 06:57:13 GET /script.js 200 1.928685ms
2026/04/20 06:57:18 GET / 200 911.774µs
2026/04/20 06:57:18 GET /style.css 200 454.419µs
2026/04/20 06:57:18 GET /script.js 200 523.132µs
2026/04/20 06:57:22 GET / 200 453.267µs
2026/04/20 06:57:22 GET /style.css 200 275.299µs
2026/04/20 06:57:22 GET /script.js 200 293.559µs
2026/04/20 06:57:29 GET / 200 484.339µs
2026/04/20 06:57:29 GET /style.css 200 263.005µs
2026/04/20 06:57:29 GET /script.js 200 302.644µs
2026/04/20 06:57:33 GET / 200 842.873µs
2026/04/20 06:57:33 GET /style.css 200 878.188µs
2026/04/20 06:57:33 GET /script.js 200 701.225µs
2026/04/20 06:57:38 GET / 200 965.677µs
2026/04/20 06:57:38 GET /style.css 200 290.517µs
2026/04/20 06:57:38 GET /script.js 200 343.507µs
2026/04/20 06:57:43 GET / 200 916.713µs
2026/04/20 06:57:43 GET /style.css 200 495.478µs
2026/04/20 06:57:43 GET /script.js 200 396.263µs
2026/04/20 06:57:45 GET / 200 857.796µs
2026/04/20 06:57:45 GET /script.js 200 844.049µs
2026/04/20 06:57:45 GET /style.css 200 964.625µs
2026/04/20 06:57:47 GET / 200 562.984µs
2026/04/20 06:57:47 GET /style.css 200 286.69µs
2026/04/20 06:57:47 GET /script.js 200 489.131µs
2026/04/20 06:57:49 GET / 200 998.418µs
2026/04/20 06:57:49 GET /style.css 200 326.227µs
2026/04/20 06:57:49 GET /script.js 200 298.455µs
2026/04/20 06:57:51 GET / 200 511.338µs
2026/04/20 06:57:51 GET /style.css 200 1.87367ms
2026/04/20 06:57:51 GET /script.js 200 290.63µs
2026/04/20 06:57:53 GET / 200 2.901034ms
2026/04/20 06:57:53 GET /script.js 200 376.156µs
2026/04/20 06:57:53 GET /style.css 200 843.219µs
2026/04/20 06:57:55 GET / 200 535.948µs
2026/04/20 06:57:55 GET /style.css 200 491.566µs
2026/04/20 06:57:55 GET /script.js 200 393.852µs
2026/04/20 06:57:57 GET / 200 425.995µs
2026/04/20 06:57:57 GET /style.css 200 1.259436ms
2026/04/20 06:57:57 GET /script.js 200 1.167765ms
2026/04/20 06:57:59 GET / 200 502.6µs
2026/04/20 06:57:59 GET /style.css 200 259.949µs
2026/04/20 06:57:59 GET /script.js 200 281.451µs
2026/04/20 06:58:01 GET / 200 446.152µs
2026/04/20 06:58:01 GET /style.css 200 495.925µs
2026/04/20 06:58:01 GET /script.js 200 393.27µs
2026/04/20 06:58:03 GET / 200 439.797µs
2026/04/20 06:58:03 GET /style.css 200 569.481µs
2026/04/20 06:58:03 GET /script.js 200 414.262µs
2026/04/20 06:58:05 GET / 200 482.712µs
2026/04/20 06:58:05 GET /style.css 200 2.266099ms
2026/04/20 06:58:05 GET /script.js 200 827.067µs
2026/04/20 06:58:07 GET / 200 491.767µs
2026/04/20 06:58:07 GET /style.css 200 263.531µs
2026/04/20 06:58:07 GET /script.js 200 395.124µs
2026/04/20 06:58:10 GET / 200 643.399µs
2026/04/20 06:58:10 GET /style.css 200 323.803µs
2026/04/20 06:58:10 GET /script.js 200 409.026µs
2026/04/20 06:58:12 GET / 200 995.373µs
2026/04/20 06:58:12 GET /style.css 200 306.695µs
2026/04/20 06:58:12 GET /script.js 200 305.23µs
2026/04/20 06:58:16 GET / 200 1.780113ms
2026/04/20 06:58:16 GET /style.css 200 294.327µs
2026/04/20 06:58:16 GET /script.js 200 261.343µs
2026/04/20 06:58:20 GET / 200 596.34µs
2026/04/20 06:58:20 GET /style.css 200 343.346µs
2026/04/20 06:58:20 GET /script.js 200 306.098µs
2026/04/20 06:58:25 GET / 200 912.856µs
2026/04/20 06:58:25 GET /style.css 200 868.757µs
2026/04/20 06:58:25 GET /script.js 200 550.062µs
2026/04/20 06:58:30 GET / 200 412.853µs
2026/04/20 06:58:30 GET /style.css 200 2.374614ms
2026/04/20 06:58:30 GET /script.js 200 2.284944ms
2026/04/20 06:58:34 GET / 200 443.548µs
2026/04/20 06:58:34 GET /style.css 200 255.885µs
2026/04/20 06:58:34 GET /script.js 200 296.71µs
2026/04/20 06:58:41 GET / 200 518.689µs
2026/04/20 06:58:41 GET /style.css 200 616.009µs
2026/04/20 06:58:41 GET /script.js 200 526.702µs
2026/04/20 06:58:45 GET / 200 895.765µs
2026/04/20 06:58:45 GET /style.css 200 312.95µs
2026/04/20 06:58:45 GET /script.js 200 369.53µs
2026/04/20 06:58:50 GET / 200 901.457µs
2026/04/20 06:58:50 GET /style.css 200 806.812µs
2026/04/20 06:58:50 GET /script.js 200 3.269141ms
2026/04/20 06:58:56 GET / 200 908.234µs
2026/04/20 06:58:56 GET /style.css 200 490.363µs
2026/04/20 06:58:56 GET /script.js 200 466.52µs
2026/04/20 06:59:01 GET / 200 901.336µs
2026/04/20 06:59:01 GET /style.css 200 284.792µs
2026/04/20 06:59:01 GET /script.js 200 253.022µs
2026/04/20 06:59:07 GET / 200 688.027µs
2026/04/20 06:59:07 GET /style.css 200 577.492µs
2026/04/20 06:59:07 GET /script.js 200 655.492µs
2026/04/20 06:59:13 GET / 200 1.935818ms
2026/04/20 06:59:13 GET /style.css 200 512.651µs
2026/04/20 06:59:13 GET /script.js 200 359.907µs
2026/04/20 06:59:17 GET / 200 433.562µs
2026/04/20 06:59:17 GET /style.css 200 466.164µs
2026/04/20 06:59:17 GET /script.js 200 370.968µs
2026/04/20 06:59:24 GET / 200 986.734µs
2026/04/20 06:59:24 GET /style.css 200 634.983µs
2026/04/20 06:59:24 GET /script.js 200 479.908µs
2026/04/20 06:59:31 GET / 200 472.177µs
2026/04/20 06:59:31 GET /style.css 200 267.096µs
2026/04/20 06:59:31 GET /script.js 200 295.136µs
2026/04/20 06:59:37 GET / 200 9.271437ms
2026/04/20 06:59:37 GET /style.css 200 326.784µs
2026/04/20 06:59:37 GET /script.js 200 365.41µs
2026/04/20 06:59:41 GET / 200 458.241µs
2026/04/20 06:59:41 GET /style.css 200 291.296µs
2026/04/20 06:59:41 GET /script.js 200 330.724µs
2026/04/20 06:59:48 GET / 200 900.993µs
2026/04/20 06:59:48 GET /style.css 200 258.484µs
2026/04/20 06:59:48 GET /script.js 200 248.708µs
2026/04/20 06:59:53 GET / 200 907.585µs
2026/04/20 06:59:53 GET /style.css 200 262.319µs
2026/04/20 06:59:53 GET /script.js 200 1.700626ms
2026/04/20 06:59:56 GET / 200 718.61µs
2026/04/20 06:59:56 GET /style.css 200 294.585µs
2026/04/20 06:59:56 GET /script.js 200 287.874µs
2026/04/20 07:00:02 GET / 200 805.971µs
2026/04/20 07:00:02 GET /style.css 200 350.006µs
2026/04/20 07:00:02 GET /script.js 200 422.55µs
2026/04/20 07:00:06 GET / 200 913.232µs
2026/04/20 07:00:06 GET /style.css 200 571.382µs
2026/04/20 07:00:06 GET /script.js 200 389.738µs
2026/04/20 07:00:12 GET / 200 652.481µs
2026/04/20 07:00:12 GET /style.css 200 980.891µs
2026/04/20 07:00:12 GET /script.js 200 469.745µs
2026/04/20 07:00:19 GET / 200 489.286µs
2026/04/20 07:00:19 GET /style.css 200 253.634µs
2026/04/20 07:00:19 GET /script.js 200 299.212µs
2026/04/20 07:00:25 GET / 200 888.387µs
2026/04/20 07:00:25 GET /style.css 200 305.688µs
2026/04/20 07:00:25 GET /script.js 200 461.134µs
2026/04/20 07:00:29 GET / 200 887.21µs
2026/04/20 07:00:29 GET /style.css 200 2.077205ms
2026/04/20 07:00:29 GET /script.js 200 2.129137ms
2026/04/20 07:00:36 GET / 200 794.849µs
2026/04/20 07:00:36 GET /style.css 200 422.781µs
2026/04/20 07:00:36 GET /script.js 200 334.354µs
2026/04/20 07:00:40 GET / 200 422.338µs
2026/04/20 07:00:40 GET /style.css 200 374.879µs
2026/04/20 07:00:40 GET /script.js 200 320.365µs
2026/04/20 07:00:46 GET / 200 894.55µs
2026/04/20 07:00:46 GET /style.css 200 334.34µs
2026/04/20 07:00:46 GET /script.js 200 364.307µs
2026/04/20 07:00:52 GET / 200 2.331789ms
2026/04/20 07:00:52 GET /style.css 200 740.496µs
2026/04/20 07:00:52 GET /script.js 200 617.7µs
2026/04/20 07:00:57 GET / 200 907.216µs
2026/04/20 07:00:57 GET /style.css 200 403.789µs
2026/04/20 07:00:57 GET /script.js 200 535.835µs
2026/04/20 07:01:02 GET / 200 909.188µs
2026/04/20 07:01:02 GET /style.css 200 316.872µs
2026/04/20 07:01:02 GET /script.js 200 305.119µs
2026/04/20 07:01:06 GET / 200 1.559462ms
2026/04/20 07:01:06 GET /style.css 200 2.062686ms
2026/04/20 07:01:06 GET /script.js 200 2.085423ms
2026/04/20 07:01:12 GET / 200 973.134µs
2026/04/20 07:01:12 GET /style.css 200 357.981µs
2026/04/20 07:01:12 GET /script.js 200 414.381µs
2026/04/20 07:01:15 GET / 200 935.511µs
2026/04/20 07:01:15 GET /style.css 200 696.35µs
2026/04/20 07:01:15 GET /script.js 200 493.466µs
2026/04/20 07:01:20 GET / 200 847.721µs
2026/04/20 07:01:20 GET /style.css 200 301.779µs
2026/04/20 07:01:20 GET /script.js 200 299.084µs
2026/04/20 07:01:24 GET / 200 982.136µs
2026/04/20 07:01:24 GET /style.css 200 653.093µs
2026/04/20 07:01:24 GET /script.js 200 347.01µs
2026/04/20 07:01:31 GET / 200 928.136µs
2026/04/20 07:01:31 GET /style.css 200 422.73µs
2026/04/20 07:01:31 GET /script.js 200 321.666µs
2026/04/20 07:01:37 GET / 200 963.002µs
2026/04/20 07:01:37 GET /style.css 200 323.285µs
2026/04/20 07:01:37 GET /script.js 200 332.861µs
2026/04/20 07:01:42 GET / 200 706.761µs
2026/04/20 07:01:42 GET /style.css 200 326.461µs
2026/04/20 07:01:42 GET /script.js 200 388.903µs
2026/04/20 07:01:45 GET / 200 1.279395ms
2026/04/20 07:01:45 GET /style.css 200 477.471µs
2026/04/20 07:01:45 GET /script.js 200 381.393µs
2026/04/20 07:01:50 GET / 200 538.909µs
2026/04/20 07:01:50 GET /style.css 200 254.619µs
2026/04/20 07:01:50 GET /script.js 200 327.075µs
2026/04/20 07:01:56 GET / 200 936.06µs
2026/04/20 07:01:56 GET /style.css 200 512.687µs
2026/04/20 07:01:56 GET /script.js 200 353.568µs
2026/04/20 07:02:01 GET / 200 982.597µs
2026/04/20 07:02:01 GET /style.css 200 483.367µs
2026/04/20 07:02:01 GET /script.js 200 384.099µs
2026/04/20 07:02:08 GET / 200 1.383125ms
2026/04/20 07:02:08 GET /style.css 200 362.562µs
2026/04/20 07:02:08 GET /script.js 200 391.017µs
2026/04/20 07:02:15 GET / 200 1.117837ms
2026/04/20 07:02:15 GET /style.css 200 300.442µs
2026/04/20 07:02:15 GET /script.js 200 334.137µs
2026/04/20 07:02:19 GET / 200 956.435µs
2026/04/20 07:02:19 GET /style.css 200 445.47µs
2026/04/20 07:02:19 GET /script.js 200 310.438µs
2026/04/20 07:02:25 GET / 200 906.52µs
2026/04/20 07:02:25 GET /style.css 200 348.643µs
2026/04/20 07:02:25 GET /script.js 200 316.952µs
2026/04/20 07:02:29 GET / 200 2.89619ms
2026/04/20 07:02:29 GET /style.css 200 413.205µs
2026/04/20 07:02:29 GET /script.js 200 451.074µs
2026/04/20 07:02:33 GET / 200 656.102µs
2026/04/20 07:02:33 GET /style.css 200 492.255µs
2026/04/20 07:02:33 GET /script.js 200 355.609µs
2026/04/20 07:02:36 GET / 200 686.741µs
2026/04/20 07:02:36 GET /style.css 200 314.599µs
2026/04/20 07:02:36 GET /script.js 200 293.205µs
2026/04/20 07:02:39 GET / 200 464.431µs
2026/04/20 07:02:39 GET /style.css 200 477.809µs
2026/04/20 07:02:39 GET /script.js 200 391.31µs
2026/04/20 07:02:43 GET / 200 913.803µs
2026/04/20 07:02:43 GET /style.css 200 2.349569ms
2026/04/20 07:02:43 GET /script.js 200 589.471µs
2026/04/20 07:02:47 GET / 200 933.855µs
2026/04/20 07:02:47 GET /style.css 200 406.46µs
2026/04/20 07:02:47 GET /script.js 200 420.925µs
2026/04/20 07:02:53 GET / 200 501.478µs
2026/04/20 07:02:53 GET /style.css 200 543.252µs
2026/04/20 07:02:53 GET /script.js 200 408.345µs
2026/04/20 07:02:56 GET / 200 710.344µs
2026/04/20 07:02:56 GET /style.css 200 294.762µs
2026/04/20 07:02:56 GET /script.js 200 450.856µs
2026/04/20 07:03:03 GET / 200 415.509µs
2026/04/20 07:03:03 GET /style.css 200 2.163806ms
2026/04/20 07:03:03 GET /script.js 200 659.255µs
2026/04/20 07:03:06 GET / 200 700.027µs
2026/04/20 07:03:06 GET /style.css 200 527.446µs
2026/04/20 07:03:06 GET /script.js 200 431.398µs
2026/04/20 07:03:11 GET / 200 575.488µs
2026/04/20 07:03:11 GET /style.css 200 383.383µs
2026/04/20 07:03:11 GET /script.js 200 294.66µs
2026/04/20 07:03:17 GET / 200 439.244µs
2026/04/20 07:03:17 GET /style.css 200 252.094µs
2026/04/20 07:03:17 GET /script.js 200 296.047µs
2026/04/20 07:03:24 GET / 200 520.343µs
2026/04/20 07:03:24 GET /style.css 200 4.636742ms
2026/04/20 07:03:24 GET /script.js 200 645.448µs
2026/04/20 07:03:31 GET / 200 604.737µs
2026/04/20 07:03:31 GET /style.css 200 270.075µs
2026/04/20 07:03:31 GET /script.js 200 281.975µs
2026/04/20 07:03:35 GET / 200 942.864µs
2026/04/20 07:03:35 GET /style.css 200 440.756µs
2026/04/20 07:03:35 GET /script.js 200 464.543µs
2026/04/20 07:03:40 GET / 200 1.001867ms
2026/04/20 07:03:40 GET /style.css 200 429.238µs
2026/04/20 07:03:40 GET /script.js 200 483.768µs
2026/04/20 07:03:46 GET / 200 443.547µs
2026/04/20 07:03:46 GET /style.css 200 1.763893ms
2026/04/20 07:03:46 GET /script.js 200 306.133µs
2026/04/20 07:03:51 GET / 200 995.714µs
2026/04/20 07:03:51 GET /style.css 200 617.868µs
2026/04/20 07:03:51 GET /script.js 200 497.023µs
2026/04/20 07:03:55 GET / 200 448.353µs
2026/04/20 07:03:55 GET /style.css 200 471.645µs
2026/04/20 07:03:55 GET /script.js 200 380.612µs
2026/04/20 07:04:00 GET / 200 841.781µs
2026/04/20 07:04:00 GET /style.css 200 280.151µs
2026/04/20 07:04:00 GET /script.js 200 336.863µs
2026/04/20 07:04:06 GET / 200 537.382µs
2026/04/20 07:04:06 GET /script.js 200 668.831µs
2026/04/20 07:04:06 GET /style.css 200 762.218µs
2026/04/20 07:04:09 GET / 200 540.849µs
2026/04/20 07:04:09 GET /style.css 200 502.521µs
2026/04/20 07:04:09 GET /script.js 200 378.979µs
2026/04/20 07:04:16 GET / 200 522.098µs
2026/04/20 07:04:16 GET /style.css 200 487.41µs
2026/04/20 07:04:16 GET /script.js 200 373.951µs
2026/04/20 07:04:23 GET / 200 514.953µs
2026/04/20 07:04:23 GET /style.css 200 312.446µs
2026/04/20 07:04:23 GET /script.js 200 406.088µs
2026/04/20 07:04:27 GET / 200 443.019µs
2026/04/20 07:04:27 GET /style.css 200 1.768903ms
2026/04/20 07:04:27 GET /script.js 200 1.79396ms
2026/04/20 07:04:31 GET / 200 825.44µs
2026/04/20 07:04:31 GET /style.css 200 294.094µs
2026/04/20 07:04:31 GET /script.js 200 286.594µs
2026/04/20 07:04:35 GET / 200 673.794µs
2026/04/20 07:04:35 GET /style.css 200 350.595µs
2026/04/20 07:04:35 GET /script.js 200 235.834µs
2026/04/20 07:04:42 GET / 200 685.768µs
2026/04/20 07:04:42 GET /style.css 200 484.686µs
2026/04/20 07:04:42 GET /script.js 200 386.275µs
2026/04/20 07:04:46 GET / 200 536.649µs
2026/04/20 07:04:46 GET /script.js 200 440.462µs
2026/04/20 07:04:46 GET /style.css 200 727.201µs
2026/04/20 07:04:51 GET / 200 551.733µs
2026/04/20 07:04:51 GET /style.css 200 343.333µs
2026/04/20 07:04:51 GET /script.js 200 253.373µs
2026/04/20 07:04:57 GET / 200 442.404µs
2026/04/20 07:04:57 GET /style.css 200 268.489µs
2026/04/20 07:04:57 GET /script.js 200 338.732µs
2026/04/20 07:05:03 GET / 200 575.658µs
2026/04/20 07:05:03 GET /style.css 200 354.325µs
2026/04/20 07:05:03 GET /script.js 200 277.348µs
2026/04/20 07:05:10 GET / 200 833.908µs
2026/04/20 07:05:10 GET /style.css 200 1.855655ms
2026/04/20 07:05:10 GET /script.js 200 1.912183ms
2026/04/20 07:05:15 GET / 200 539.158µs
2026/04/20 07:05:15 GET /style.css 200 291.499µs
2026/04/20 07:05:15 GET /script.js 200 253.971µs
2026/04/20 07:05:20 GET / 200 660.831µs
2026/04/20 07:05:20 GET /style.css 200 625.988µs
2026/04/20 07:05:20 GET /script.js 200 468.289µs
2026/04/20 07:05:26 GET / 200 512.158µs
2026/04/20 07:05:26 GET /style.css 200 532.591µs
2026/04/20 07:05:26 GET /script.js 200 403.055µs
2026/04/20 07:05:30 GET / 200 520.559µs
2026/04/20 07:05:30 GET /style.css 200 306.147µs
2026/04/20 07:05:30 GET /script.js 200 235.404µs
2026/04/20 07:05:37 GET / 200 1.486594ms
2026/04/20 07:05:37 GET /style.css 200 465.416µs
2026/04/20 07:05:37 GET /script.js 200 372.483µs
2026/04/20 07:05:42 GET / 200 419.434µs
2026/04/20 07:05:42 GET /style.css 200 285.706µs
2026/04/20 07:05:42 GET /script.js 200 300.285µs
2026/04/20 07:05:45 GET / 200 684.381µs
2026/04/20 07:05:45 GET /style.css 200 467.042µs
2026/04/20 07:05:45 GET /script.js 200 377.663µs
2026/04/20 07:05:50 GET / 200 654.911µs
2026/04/20 07:05:50 GET /style.css 200 447.72µs
2026/04/20 07:05:50 GET /script.js 200 522.882µs
2026/04/20 07:05:57 GET / 200 1.879917ms
2026/04/20 07:05:57 GET /style.css 200 327.705µs
2026/04/20 07:05:57 GET /script.js 200 303.147µs
2026/04/20 07:06:02 GET / 200 511.212µs
2026/04/20 07:06:02 GET /style.css 200 304.872µs
2026/04/20 07:06:02 GET /script.js 200 286.105µs
2026/04/20 07:06:06 GET / 200 505.149µs
2026/04/20 07:06:06 GET /style.css 200 259.144µs
2026/04/20 07:06:06 GET /script.js 200 297.523µs
2026/04/20 07:06:12 GET / 200 678.98µs
2026/04/20 07:06:12 GET /style.css 200 1.17012ms
2026/04/20 07:06:12 GET /script.js 200 693.672µs
2026/04/20 07:06:15 GET / 200 535.218µs
2026/04/20 07:06:15 GET /style.css 200 321.195µs
2026/04/20 07:06:15 GET /script.js 200 280.11µs
2026/04/20 07:06:20 GET / 200 481.947µs
2026/04/20 07:06:20 GET /style.css 200 316.656µs
2026/04/20 07:06:20 GET /script.js 200 391.007µs
2026/04/20 07:06:23 GET / 200 520.383µs
2026/04/20 07:06:23 GET /style.css 200 261.247µs
2026/04/20 07:06:23 GET /script.js 200 228.84µs
2026/04/20 07:06:30 GET / 200 2.484817ms
2026/04/20 07:06:30 GET /style.css 200 295.205µs
2026/04/20 07:06:30 GET /script.js 200 305.818µs
2026/04/20 07:06:35 GET / 200 486.059µs
2026/04/20 07:06:35 GET /style.css 200 293.767µs
2026/04/20 07:06:35 GET /script.js 200 286.055µs
2026/04/20 07:06:42 GET / 200 473.486µs
2026/04/20 07:06:42 GET /style.css 200 264.53µs
2026/04/20 07:06:42 GET /script.js 200 237.959µs
2026/04/20 07:06:48 GET / 200 2.827436ms
2026/04/20 07:06:48 GET /style.css 200 262.104µs
2026/04/20 07:06:48 GET /script.js 200 1.630362ms
2026/04/20 07:06:52 GET / 200 526.226µs
2026/04/20 07:06:52 GET /style.css 200 337.878µs
2026/04/20 07:06:52 GET /script.js 200 414.692µs
2026/04/20 07:06:56 GET / 200 461.135µs
2026/04/20 07:06:56 GET /style.css 200 295.812µs
2026/04/20 07:06:56 GET /script.js 200 325.413µs
2026/04/20 07:07:01 GET / 200 648.254µs
2026/04/20 07:07:01 GET /script.js 200 266.445µs
2026/04/20 07:07:01 GET /style.css 200 852.809µs
2026/04/20 07:07:05 GET / 200 664.174µs
2026/04/20 07:07:05 GET /style.css 200 269.483µs
2026/04/20 07:07:05 GET /script.js 200 358.632µs
2026/04/20 07:07:09 GET / 200 3.554745ms
2026/04/20 07:07:09 GET /style.css 200 346.472µs
2026/04/20 07:07:09 GET /script.js 200 392.689µs
2026/04/20 07:07:15 GET / 200 478.267µs
2026/04/20 07:07:15 GET /style.css 200 324.275µs
2026/04/20 07:07:15 GET /script.js 200 301.302µs
2026/04/20 07:07:19 GET / 200 432.903µs
2026/04/20 07:07:19 GET /style.css 200 441.135µs
2026/04/20 07:07:19 GET /script.js 200 489.385µs
2026/04/20 07:07:24 GET / 200 1.449418ms
2026/04/20 07:07:24 GET /style.css 200 273.867µs
2026/04/20 07:07:24 GET /script.js 200 343.675µs
2026/04/20 07:07:29 GET / 200 483.913µs
2026/04/20 07:07:29 GET /style.css 200 270.353µs
2026/04/20 07:07:29 GET /script.js 200 389.078µs
2026/04/20 07:07:34 GET / 200 455.983µs
2026/04/20 07:07:34 GET /style.css 200 584.124µs
2026/04/20 07:07:34 GET /script.js 200 487.534µs
2026/04/20 07:07:40 GET / 200 464.514µs
2026/04/20 07:07:40 GET /style.css 200 390.705µs
2026/04/20 07:07:40 GET /script.js 200 617.464µs
2026/04/20 07:07:46 GET / 200 2.380599ms
2026/04/20 07:07:46 GET /style.css 200 322.194µs
2026/04/20 07:07:46 GET /script.js 200 357.369µs
2026/04/20 07:07:52 GET / 200 647.732µs
2026/04/20 07:07:52 GET /style.css 200 299.529µs
2026/04/20 07:07:52 GET /script.js 200 231.656µs
2026/04/20 07:07:56 GET / 200 456.763µs
2026/04/20 07:07:56 GET /style.css 200 288.186µs
2026/04/20 07:07:56 GET /script.js 200 317.015µs
2026/04/20 07:08:01 GET / 200 524.918µs
2026/04/20 07:08:01 GET /style.css 200 268.033µs
2026/04/20 07:08:01 GET /script.js 200 4.864832ms
2026/04/20 07:08:07 GET / 200 464.422µs
2026/04/20 07:08:07 GET /style.css 200 557.142µs
2026/04/20 07:08:07 GET /script.js 200 409.119µs
2026/04/20 07:08:13 GET / 200 892.818µs
2026/04/20 07:08:13 GET /style.css 200 316.941µs
2026/04/20 07:08:13 GET /script.js 200 393.419µs
2026/04/20 07:08:19 GET / 200 440.279µs
2026/04/20 07:08:19 GET /style.css 200 261.405µs
2026/04/20 07:08:19 GET /script.js 200 324.87µs
2026/04/20 07:08:22 GET / 200 619.041µs
2026/04/20 07:08:22 GET /style.css 200 2.335161ms
2026/04/20 07:08:22 GET /script.js 200 767.79µs
2026/04/20 07:08:26 GET / 200 920.765µs
2026/04/20 07:08:26 GET /style.css 200 383.994µs
2026/04/20 07:08:26 GET /script.js 200 436.124µs
2026/04/20 07:08:29 GET / 200 886.597µs
2026/04/20 07:08:29 GET /style.css 200 337.608µs
2026/04/20 07:08:29 GET /script.js 200 365.038µs
2026/04/20 07:08:35 GET / 200 668.747µs
2026/04/20 07:08:35 GET /style.css 200 273.331µs
2026/04/20 07:08:35 GET /script.js 200 242.733µs
2026/04/20 07:08:41 GET / 200 915.764µs
2026/04/20 07:08:41 GET /style.css 200 505.273µs
2026/04/20 07:08:41 GET /script.js 200 899.248µs
2026/04/20 07:08:46 GET / 200 871.15µs
2026/04/20 07:08:46 GET /script.js 200 479.429µs
2026/04/20 07:08:46 GET /style.css 200 579.997µs
2026/04/20 07:08:53 GET / 200 857µs
2026/04/20 07:08:53 GET /style.css 200 335.97µs
2026/04/20 07:08:53 GET /script.js 200 330.468µs
2026/04/20 07:08:57 GET / 200 911.669µs
2026/04/20 07:08:57 GET /style.css 200 260.163µs
2026/04/20 07:08:57 GET /script.js 200 370.764µs
2026/04/20 07:09:01 GET / 200 901.831µs
2026/04/20 07:09:01 GET /style.css 200 2.152134ms
2026/04/20 07:09:01 GET /script.js 200 545.236µs
2026/04/20 07:09:07 GET / 200 889.785µs
2026/04/20 07:09:07 GET /style.css 200 527.453µs
2026/04/20 07:09:07 GET /script.js 200 637.37µs
2026/04/20 07:09:11 GET / 200 506.612µs
2026/04/20 07:09:11 GET /style.css 200 471.404µs
2026/04/20 07:09:11 GET /script.js 200 381.883µs
2026/04/20 07:09:15 GET / 200 444.089µs
2026/04/20 07:09:15 GET /style.css 200 350.373µs
2026/04/20 07:09:15 GET /script.js 200 288.928µs
2026/04/20 07:09:22 GET / 200 1.011488ms
2026/04/20 07:09:22 GET /style.css 200 284.703µs
2026/04/20 07:09:22 GET /script.js 200 340.569µs
2026/04/20 07:09:27 GET / 200 904.149µs
2026/04/20 07:09:27 GET /style.css 200 438.225µs
2026/04/20 07:09:27 GET /script.js 200 485.472µs
2026/04/20 07:09:31 GET / 200 914.613µs
2026/04/20 07:09:31 GET /style.css 200 288.201µs
2026/04/20 07:09:31 GET /script.js 200 286.199µs
2026/04/20 07:09:36 GET / 200 1.125559ms
2026/04/20 07:09:36 GET /style.css 200 662.774µs
2026/04/20 07:09:36 GET /script.js 200 797.473µs
2026/04/20 07:09:41 GET / 200 885.384µs
2026/04/20 07:09:41 GET /style.css 200 271.747µs
2026/04/20 07:09:41 GET /script.js 200 360.513µs
2026/04/20 07:09:46 GET / 200 422.117µs
2026/04/20 07:09:46 GET /style.css 200 275.866µs
2026/04/20 07:09:46 GET /script.js 200 381.136µs
2026/04/20 07:09:52 GET / 200 506.735µs
2026/04/20 07:09:52 GET /style.css 200 472.241µs
2026/04/20 07:09:52 GET /script.js 200 378.935µs
2026/04/20 07:09:58 GET / 200 966.15µs
2026/04/20 07:09:58 GET /style.css 200 385.351µs
2026/04/20 07:09:58 GET /script.js 200 472.303µs
2026/04/20 07:10:04 GET / 200 565.948µs
2026/04/20 07:10:04 GET /style.css 200 292.695µs
2026/04/20 07:10:04 GET /script.js 200 374.124µs
2026/04/20 07:10:11 GET / 200 896.9µs
2026/04/20 07:10:11 GET /style.css 200 557.692µs
2026/04/20 07:10:11 GET /script.js 200 445.516µs
2026/04/20 07:10:17 GET / 200 1.291703ms
2026/04/20 07:10:17 GET /style.css 200 260.821µs
2026/04/20 07:10:17 GET /script.js 200 293.49µs
2026/04/20 07:10:21 Servidor encerrando...
2026/04/20 07:11:37 Certificado TLS auto-assinado gerado (localhost, válido 1 ano)
2026/04/20 07:11:37 HTTP em http://localhost:5571
2026/04/20 07:11:37 HTTPS em https://localhost:5572
2026/04/20 07:11:45 http: TLS handshake error from [::1]:55338: remote error: tls: unknown certificate
2026/04/20 07:11:53 http: TLS handshake error from [::1]:50662: remote error: tls: unknown certificate
2026/04/20 07:11:53 http: TLS handshake error from [::1]:50666: remote error: tls: unknown certificate
2026/04/20 07:11:55 http: TLS handshake error from [::1]:50678: remote error: tls: unknown certificate
2026/04/20 07:11:55 http: TLS handshake error from [::1]:50690: remote error: tls: unknown certificate
2026/04/20 07:11:55 GET / 200 6.637718ms
2026/04/20 07:11:55 GET /style.css 200 337.426µs
2026/04/20 07:11:55 GET /script.js 200 428.419µs
2026/04/20 07:11:57 GET / 200 972.063µs
2026/04/20 07:11:57 GET /style.css 200 403.807µs
2026/04/20 07:11:57 GET /script.js 200 416.309µs
2026/04/20 07:11:59 GET / 200 878.594µs
2026/04/20 07:11:59 GET /style.css 200 497.72µs
2026/04/20 07:11:59 GET /script.js 200 339.631µs
2026/04/20 07:12:01 GET / 200 1.030997ms
2026/04/20 07:12:01 GET /style.css 200 955.409µs
2026/04/20 07:12:01 GET /script.js 200 695.167µs
2026/04/20 07:12:03 AVISO: API sem token configurado — defina api_token no config.json
2026/04/20 07:12:03 GET / 200 1.112609ms
2026/04/20 07:12:03 GET /style.css 200 3.409756ms
2026/04/20 07:12:03 GET /script.js 200 3.49742ms
2026/04/20 07:12:05 GET / 200 1.445536ms
2026/04/20 07:12:05 GET /style.css 200 251.055µs
2026/04/20 07:12:05 GET /script.js 200 218.189µs
2026/04/20 07:12:07 GET / 200 484.686µs
2026/04/20 07:12:07 GET /style.css 200 310.356µs
2026/04/20 07:12:07 GET /script.js 200 370.565µs
2026/04/20 07:12:09 GET / 200 466.792µs
2026/04/20 07:12:09 GET /style.css 200 443.949µs
2026/04/20 07:12:09 GET /script.js 200 480.003µs
2026/04/20 07:12:11 GET / 200 531.135µs
2026/04/20 07:12:11 GET /style.css 200 511.92µs
2026/04/20 07:12:11 GET /script.js 200 549.988µs
2026/04/20 07:12:13 GET / 200 1.127739ms
2026/04/20 07:12:13 GET /style.css 200 318.528µs
2026/04/20 07:12:13 GET /script.js 200 423.986µs
2026/04/20 07:12:14 Servidor encerrando...
